ISO-10303-21;
HEADER;
/* Generated by software containing ST-Developer
 * from STEP Tools, Inc. (www.steptools.com) 
 */

FILE_DESCRIPTION(
/* description */ (''),
/* implementation_level */ '2;1');

FILE_NAME(
/* name */ 'Bauteilzufuehrung_Abdeckung.stp',
/* time_stamp */ '2026-03-07T11:05:22+01:00',
/* author */ ('neume'),
/* organization */ (''),
/* preprocessor_version */ 'ST-DEVELOPER v20.1',
/* originating_system */ 'Autodesk Inventor 2026',
/* authorisation */ '');

FILE_SCHEMA (('AUTOMOTIVE_DESIGN { 1 0 10303 214 3 1 1 }'));
ENDSEC;

DATA;
#10=MECHANICAL_DESIGN_GEOMETRIC_PRESENTATION_REPRESENTATION('',(#13,#14,
#15),#3686);
#11=SHAPE_REPRESENTATION_RELATIONSHIP('SRR','None',#3693,#12);
#12=ADVANCED_BREP_SHAPE_REPRESENTATION('',(#16,#17,#18),#3685);
#13=STYLED_ITEM('',(#3703),#16);
#14=STYLED_ITEM('',(#3703),#17);
#15=STYLED_ITEM('',(#3703),#18);
#16=MANIFOLD_SOLID_BREP('Volumenk\X\F6rper1',#2235);
#17=MANIFOLD_SOLID_BREP('Volumenk\X\F6rper2',#2236);
#18=MANIFOLD_SOLID_BREP('Volumenk\X\F6rper3',#2237);
#19=FACE_BOUND('',#268,.T.);
#20=FACE_BOUND('',#269,.T.);
#21=FACE_BOUND('',#270,.T.);
#22=FACE_BOUND('',#271,.T.);
#23=FACE_BOUND('',#273,.T.);
#24=FACE_BOUND('',#289,.T.);
#25=FACE_BOUND('',#290,.T.);
#26=FACE_BOUND('',#291,.T.);
#27=FACE_BOUND('',#292,.T.);
#28=FACE_BOUND('',#302,.T.);
#29=FACE_BOUND('',#304,.T.);
#30=FACE_BOUND('',#306,.T.);
#31=FACE_BOUND('',#327,.T.);
#32=FACE_BOUND('',#328,.T.);
#33=FACE_BOUND('',#329,.T.);
#34=FACE_BOUND('',#331,.T.);
#35=FACE_BOUND('',#332,.T.);
#36=FACE_BOUND('',#333,.T.);
#37=FACE_BOUND('',#335,.T.);
#38=FACE_BOUND('',#337,.T.);
#39=FACE_BOUND('',#378,.T.);
#40=FACE_BOUND('',#379,.T.);
#41=FACE_BOUND('',#398,.T.);
#42=FACE_BOUND('',#399,.T.);
#43=FACE_BOUND('',#401,.T.);
#44=FACE_BOUND('',#403,.T.);
#45=CYLINDRICAL_SURFACE('',#2264,2.25);
#46=CYLINDRICAL_SURFACE('',#2281,5.25);
#47=CYLINDRICAL_SURFACE('',#2296,2.25);
#48=CYLINDRICAL_SURFACE('',#2298,2.25);
#49=CYLINDRICAL_SURFACE('',#2300,2.25);
#50=CYLINDRICAL_SURFACE('',#2315,5.25);
#51=CYLINDRICAL_SURFACE('',#2316,5.25);
#52=CYLINDRICAL_SURFACE('',#2317,5.25);
#53=CYLINDRICAL_SURFACE('',#2331,11.5);
#54=CYLINDRICAL_SURFACE('',#2348,2.25);
#55=CYLINDRICAL_SURFACE('',#2350,2.25);
#56=CYLINDRICAL_SURFACE('',#2352,5.25);
#57=CYLINDRICAL_SURFACE('',#2354,5.25);
#58=CYLINDRICAL_SURFACE('',#2373,4.);
#59=CYLINDRICAL_SURFACE('',#2381,4.);
#60=CYLINDRICAL_SURFACE('',#2404,4.);
#61=CYLINDRICAL_SURFACE('',#2407,4.);
#62=CYLINDRICAL_SURFACE('',#2418,2.25);
#63=CYLINDRICAL_SURFACE('',#2420,2.25);
#64=CYLINDRICAL_SURFACE('',#2434,5.25);
#65=CYLINDRICAL_SURFACE('',#2435,5.25);
#66=CIRCLE('',#2262,2.25);
#67=CIRCLE('',#2263,4.44999999999999);
#68=CIRCLE('',#2265,2.25);
#69=CIRCLE('',#2267,4.44999999999999);
#70=CIRCLE('',#2268,4.44999999999999);
#71=CIRCLE('',#2269,4.44999999999999);
#72=CIRCLE('',#2271,5.25);
#73=CIRCLE('',#2276,2.25);
#74=CIRCLE('',#2278,2.25);
#75=CIRCLE('',#2280,2.25);
#76=CIRCLE('',#2282,5.25);
#77=CIRCLE('',#2291,5.69264068711927);
#78=CIRCLE('',#2292,5.69264068711927);
#79=CIRCLE('',#2293,5.69264068711927);
#80=CIRCLE('',#2294,5.69264068711927);
#81=CIRCLE('',#2297,2.25);
#82=CIRCLE('',#2299,2.25);
#83=CIRCLE('',#2301,2.25);
#84=CIRCLE('',#2304,5.25);
#85=CIRCLE('',#2306,5.25);
#86=CIRCLE('',#2308,5.25);
#87=CIRCLE('',#2310,5.25);
#88=CIRCLE('',#2312,5.25);
#89=CIRCLE('',#2314,5.25);
#90=CIRCLE('',#2332,11.5);
#91=CIRCLE('',#2333,11.5);
#92=CIRCLE('',#2337,4.44999999999999);
#93=CIRCLE('',#2338,4.44999999999999);
#94=CIRCLE('',#2340,5.69264068711927);
#95=CIRCLE('',#2341,5.69264068711927);
#96=CIRCLE('',#2343,5.25);
#97=CIRCLE('',#2344,2.25);
#98=CIRCLE('',#2346,5.25);
#99=CIRCLE('',#2347,2.25);
#100=CIRCLE('',#2349,2.25);
#101=CIRCLE('',#2351,2.25);
#102=CIRCLE('',#2353,5.25);
#103=CIRCLE('',#2355,5.25);
#104=CIRCLE('',#2371,4.);
#105=CIRCLE('',#2372,4.);
#106=CIRCLE('',#2374,4.);
#107=CIRCLE('',#2377,4.);
#108=CIRCLE('',#2394,4.);
#109=CIRCLE('',#2395,4.);
#110=CIRCLE('',#2398,4.44999999999999);
#111=CIRCLE('',#2399,4.44999999999999);
#112=CIRCLE('',#2405,4.);
#113=CIRCLE('',#2408,4.);
#114=CIRCLE('',#2412,2.25);
#115=CIRCLE('',#2414,2.25);
#116=CIRCLE('',#2419,2.25);
#117=CIRCLE('',#2421,2.25);
#118=CIRCLE('',#2424,5.69264068711927);
#119=CIRCLE('',#2425,5.69264068711927);
#120=CIRCLE('',#2427,5.25);
#121=CIRCLE('',#2429,5.25);
#122=CIRCLE('',#2431,5.25);
#123=CIRCLE('',#2433,5.25);
#124=CONICAL_SURFACE('',#2261,2.25,0.785398163397449);
#125=CONICAL_SURFACE('',#2275,2.25,0.785398163397449);
#126=CONICAL_SURFACE('',#2277,2.25,0.785398163397449);
#127=CONICAL_SURFACE('',#2279,2.25,0.785398163397449);
#128=CONICAL_SURFACE('',#2302,4.37132034355964,0.785398163397449);
#129=CONICAL_SURFACE('',#2303,4.37132034355964,0.785398163397449);
#130=CONICAL_SURFACE('',#2305,4.37132034355964,0.785398163397449);
#131=CONICAL_SURFACE('',#2307,4.37132034355964,0.785398163397449);
#132=CONICAL_SURFACE('',#2356,2.25,0.785398163397449);
#133=CONICAL_SURFACE('',#2357,2.25,0.785398163397449);
#134=CONICAL_SURFACE('',#2358,4.37132034355964,0.785398163397449);
#135=CONICAL_SURFACE('',#2359,4.37132034355964,0.785398163397449);
#136=CONICAL_SURFACE('',#2411,2.25,0.785398163397449);
#137=CONICAL_SURFACE('',#2413,2.25,0.785398163397449);
#138=CONICAL_SURFACE('',#2430,4.37132034355964,0.785398163397449);
#139=CONICAL_SURFACE('',#2432,4.37132034355964,0.785398163397449);
#140=FACE_OUTER_BOUND('',#264,.T.);
#141=FACE_OUTER_BOUND('',#265,.T.);
#142=FACE_OUTER_BOUND('',#266,.T.);
#143=FACE_OUTER_BOUND('',#267,.T.);
#144=FACE_OUTER_BOUND('',#272,.T.);
#145=FACE_OUTER_BOUND('',#274,.T.);
#146=FACE_OUTER_BOUND('',#275,.T.);
#147=FACE_OUTER_BOUND('',#276,.T.);
#148=FACE_OUTER_BOUND('',#277,.T.);
#149=FACE_OUTER_BOUND('',#278,.T.);
#150=FACE_OUTER_BOUND('',#279,.T.);
#151=FACE_OUTER_BOUND('',#280,.T.);
#152=FACE_OUTER_BOUND('',#281,.T.);
#153=FACE_OUTER_BOUND('',#282,.T.);
#154=FACE_OUTER_BOUND('',#283,.T.);
#155=FACE_OUTER_BOUND('',#284,.T.);
#156=FACE_OUTER_BOUND('',#285,.T.);
#157=FACE_OUTER_BOUND('',#286,.T.);
#158=FACE_OUTER_BOUND('',#287,.T.);
#159=FACE_OUTER_BOUND('',#288,.T.);
#160=FACE_OUTER_BOUND('',#293,.T.);
#161=FACE_OUTER_BOUND('',#294,.T.);
#162=FACE_OUTER_BOUND('',#295,.T.);
#163=FACE_OUTER_BOUND('',#296,.T.);
#164=FACE_OUTER_BOUND('',#297,.T.);
#165=FACE_OUTER_BOUND('',#298,.T.);
#166=FACE_OUTER_BOUND('',#299,.T.);
#167=FACE_OUTER_BOUND('',#300,.T.);
#168=FACE_OUTER_BOUND('',#301,.T.);
#169=FACE_OUTER_BOUND('',#303,.T.);
#170=FACE_OUTER_BOUND('',#305,.T.);
#171=FACE_OUTER_BOUND('',#307,.T.);
#172=FACE_OUTER_BOUND('',#308,.T.);
#173=FACE_OUTER_BOUND('',#309,.T.);
#174=FACE_OUTER_BOUND('',#310,.T.);
#175=FACE_OUTER_BOUND('',#311,.T.);
#176=FACE_OUTER_BOUND('',#312,.T.);
#177=FACE_OUTER_BOUND('',#313,.T.);
#178=FACE_OUTER_BOUND('',#314,.T.);
#179=FACE_OUTER_BOUND('',#315,.T.);
#180=FACE_OUTER_BOUND('',#316,.T.);
#181=FACE_OUTER_BOUND('',#317,.T.);
#182=FACE_OUTER_BOUND('',#318,.T.);
#183=FACE_OUTER_BOUND('',#319,.T.);
#184=FACE_OUTER_BOUND('',#320,.T.);
#185=FACE_OUTER_BOUND('',#321,.T.);
#186=FACE_OUTER_BOUND('',#322,.T.);
#187=FACE_OUTER_BOUND('',#323,.T.);
#188=FACE_OUTER_BOUND('',#324,.T.);
#189=FACE_OUTER_BOUND('',#325,.T.);
#190=FACE_OUTER_BOUND('',#326,.T.);
#191=FACE_OUTER_BOUND('',#330,.T.);
#192=FACE_OUTER_BOUND('',#334,.T.);
#193=FACE_OUTER_BOUND('',#336,.T.);
#194=FACE_OUTER_BOUND('',#338,.T.);
#195=FACE_OUTER_BOUND('',#339,.T.);
#196=FACE_OUTER_BOUND('',#340,.T.);
#197=FACE_OUTER_BOUND('',#341,.T.);
#198=FACE_OUTER_BOUND('',#342,.T.);
#199=FACE_OUTER_BOUND('',#343,.T.);
#200=FACE_OUTER_BOUND('',#344,.T.);
#201=FACE_OUTER_BOUND('',#345,.T.);
#202=FACE_OUTER_BOUND('',#346,.T.);
#203=FACE_OUTER_BOUND('',#347,.T.);
#204=FACE_OUTER_BOUND('',#348,.T.);
#205=FACE_OUTER_BOUND('',#349,.T.);
#206=FACE_OUTER_BOUND('',#350,.T.);
#207=FACE_OUTER_BOUND('',#351,.T.);
#208=FACE_OUTER_BOUND('',#352,.T.);
#209=FACE_OUTER_BOUND('',#353,.T.);
#210=FACE_OUTER_BOUND('',#354,.T.);
#211=FACE_OUTER_BOUND('',#355,.T.);
#212=FACE_OUTER_BOUND('',#356,.T.);
#213=FACE_OUTER_BOUND('',#357,.T.);
#214=FACE_OUTER_BOUND('',#358,.T.);
#215=FACE_OUTER_BOUND('',#359,.T.);
#216=FACE_OUTER_BOUND('',#360,.T.);
#217=FACE_OUTER_BOUND('',#361,.T.);
#218=FACE_OUTER_BOUND('',#362,.T.);
#219=FACE_OUTER_BOUND('',#363,.T.);
#220=FACE_OUTER_BOUND('',#364,.T.);
#221=FACE_OUTER_BOUND('',#365,.T.);
#222=FACE_OUTER_BOUND('',#366,.T.);
#223=FACE_OUTER_BOUND('',#367,.T.);
#224=FACE_OUTER_BOUND('',#368,.T.);
#225=FACE_OUTER_BOUND('',#369,.T.);
#226=FACE_OUTER_BOUND('',#370,.T.);
#227=FACE_OUTER_BOUND('',#371,.T.);
#228=FACE_OUTER_BOUND('',#372,.T.);
#229=FACE_OUTER_BOUND('',#373,.T.);
#230=FACE_OUTER_BOUND('',#374,.T.);
#231=FACE_OUTER_BOUND('',#375,.T.);
#232=FACE_OUTER_BOUND('',#376,.T.);
#233=FACE_OUTER_BOUND('',#377,.T.);
#234=FACE_OUTER_BOUND('',#380,.T.);
#235=FACE_OUTER_BOUND('',#381,.T.);
#236=FACE_OUTER_BOUND('',#382,.T.);
#237=FACE_OUTER_BOUND('',#383,.T.);
#238=FACE_OUTER_BOUND('',#384,.T.);
#239=FACE_OUTER_BOUND('',#385,.T.);
#240=FACE_OUTER_BOUND('',#386,.T.);
#241=FACE_OUTER_BOUND('',#387,.T.);
#242=FACE_OUTER_BOUND('',#388,.T.);
#243=FACE_OUTER_BOUND('',#389,.T.);
#244=FACE_OUTER_BOUND('',#390,.T.);
#245=FACE_OUTER_BOUND('',#391,.T.);
#246=FACE_OUTER_BOUND('',#392,.T.);
#247=FACE_OUTER_BOUND('',#393,.T.);
#248=FACE_OUTER_BOUND('',#394,.T.);
#249=FACE_OUTER_BOUND('',#395,.T.);
#250=FACE_OUTER_BOUND('',#396,.T.);
#251=FACE_OUTER_BOUND('',#397,.T.);
#252=FACE_OUTER_BOUND('',#400,.T.);
#253=FACE_OUTER_BOUND('',#402,.T.);
#254=FACE_OUTER_BOUND('',#404,.T.);
#255=FACE_OUTER_BOUND('',#405,.T.);
#256=FACE_OUTER_BOUND('',#406,.T.);
#257=FACE_OUTER_BOUND('',#407,.T.);
#258=FACE_OUTER_BOUND('',#408,.T.);
#259=FACE_OUTER_BOUND('',#409,.T.);
#260=FACE_OUTER_BOUND('',#410,.T.);
#261=FACE_OUTER_BOUND('',#411,.T.);
#262=FACE_OUTER_BOUND('',#412,.T.);
#263=FACE_OUTER_BOUND('',#413,.T.);
#264=EDGE_LOOP('',(#1412,#1413,#1414,#1415,#1416,#1417,#1418,#1419,#1420,
#1421,#1422,#1423,#1424,#1425,#1426,#1427));
#265=EDGE_LOOP('',(#1428,#1429,#1430,#1431));
#266=EDGE_LOOP('',(#1432,#1433,#1434,#1435));
#267=EDGE_LOOP('',(#1436,#1437,#1438,#1439));
#268=EDGE_LOOP('',(#1440));
#269=EDGE_LOOP('',(#1441));
#270=EDGE_LOOP('',(#1442));
#271=EDGE_LOOP('',(#1443));
#272=EDGE_LOOP('',(#1444));
#273=EDGE_LOOP('',(#1445));
#274=EDGE_LOOP('',(#1446,#1447,#1448,#1449));
#275=EDGE_LOOP('',(#1450,#1451,#1452,#1453,#1454,#1455,#1456,#1457,#1458,
#1459,#1460,#1461,#1462,#1463,#1464,#1465));
#276=EDGE_LOOP('',(#1466,#1467,#1468,#1469));
#277=EDGE_LOOP('',(#1470,#1471,#1472,#1473));
#278=EDGE_LOOP('',(#1474,#1475,#1476,#1477));
#279=EDGE_LOOP('',(#1478,#1479,#1480,#1481));
#280=EDGE_LOOP('',(#1482,#1483,#1484,#1485));
#281=EDGE_LOOP('',(#1486,#1487,#1488,#1489));
#282=EDGE_LOOP('',(#1490,#1491,#1492,#1493,#1494,#1495,#1496,#1497));
#283=EDGE_LOOP('',(#1498,#1499,#1500,#1501,#1502,#1503,#1504,#1505));
#284=EDGE_LOOP('',(#1506,#1507,#1508,#1509));
#285=EDGE_LOOP('',(#1510,#1511,#1512,#1513,#1514,#1515,#1516,#1517));
#286=EDGE_LOOP('',(#1518,#1519,#1520,#1521,#1522,#1523,#1524,#1525));
#287=EDGE_LOOP('',(#1526,#1527,#1528,#1529));
#288=EDGE_LOOP('',(#1530,#1531,#1532,#1533));
#289=EDGE_LOOP('',(#1534));
#290=EDGE_LOOP('',(#1535));
#291=EDGE_LOOP('',(#1536));
#292=EDGE_LOOP('',(#1537));
#293=EDGE_LOOP('',(#1538,#1539,#1540,#1541));
#294=EDGE_LOOP('',(#1542,#1543,#1544,#1545));
#295=EDGE_LOOP('',(#1546,#1547,#1548,#1549));
#296=EDGE_LOOP('',(#1550,#1551,#1552,#1553));
#297=EDGE_LOOP('',(#1554,#1555,#1556,#1557));
#298=EDGE_LOOP('',(#1558,#1559,#1560,#1561));
#299=EDGE_LOOP('',(#1562,#1563,#1564,#1565));
#300=EDGE_LOOP('',(#1566,#1567,#1568,#1569));
#301=EDGE_LOOP('',(#1570));
#302=EDGE_LOOP('',(#1571));
#303=EDGE_LOOP('',(#1572));
#304=EDGE_LOOP('',(#1573));
#305=EDGE_LOOP('',(#1574));
#306=EDGE_LOOP('',(#1575));
#307=EDGE_LOOP('',(#1576,#1577,#1578,#1579));
#308=EDGE_LOOP('',(#1580,#1581,#1582,#1583));
#309=EDGE_LOOP('',(#1584,#1585,#1586,#1587));
#310=EDGE_LOOP('',(#1588,#1589,#1590,#1591));
#311=EDGE_LOOP('',(#1592,#1593,#1594,#1595));
#312=EDGE_LOOP('',(#1596,#1597,#1598,#1599));
#313=EDGE_LOOP('',(#1600,#1601,#1602,#1603));
#314=EDGE_LOOP('',(#1604,#1605,#1606,#1607));
#315=EDGE_LOOP('',(#1608,#1609,#1610,#1611));
#316=EDGE_LOOP('',(#1612,#1613,#1614,#1615));
#317=EDGE_LOOP('',(#1616,#1617,#1618,#1619));
#318=EDGE_LOOP('',(#1620,#1621,#1622,#1623));
#319=EDGE_LOOP('',(#1624,#1625,#1626,#1627));
#320=EDGE_LOOP('',(#1628,#1629,#1630,#1631));
#321=EDGE_LOOP('',(#1632,#1633,#1634,#1635));
#322=EDGE_LOOP('',(#1636,#1637,#1638,#1639));
#323=EDGE_LOOP('',(#1640,#1641,#1642,#1643));
#324=EDGE_LOOP('',(#1644,#1645,#1646,#1647));
#325=EDGE_LOOP('',(#1648,#1649,#1650,#1651));
#326=EDGE_LOOP('',(#1652,#1653,#1654,#1655));
#327=EDGE_LOOP('',(#1656,#1657,#1658,#1659));
#328=EDGE_LOOP('',(#1660));
#329=EDGE_LOOP('',(#1661));
#330=EDGE_LOOP('',(#1662,#1663,#1664,#1665));
#331=EDGE_LOOP('',(#1666,#1667,#1668,#1669));
#332=EDGE_LOOP('',(#1670));
#333=EDGE_LOOP('',(#1671));
#334=EDGE_LOOP('',(#1672));
#335=EDGE_LOOP('',(#1673));
#336=EDGE_LOOP('',(#1674));
#337=EDGE_LOOP('',(#1675));
#338=EDGE_LOOP('',(#1676,#1677,#1678,#1679));
#339=EDGE_LOOP('',(#1680,#1681,#1682,#1683));
#340=EDGE_LOOP('',(#1684,#1685,#1686,#1687));
#341=EDGE_LOOP('',(#1688,#1689,#1690,#1691));
#342=EDGE_LOOP('',(#1692,#1693,#1694,#1695));
#343=EDGE_LOOP('',(#1696,#1697,#1698,#1699));
#344=EDGE_LOOP('',(#1700,#1701,#1702,#1703));
#345=EDGE_LOOP('',(#1704,#1705,#1706,#1707));
#346=EDGE_LOOP('',(#1708,#1709,#1710,#1711));
#347=EDGE_LOOP('',(#1712,#1713,#1714,#1715));
#348=EDGE_LOOP('',(#1716,#1717,#1718,#1719,#1720,#1721));
#349=EDGE_LOOP('',(#1722,#1723,#1724,#1725,#1726,#1727));
#350=EDGE_LOOP('',(#1728,#1729,#1730,#1731,#1732,#1733));
#351=EDGE_LOOP('',(#1734,#1735,#1736,#1737));
#352=EDGE_LOOP('',(#1738,#1739,#1740,#1741));
#353=EDGE_LOOP('',(#1742,#1743,#1744,#1745));
#354=EDGE_LOOP('',(#1746,#1747,#1748,#1749,#1750,#1751,#1752,#1753));
#355=EDGE_LOOP('',(#1754,#1755,#1756,#1757));
#356=EDGE_LOOP('',(#1758,#1759,#1760,#1761,#1762,#1763));
#357=EDGE_LOOP('',(#1764,#1765,#1766,#1767));
#358=EDGE_LOOP('',(#1768,#1769,#1770,#1771));
#359=EDGE_LOOP('',(#1772,#1773,#1774,#1775,#1776,#1777,#1778,#1779,#1780,
#1781));
#360=EDGE_LOOP('',(#1782,#1783,#1784,#1785,#1786,#1787));
#361=EDGE_LOOP('',(#1788,#1789,#1790,#1791,#1792,#1793));
#362=EDGE_LOOP('',(#1794,#1795,#1796,#1797,#1798,#1799,#1800,#1801,#1802,
#1803,#1804,#1805));
#363=EDGE_LOOP('',(#1806,#1807,#1808,#1809));
#364=EDGE_LOOP('',(#1810,#1811,#1812,#1813,#1814,#1815,#1816,#1817));
#365=EDGE_LOOP('',(#1818,#1819,#1820,#1821,#1822,#1823));
#366=EDGE_LOOP('',(#1824,#1825,#1826,#1827));
#367=EDGE_LOOP('',(#1828,#1829,#1830,#1831));
#368=EDGE_LOOP('',(#1832,#1833,#1834,#1835));
#369=EDGE_LOOP('',(#1836,#1837,#1838,#1839));
#370=EDGE_LOOP('',(#1840,#1841,#1842,#1843));
#371=EDGE_LOOP('',(#1844,#1845,#1846,#1847));
#372=EDGE_LOOP('',(#1848,#1849,#1850,#1851,#1852,#1853,#1854,#1855,#1856,
#1857,#1858,#1859,#1860,#1861,#1862,#1863));
#373=EDGE_LOOP('',(#1864,#1865,#1866,#1867));
#374=EDGE_LOOP('',(#1868,#1869,#1870,#1871));
#375=EDGE_LOOP('',(#1872,#1873,#1874,#1875,#1876,#1877,#1878,#1879,#1880,
#1881));
#376=EDGE_LOOP('',(#1882,#1883,#1884,#1885));
#377=EDGE_LOOP('',(#1886,#1887,#1888,#1889));
#378=EDGE_LOOP('',(#1890));
#379=EDGE_LOOP('',(#1891));
#380=EDGE_LOOP('',(#1892,#1893,#1894,#1895));
#381=EDGE_LOOP('',(#1896,#1897,#1898,#1899));
#382=EDGE_LOOP('',(#1900,#1901,#1902,#1903,#1904,#1905));
#383=EDGE_LOOP('',(#1906,#1907,#1908,#1909,#1910,#1911,#1912,#1913));
#384=EDGE_LOOP('',(#1914,#1915,#1916,#1917));
#385=EDGE_LOOP('',(#1918,#1919,#1920,#1921));
#386=EDGE_LOOP('',(#1922,#1923,#1924,#1925));
#387=EDGE_LOOP('',(#1926,#1927,#1928,#1929,#1930,#1931,#1932,#1933));
#388=EDGE_LOOP('',(#1934,#1935,#1936,#1937,#1938,#1939));
#389=EDGE_LOOP('',(#1940,#1941,#1942,#1943));
#390=EDGE_LOOP('',(#1944,#1945,#1946,#1947));
#391=EDGE_LOOP('',(#1948,#1949,#1950,#1951,#1952,#1953));
#392=EDGE_LOOP('',(#1954,#1955,#1956,#1957));
#393=EDGE_LOOP('',(#1958,#1959,#1960,#1961));
#394=EDGE_LOOP('',(#1962,#1963,#1964,#1965));
#395=EDGE_LOOP('',(#1966,#1967,#1968,#1969));
#396=EDGE_LOOP('',(#1970,#1971,#1972,#1973));
#397=EDGE_LOOP('',(#1974,#1975,#1976,#1977));
#398=EDGE_LOOP('',(#1978));
#399=EDGE_LOOP('',(#1979));
#400=EDGE_LOOP('',(#1980));
#401=EDGE_LOOP('',(#1981));
#402=EDGE_LOOP('',(#1982));
#403=EDGE_LOOP('',(#1983));
#404=EDGE_LOOP('',(#1984,#1985,#1986,#1987));
#405=EDGE_LOOP('',(#1988,#1989,#1990,#1991));
#406=EDGE_LOOP('',(#1992,#1993,#1994,#1995));
#407=EDGE_LOOP('',(#1996,#1997,#1998,#1999));
#408=EDGE_LOOP('',(#2000,#2001,#2002,#2003));
#409=EDGE_LOOP('',(#2004,#2005,#2006,#2007));
#410=EDGE_LOOP('',(#2008,#2009,#2010,#2011));
#411=EDGE_LOOP('',(#2012,#2013,#2014,#2015));
#412=EDGE_LOOP('',(#2016,#2017,#2018,#2019));
#413=EDGE_LOOP('',(#2020,#2021,#2022,#2023));
#414=LINE('',#3060,#662);
#415=LINE('',#3062,#663);
#416=LINE('',#3064,#664);
#417=LINE('',#3066,#665);
#418=LINE('',#3068,#666);
#419=LINE('',#3070,#667);
#420=LINE('',#3072,#668);
#421=LINE('',#3074,#669);
#422=LINE('',#3076,#670);
#423=LINE('',#3078,#671);
#424=LINE('',#3080,#672);
#425=LINE('',#3082,#673);
#426=LINE('',#3084,#674);
#427=LINE('',#3086,#675);
#428=LINE('',#3088,#676);
#429=LINE('',#3089,#677);
#430=LINE('',#3094,#678);
#431=LINE('',#3098,#679);
#432=LINE('',#3102,#680);
#433=LINE('',#3104,#681);
#434=LINE('',#3105,#682);
#435=LINE('',#3117,#683);
#436=LINE('',#3118,#684);
#437=LINE('',#3122,#685);
#438=LINE('',#3124,#686);
#439=LINE('',#3126,#687);
#440=LINE('',#3128,#688);
#441=LINE('',#3130,#689);
#442=LINE('',#3132,#690);
#443=LINE('',#3134,#691);
#444=LINE('',#3136,#692);
#445=LINE('',#3138,#693);
#446=LINE('',#3140,#694);
#447=LINE('',#3141,#695);
#448=LINE('',#3143,#696);
#449=LINE('',#3145,#697);
#450=LINE('',#3146,#698);
#451=LINE('',#3148,#699);
#452=LINE('',#3152,#700);
#453=LINE('',#3156,#701);
#454=LINE('',#3160,#702);
#455=LINE('',#3163,#703);
#456=LINE('',#3166,#704);
#457=LINE('',#3170,#705);
#458=LINE('',#3172,#706);
#459=LINE('',#3173,#707);
#460=LINE('',#3174,#708);
#461=LINE('',#3176,#709);
#462=LINE('',#3177,#710);
#463=LINE('',#3179,#711);
#464=LINE('',#3181,#712);
#465=LINE('',#3182,#713);
#466=LINE('',#3184,#714);
#467=LINE('',#3185,#715);
#468=LINE('',#3190,#716);
#469=LINE('',#3192,#717);
#470=LINE('',#3193,#718);
#471=LINE('',#3195,#719);
#472=LINE('',#3196,#720);
#473=LINE('',#3198,#721);
#474=LINE('',#3200,#722);
#475=LINE('',#3201,#723);
#476=LINE('',#3203,#724);
#477=LINE('',#3204,#725);
#478=LINE('',#3206,#726);
#479=LINE('',#3208,#727);
#480=LINE('',#3220,#728);
#481=LINE('',#3224,#729);
#482=LINE('',#3228,#730);
#483=LINE('',#3231,#731);
#484=LINE('',#3234,#732);
#485=LINE('',#3238,#733);
#486=LINE('',#3242,#734);
#487=LINE('',#3254,#735);
#488=LINE('',#3256,#736);
#489=LINE('',#3258,#737);
#490=LINE('',#3261,#738);
#491=LINE('',#3262,#739);
#492=LINE('',#3265,#740);
#493=LINE('',#3266,#741);
#494=LINE('',#3268,#742);
#495=LINE('',#3271,#743);
#496=LINE('',#3275,#744);
#497=LINE('',#3276,#745);
#498=LINE('',#3278,#746);
#499=LINE('',#3282,#747);
#500=LINE('',#3283,#748);
#501=LINE('',#3285,#749);
#502=LINE('',#3290,#750);
#503=LINE('',#3292,#751);
#504=LINE('',#3294,#752);
#505=LINE('',#3295,#753);
#506=LINE('',#3299,#754);
#507=LINE('',#3305,#755);
#508=LINE('',#3306,#756);
#509=LINE('',#3307,#757);
#510=LINE('',#3309,#758);
#511=LINE('',#3310,#759);
#512=LINE('',#3314,#760);
#513=LINE('',#3316,#761);
#514=LINE('',#3318,#762);
#515=LINE('',#3319,#763);
#516=LINE('',#3327,#764);
#517=LINE('',#3329,#765);
#518=LINE('',#3331,#766);
#519=LINE('',#3332,#767);
#520=LINE('',#3350,#768);
#521=LINE('',#3354,#769);
#522=LINE('',#3357,#770);
#523=LINE('',#3361,#771);
#524=LINE('',#3364,#772);
#525=LINE('',#3366,#773);
#526=LINE('',#3368,#774);
#527=LINE('',#3370,#775);
#528=LINE('',#3373,#776);
#529=LINE('',#3375,#777);
#530=LINE('',#3376,#778);
#531=LINE('',#3379,#779);
#532=LINE('',#3381,#780);
#533=LINE('',#3382,#781);
#534=LINE('',#3386,#782);
#535=LINE('',#3388,#783);
#536=LINE('',#3390,#784);
#537=LINE('',#3392,#785);
#538=LINE('',#3394,#786);
#539=LINE('',#3395,#787);
#540=LINE('',#3399,#788);
#541=LINE('',#3401,#789);
#542=LINE('',#3403,#790);
#543=LINE('',#3405,#791);
#544=LINE('',#3407,#792);
#545=LINE('',#3408,#793);
#546=LINE('',#3410,#794);
#547=LINE('',#3412,#795);
#548=LINE('',#3413,#796);
#549=LINE('',#3414,#797);
#550=LINE('',#3416,#798);
#551=LINE('',#3419,#799);
#552=LINE('',#3420,#800);
#553=LINE('',#3423,#801);
#554=LINE('',#3424,#802);
#555=LINE('',#3427,#803);
#556=LINE('',#3428,#804);
#557=LINE('',#3429,#805);
#558=LINE('',#3431,#806);
#559=LINE('',#3432,#807);
#560=LINE('',#3435,#808);
#561=LINE('',#3436,#809);
#562=LINE('',#3439,#810);
#563=LINE('',#3443,#811);
#564=LINE('',#3448,#812);
#565=LINE('',#3451,#813);
#566=LINE('',#3452,#814);
#567=LINE('',#3457,#815);
#568=LINE('',#3459,#816);
#569=LINE('',#3460,#817);
#570=LINE('',#3463,#818);
#571=LINE('',#3465,#819);
#572=LINE('',#3467,#820);
#573=LINE('',#3469,#821);
#574=LINE('',#3470,#822);
#575=LINE('',#3474,#823);
#576=LINE('',#3475,#824);
#577=LINE('',#3476,#825);
#578=LINE('',#3479,#826);
#579=LINE('',#3480,#827);
#580=LINE('',#3482,#828);
#581=LINE('',#3485,#829);
#582=LINE('',#3486,#830);
#583=LINE('',#3489,#831);
#584=LINE('',#3491,#832);
#585=LINE('',#3492,#833);
#586=LINE('',#3494,#834);
#587=LINE('',#3496,#835);
#588=LINE('',#3498,#836);
#589=LINE('',#3501,#837);
#590=LINE('',#3506,#838);
#591=LINE('',#3508,#839);
#592=LINE('',#3510,#840);
#593=LINE('',#3512,#841);
#594=LINE('',#3514,#842);
#595=LINE('',#3516,#843);
#596=LINE('',#3518,#844);
#597=LINE('',#3520,#845);
#598=LINE('',#3522,#846);
#599=LINE('',#3524,#847);
#600=LINE('',#3526,#848);
#601=LINE('',#3528,#849);
#602=LINE('',#3530,#850);
#603=LINE('',#3532,#851);
#604=LINE('',#3534,#852);
#605=LINE('',#3535,#853);
#606=LINE('',#3539,#854);
#607=LINE('',#3541,#855);
#608=LINE('',#3543,#856);
#609=LINE('',#3544,#857);
#610=LINE('',#3546,#858);
#611=LINE('',#3547,#859);
#612=LINE('',#3553,#860);
#613=LINE('',#3557,#861);
#614=LINE('',#3559,#862);
#615=LINE('',#3560,#863);
#616=LINE('',#3562,#864);
#617=LINE('',#3564,#865);
#618=LINE('',#3565,#866);
#619=LINE('',#3567,#867);
#620=LINE('',#3568,#868);
#621=LINE('',#3575,#869);
#622=LINE('',#3577,#870);
#623=LINE('',#3580,#871);
#624=LINE('',#3582,#872);
#625=LINE('',#3583,#873);
#626=LINE('',#3586,#874);
#627=LINE('',#3588,#875);
#628=LINE('',#3589,#876);
#629=LINE('',#3591,#877);
#630=LINE('',#3592,#878);
#631=LINE('',#3596,#879);
#632=LINE('',#3599,#880);
#633=LINE('',#3600,#881);
#634=LINE('',#3604,#882);
#635=LINE('',#3607,#883);
#636=LINE('',#3609,#884);
#637=LINE('',#3610,#885);
#638=LINE('',#3612,#886);
#639=LINE('',#3613,#887);
#640=LINE('',#3616,#888);
#641=LINE('',#3617,#889);
#642=LINE('',#3621,#890);
#643=LINE('',#3625,#891);
#644=LINE('',#3627,#892);
#645=LINE('',#3630,#893);
#646=LINE('',#3631,#894);
#647=LINE('',#3634,#895);
#648=LINE('',#3635,#896);
#649=LINE('',#3638,#897);
#650=LINE('',#3642,#898);
#651=LINE('',#3645,#899);
#652=LINE('',#3659,#900);
#653=LINE('',#3663,#901);
#654=LINE('',#3666,#902);
#655=LINE('',#3668,#903);
#656=LINE('',#3671,#904);
#657=LINE('',#3672,#905);
#658=LINE('',#3674,#906);
#659=LINE('',#3678,#907);
#660=LINE('',#3679,#908);
#661=LINE('',#3681,#909);
#662=VECTOR('',#2446,1.);
#663=VECTOR('',#2447,1.);
#664=VECTOR('',#2448,1.);
#665=VECTOR('',#2449,1.);
#666=VECTOR('',#2450,1.);
#667=VECTOR('',#2451,1.);
#668=VECTOR('',#2452,1.);
#669=VECTOR('',#2453,1.);
#670=VECTOR('',#2454,1.);
#671=VECTOR('',#2455,1.);
#672=VECTOR('',#2456,1.);
#673=VECTOR('',#2457,1.);
#674=VECTOR('',#2458,1.);
#675=VECTOR('',#2459,1.);
#676=VECTOR('',#2460,1.);
#677=VECTOR('',#2461,1.);
#678=VECTOR('',#2466,2.25);
#679=VECTOR('',#2471,2.25);
#680=VECTOR('',#2476,1.);
#681=VECTOR('',#2477,1.);
#682=VECTOR('',#2478,1.);
#683=VECTOR('',#2491,1.);
#684=VECTOR('',#2492,1.);
#685=VECTOR('',#2495,1.);
#686=VECTOR('',#2496,1.);
#687=VECTOR('',#2497,1.);
#688=VECTOR('',#2498,1.);
#689=VECTOR('',#2499,1.);
#690=VECTOR('',#2500,1.);
#691=VECTOR('',#2501,1.);
#692=VECTOR('',#2502,1.);
#693=VECTOR('',#2503,1.);
#694=VECTOR('',#2504,1.);
#695=VECTOR('',#2505,1.);
#696=VECTOR('',#2506,1.);
#697=VECTOR('',#2507,1.);
#698=VECTOR('',#2508,1.);
#699=VECTOR('',#2511,1.);
#700=VECTOR('',#2516,2.25);
#701=VECTOR('',#2521,2.25);
#702=VECTOR('',#2526,2.25);
#703=VECTOR('',#2529,5.25);
#704=VECTOR('',#2534,1.);
#705=VECTOR('',#2537,1.);
#706=VECTOR('',#2538,1.);
#707=VECTOR('',#2539,1.);
#708=VECTOR('',#2540,1.);
#709=VECTOR('',#2541,1.);
#710=VECTOR('',#2542,1.);
#711=VECTOR('',#2545,1.);
#712=VECTOR('',#2546,1.);
#713=VECTOR('',#2547,1.);
#714=VECTOR('',#2548,1.);
#715=VECTOR('',#2549,1.);
#716=VECTOR('',#2554,1.);
#717=VECTOR('',#2555,1.);
#718=VECTOR('',#2556,1.);
#719=VECTOR('',#2557,1.);
#720=VECTOR('',#2558,1.);
#721=VECTOR('',#2561,1.);
#722=VECTOR('',#2562,1.);
#723=VECTOR('',#2563,1.);
#724=VECTOR('',#2564,1.);
#725=VECTOR('',#2565,1.);
#726=VECTOR('',#2568,1.);
#727=VECTOR('',#2571,1.);
#728=VECTOR('',#2584,2.25);
#729=VECTOR('',#2589,2.25);
#730=VECTOR('',#2594,2.25);
#731=VECTOR('',#2599,4.37132034355964);
#732=VECTOR('',#2602,4.37132034355964);
#733=VECTOR('',#2607,4.37132034355964);
#734=VECTOR('',#2612,4.37132034355964);
#735=VECTOR('',#2629,5.25);
#736=VECTOR('',#2632,5.25);
#737=VECTOR('',#2635,5.25);
#738=VECTOR('',#2638,1.);
#739=VECTOR('',#2639,1.);
#740=VECTOR('',#2642,1.);
#741=VECTOR('',#2643,1.);
#742=VECTOR('',#2646,1.);
#743=VECTOR('',#2651,1.);
#744=VECTOR('',#2656,1.);
#745=VECTOR('',#2657,1.);
#746=VECTOR('',#2660,1.);
#747=VECTOR('',#2665,1.);
#748=VECTOR('',#2666,1.);
#749=VECTOR('',#2669,1.);
#750=VECTOR('',#2674,1.);
#751=VECTOR('',#2675,1.);
#752=VECTOR('',#2676,1.);
#753=VECTOR('',#2677,1.);
#754=VECTOR('',#2680,1.);
#755=VECTOR('',#2687,1.);
#756=VECTOR('',#2688,1.);
#757=VECTOR('',#2689,1.);
#758=VECTOR('',#2692,1.);
#759=VECTOR('',#2693,1.);
#760=VECTOR('',#2696,1.);
#761=VECTOR('',#2697,1.);
#762=VECTOR('',#2698,1.);
#763=VECTOR('',#2699,1.);
#764=VECTOR('',#2706,1.);
#765=VECTOR('',#2707,1.);
#766=VECTOR('',#2708,1.);
#767=VECTOR('',#2709,1.);
#768=VECTOR('',#2730,2.25);
#769=VECTOR('',#2735,2.25);
#770=VECTOR('',#2738,5.25);
#771=VECTOR('',#2743,5.25);
#772=VECTOR('',#2748,2.25);
#773=VECTOR('',#2751,2.25);
#774=VECTOR('',#2754,4.37132034355964);
#775=VECTOR('',#2757,4.37132034355964);
#776=VECTOR('',#2760,1.);
#777=VECTOR('',#2761,1.);
#778=VECTOR('',#2762,1.);
#779=VECTOR('',#2765,1.);
#780=VECTOR('',#2766,1.);
#781=VECTOR('',#2767,1.);
#782=VECTOR('',#2770,1.);
#783=VECTOR('',#2771,1.);
#784=VECTOR('',#2772,1.);
#785=VECTOR('',#2773,1.);
#786=VECTOR('',#2774,1.);
#787=VECTOR('',#2775,1.);
#788=VECTOR('',#2778,1.);
#789=VECTOR('',#2779,1.);
#790=VECTOR('',#2780,1.);
#791=VECTOR('',#2781,1.);
#792=VECTOR('',#2782,1.);
#793=VECTOR('',#2783,1.);
#794=VECTOR('',#2786,1.);
#795=VECTOR('',#2787,1.);
#796=VECTOR('',#2788,1.);
#797=VECTOR('',#2789,1.);
#798=VECTOR('',#2792,1.);
#799=VECTOR('',#2795,1.);
#800=VECTOR('',#2796,1.);
#801=VECTOR('',#2799,1.);
#802=VECTOR('',#2800,1.);
#803=VECTOR('',#2803,1.);
#804=VECTOR('',#2804,1.);
#805=VECTOR('',#2805,1.);
#806=VECTOR('',#2806,1.);
#807=VECTOR('',#2807,1.);
#808=VECTOR('',#2810,1.);
#809=VECTOR('',#2811,1.);
#810=VECTOR('',#2814,1.);
#811=VECTOR('',#2817,1.);
#812=VECTOR('',#2824,1.);
#813=VECTOR('',#2827,1.);
#814=VECTOR('',#2828,1.);
#815=VECTOR('',#2833,1.);
#816=VECTOR('',#2834,1.);
#817=VECTOR('',#2835,1.);
#818=VECTOR('',#2838,1.);
#819=VECTOR('',#2839,1.);
#820=VECTOR('',#2840,1.);
#821=VECTOR('',#2841,1.);
#822=VECTOR('',#2842,1.);
#823=VECTOR('',#2845,1.);
#824=VECTOR('',#2846,1.);
#825=VECTOR('',#2847,1.);
#826=VECTOR('',#2850,1.);
#827=VECTOR('',#2851,1.);
#828=VECTOR('',#2854,1.);
#829=VECTOR('',#2857,1.);
#830=VECTOR('',#2858,1.);
#831=VECTOR('',#2861,1.);
#832=VECTOR('',#2862,1.);
#833=VECTOR('',#2863,1.);
#834=VECTOR('',#2866,1.);
#835=VECTOR('',#2869,1.);
#836=VECTOR('',#2872,1.);
#837=VECTOR('',#2877,1.);
#838=VECTOR('',#2882,1.);
#839=VECTOR('',#2883,1.);
#840=VECTOR('',#2884,1.);
#841=VECTOR('',#2885,1.);
#842=VECTOR('',#2886,1.);
#843=VECTOR('',#2887,1.);
#844=VECTOR('',#2888,1.);
#845=VECTOR('',#2889,1.);
#846=VECTOR('',#2890,1.);
#847=VECTOR('',#2891,1.);
#848=VECTOR('',#2892,1.);
#849=VECTOR('',#2893,1.);
#850=VECTOR('',#2894,1.);
#851=VECTOR('',#2895,1.);
#852=VECTOR('',#2896,1.);
#853=VECTOR('',#2897,1.);
#854=VECTOR('',#2900,1.);
#855=VECTOR('',#2901,1.);
#856=VECTOR('',#2902,1.);
#857=VECTOR('',#2903,1.);
#858=VECTOR('',#2906,1.);
#859=VECTOR('',#2907,1.);
#860=VECTOR('',#2912,1.);
#861=VECTOR('',#2915,1.);
#862=VECTOR('',#2916,1.);
#863=VECTOR('',#2917,1.);
#864=VECTOR('',#2918,1.);
#865=VECTOR('',#2919,1.);
#866=VECTOR('',#2920,1.);
#867=VECTOR('',#2923,1.);
#868=VECTOR('',#2924,1.);
#869=VECTOR('',#2933,1.);
#870=VECTOR('',#2936,1.);
#871=VECTOR('',#2939,1.);
#872=VECTOR('',#2940,1.);
#873=VECTOR('',#2941,1.);
#874=VECTOR('',#2944,1.);
#875=VECTOR('',#2945,1.);
#876=VECTOR('',#2946,1.);
#877=VECTOR('',#2947,1.);
#878=VECTOR('',#2948,1.);
#879=VECTOR('',#2953,1.);
#880=VECTOR('',#2956,1.);
#881=VECTOR('',#2957,1.);
#882=VECTOR('',#2962,1.);
#883=VECTOR('',#2965,1.);
#884=VECTOR('',#2966,1.);
#885=VECTOR('',#2967,1.);
#886=VECTOR('',#2968,1.);
#887=VECTOR('',#2969,1.);
#888=VECTOR('',#2972,1.);
#889=VECTOR('',#2973,1.);
#890=VECTOR('',#2978,2.25);
#891=VECTOR('',#2983,2.25);
#892=VECTOR('',#2986,1.);
#893=VECTOR('',#2989,1.);
#894=VECTOR('',#2990,1.);
#895=VECTOR('',#2993,1.);
#896=VECTOR('',#2994,1.);
#897=VECTOR('',#2997,2.25);
#898=VECTOR('',#3002,2.25);
#899=VECTOR('',#3007,1.);
#900=VECTOR('',#3024,4.37132034355964);
#901=VECTOR('',#3029,4.37132034355964);
#902=VECTOR('',#3034,5.25);
#903=VECTOR('',#3037,5.25);
#904=VECTOR('',#3040,1.);
#905=VECTOR('',#3041,1.);
#906=VECTOR('',#3044,1.);
#907=VECTOR('',#3049,1.);
#908=VECTOR('',#3050,1.);
#909=VECTOR('',#3053,1.);
#910=VERTEX_POINT('',#3058);
#911=VERTEX_POINT('',#3059);
#912=VERTEX_POINT('',#3061);
#913=VERTEX_POINT('',#3063);
#914=VERTEX_POINT('',#3065);
#915=VERTEX_POINT('',#3067);
#916=VERTEX_POINT('',#3069);
#917=VERTEX_POINT('',#3071);
#918=VERTEX_POINT('',#3073);
#919=VERTEX_POINT('',#3075);
#920=VERTEX_POINT('',#3077);
#921=VERTEX_POINT('',#3079);
#922=VERTEX_POINT('',#3081);
#923=VERTEX_POINT('',#3083);
#924=VERTEX_POINT('',#3085);
#925=VERTEX_POINT('',#3087);
#926=VERTEX_POINT('',#3091);
#927=VERTEX_POINT('',#3093);
#928=VERTEX_POINT('',#3097);
#929=VERTEX_POINT('',#3101);
#930=VERTEX_POINT('',#3103);
#931=VERTEX_POINT('',#3106);
#932=VERTEX_POINT('',#3108);
#933=VERTEX_POINT('',#3110);
#934=VERTEX_POINT('',#3113);
#935=VERTEX_POINT('',#3116);
#936=VERTEX_POINT('',#3120);
#937=VERTEX_POINT('',#3121);
#938=VERTEX_POINT('',#3123);
#939=VERTEX_POINT('',#3125);
#940=VERTEX_POINT('',#3127);
#941=VERTEX_POINT('',#3129);
#942=VERTEX_POINT('',#3131);
#943=VERTEX_POINT('',#3133);
#944=VERTEX_POINT('',#3135);
#945=VERTEX_POINT('',#3137);
#946=VERTEX_POINT('',#3139);
#947=VERTEX_POINT('',#3142);
#948=VERTEX_POINT('',#3144);
#949=VERTEX_POINT('',#3150);
#950=VERTEX_POINT('',#3154);
#951=VERTEX_POINT('',#3158);
#952=VERTEX_POINT('',#3162);
#953=VERTEX_POINT('',#3168);
#954=VERTEX_POINT('',#3169);
#955=VERTEX_POINT('',#3171);
#956=VERTEX_POINT('',#3175);
#957=VERTEX_POINT('',#3180);
#958=VERTEX_POINT('',#3183);
#959=VERTEX_POINT('',#3188);
#960=VERTEX_POINT('',#3189);
#961=VERTEX_POINT('',#3191);
#962=VERTEX_POINT('',#3194);
#963=VERTEX_POINT('',#3199);
#964=VERTEX_POINT('',#3202);
#965=VERTEX_POINT('',#3209);
#966=VERTEX_POINT('',#3211);
#967=VERTEX_POINT('',#3213);
#968=VERTEX_POINT('',#3215);
#969=VERTEX_POINT('',#3219);
#970=VERTEX_POINT('',#3223);
#971=VERTEX_POINT('',#3227);
#972=VERTEX_POINT('',#3233);
#973=VERTEX_POINT('',#3237);
#974=VERTEX_POINT('',#3241);
#975=VERTEX_POINT('',#3245);
#976=VERTEX_POINT('',#3248);
#977=VERTEX_POINT('',#3251);
#978=VERTEX_POINT('',#3260);
#979=VERTEX_POINT('',#3264);
#980=VERTEX_POINT('',#3274);
#981=VERTEX_POINT('',#3281);
#982=VERTEX_POINT('',#3288);
#983=VERTEX_POINT('',#3289);
#984=VERTEX_POINT('',#3291);
#985=VERTEX_POINT('',#3293);
#986=VERTEX_POINT('',#3297);
#987=VERTEX_POINT('',#3298);
#988=VERTEX_POINT('',#3303);
#989=VERTEX_POINT('',#3304);
#990=VERTEX_POINT('',#3312);
#991=VERTEX_POINT('',#3313);
#992=VERTEX_POINT('',#3315);
#993=VERTEX_POINT('',#3317);
#994=VERTEX_POINT('',#3320);
#995=VERTEX_POINT('',#3322);
#996=VERTEX_POINT('',#3325);
#997=VERTEX_POINT('',#3326);
#998=VERTEX_POINT('',#3328);
#999=VERTEX_POINT('',#3330);
#1000=VERTEX_POINT('',#3333);
#1001=VERTEX_POINT('',#3335);
#1002=VERTEX_POINT('',#3338);
#1003=VERTEX_POINT('',#3340);
#1004=VERTEX_POINT('',#3343);
#1005=VERTEX_POINT('',#3345);
#1006=VERTEX_POINT('',#3348);
#1007=VERTEX_POINT('',#3352);
#1008=VERTEX_POINT('',#3356);
#1009=VERTEX_POINT('',#3360);
#1010=VERTEX_POINT('',#3372);
#1011=VERTEX_POINT('',#3374);
#1012=VERTEX_POINT('',#3378);
#1013=VERTEX_POINT('',#3380);
#1014=VERTEX_POINT('',#3384);
#1015=VERTEX_POINT('',#3385);
#1016=VERTEX_POINT('',#3387);
#1017=VERTEX_POINT('',#3389);
#1018=VERTEX_POINT('',#3391);
#1019=VERTEX_POINT('',#3393);
#1020=VERTEX_POINT('',#3397);
#1021=VERTEX_POINT('',#3398);
#1022=VERTEX_POINT('',#3400);
#1023=VERTEX_POINT('',#3402);
#1024=VERTEX_POINT('',#3404);
#1025=VERTEX_POINT('',#3406);
#1026=VERTEX_POINT('',#3411);
#1027=VERTEX_POINT('',#3418);
#1028=VERTEX_POINT('',#3422);
#1029=VERTEX_POINT('',#3426);
#1030=VERTEX_POINT('',#3430);
#1031=VERTEX_POINT('',#3434);
#1032=VERTEX_POINT('',#3438);
#1033=VERTEX_POINT('',#3440);
#1034=VERTEX_POINT('',#3442);
#1035=VERTEX_POINT('',#3446);
#1036=VERTEX_POINT('',#3450);
#1037=VERTEX_POINT('',#3454);
#1038=VERTEX_POINT('',#3456);
#1039=VERTEX_POINT('',#3458);
#1040=VERTEX_POINT('',#3462);
#1041=VERTEX_POINT('',#3464);
#1042=VERTEX_POINT('',#3466);
#1043=VERTEX_POINT('',#3468);
#1044=VERTEX_POINT('',#3472);
#1045=VERTEX_POINT('',#3473);
#1046=VERTEX_POINT('',#3478);
#1047=VERTEX_POINT('',#3484);
#1048=VERTEX_POINT('',#3488);
#1049=VERTEX_POINT('',#3490);
#1050=VERTEX_POINT('',#3504);
#1051=VERTEX_POINT('',#3505);
#1052=VERTEX_POINT('',#3507);
#1053=VERTEX_POINT('',#3509);
#1054=VERTEX_POINT('',#3511);
#1055=VERTEX_POINT('',#3513);
#1056=VERTEX_POINT('',#3515);
#1057=VERTEX_POINT('',#3517);
#1058=VERTEX_POINT('',#3519);
#1059=VERTEX_POINT('',#3521);
#1060=VERTEX_POINT('',#3523);
#1061=VERTEX_POINT('',#3525);
#1062=VERTEX_POINT('',#3527);
#1063=VERTEX_POINT('',#3529);
#1064=VERTEX_POINT('',#3531);
#1065=VERTEX_POINT('',#3533);
#1066=VERTEX_POINT('',#3537);
#1067=VERTEX_POINT('',#3538);
#1068=VERTEX_POINT('',#3540);
#1069=VERTEX_POINT('',#3542);
#1070=VERTEX_POINT('',#3549);
#1071=VERTEX_POINT('',#3550);
#1072=VERTEX_POINT('',#3552);
#1073=VERTEX_POINT('',#3554);
#1074=VERTEX_POINT('',#3556);
#1075=VERTEX_POINT('',#3558);
#1076=VERTEX_POINT('',#3561);
#1077=VERTEX_POINT('',#3563);
#1078=VERTEX_POINT('',#3570);
#1079=VERTEX_POINT('',#3572);
#1080=VERTEX_POINT('',#3579);
#1081=VERTEX_POINT('',#3581);
#1082=VERTEX_POINT('',#3585);
#1083=VERTEX_POINT('',#3587);
#1084=VERTEX_POINT('',#3590);
#1085=VERTEX_POINT('',#3594);
#1086=VERTEX_POINT('',#3598);
#1087=VERTEX_POINT('',#3602);
#1088=VERTEX_POINT('',#3606);
#1089=VERTEX_POINT('',#3608);
#1090=VERTEX_POINT('',#3611);
#1091=VERTEX_POINT('',#3615);
#1092=VERTEX_POINT('',#3619);
#1093=VERTEX_POINT('',#3623);
#1094=VERTEX_POINT('',#3629);
#1095=VERTEX_POINT('',#3633);
#1096=VERTEX_POINT('',#3637);
#1097=VERTEX_POINT('',#3641);
#1098=VERTEX_POINT('',#3647);
#1099=VERTEX_POINT('',#3649);
#1100=VERTEX_POINT('',#3652);
#1101=VERTEX_POINT('',#3655);
#1102=VERTEX_POINT('',#3658);
#1103=VERTEX_POINT('',#3662);
#1104=VERTEX_POINT('',#3670);
#1105=VERTEX_POINT('',#3677);
#1106=EDGE_CURVE('',#910,#911,#414,.T.);
#1107=EDGE_CURVE('',#911,#912,#415,.T.);
#1108=EDGE_CURVE('',#913,#912,#416,.T.);
#1109=EDGE_CURVE('',#914,#913,#417,.T.);
#1110=EDGE_CURVE('',#914,#915,#418,.T.);
#1111=EDGE_CURVE('',#915,#916,#419,.T.);
#1112=EDGE_CURVE('',#917,#916,#420,.T.);
#1113=EDGE_CURVE('',#917,#918,#421,.T.);
#1114=EDGE_CURVE('',#918,#919,#422,.T.);
#1115=EDGE_CURVE('',#919,#920,#423,.T.);
#1116=EDGE_CURVE('',#920,#921,#424,.T.);
#1117=EDGE_CURVE('',#922,#921,#425,.T.);
#1118=EDGE_CURVE('',#922,#923,#426,.T.);
#1119=EDGE_CURVE('',#923,#924,#427,.T.);
#1120=EDGE_CURVE('',#924,#925,#428,.T.);
#1121=EDGE_CURVE('',#925,#910,#429,.T.);
#1122=EDGE_CURVE('',#926,#926,#66,.T.);
#1123=EDGE_CURVE('',#926,#927,#430,.T.);
#1124=EDGE_CURVE('',#927,#927,#67,.T.);
#1125=EDGE_CURVE('',#926,#928,#431,.T.);
#1126=EDGE_CURVE('',#928,#928,#68,.T.);
#1127=EDGE_CURVE('',#929,#920,#432,.T.);
#1128=EDGE_CURVE('',#929,#930,#433,.T.);
#1129=EDGE_CURVE('',#930,#921,#434,.T.);
#1130=EDGE_CURVE('',#931,#931,#69,.T.);
#1131=EDGE_CURVE('',#932,#932,#70,.T.);
#1132=EDGE_CURVE('',#933,#933,#71,.T.);
#1133=EDGE_CURVE('',#934,#934,#72,.T.);
#1134=EDGE_CURVE('',#935,#919,#435,.T.);
#1135=EDGE_CURVE('',#935,#929,#436,.T.);
#1136=EDGE_CURVE('',#936,#937,#437,.T.);
#1137=EDGE_CURVE('',#938,#936,#438,.T.);
#1138=EDGE_CURVE('',#938,#939,#439,.T.);
#1139=EDGE_CURVE('',#939,#940,#440,.T.);
#1140=EDGE_CURVE('',#941,#940,#441,.T.);
#1141=EDGE_CURVE('',#942,#941,#442,.T.);
#1142=EDGE_CURVE('',#943,#942,#443,.T.);
#1143=EDGE_CURVE('',#944,#943,#444,.T.);
#1144=EDGE_CURVE('',#945,#944,#445,.T.);
#1145=EDGE_CURVE('',#946,#945,#446,.T.);
#1146=EDGE_CURVE('',#946,#930,#447,.T.);
#1147=EDGE_CURVE('',#947,#935,#448,.T.);
#1148=EDGE_CURVE('',#948,#947,#449,.T.);
#1149=EDGE_CURVE('',#948,#937,#450,.T.);
#1150=EDGE_CURVE('',#946,#922,#451,.T.);
#1151=EDGE_CURVE('',#949,#949,#73,.T.);
#1152=EDGE_CURVE('',#949,#931,#452,.T.);
#1153=EDGE_CURVE('',#950,#950,#74,.T.);
#1154=EDGE_CURVE('',#950,#932,#453,.T.);
#1155=EDGE_CURVE('',#951,#951,#75,.T.);
#1156=EDGE_CURVE('',#951,#933,#454,.T.);
#1157=EDGE_CURVE('',#934,#952,#455,.T.);
#1158=EDGE_CURVE('',#952,#952,#76,.T.);
#1159=EDGE_CURVE('',#947,#918,#456,.T.);
#1160=EDGE_CURVE('',#953,#954,#457,.T.);
#1161=EDGE_CURVE('',#953,#955,#458,.T.);
#1162=EDGE_CURVE('',#955,#942,#459,.T.);
#1163=EDGE_CURVE('',#941,#911,#460,.T.);
#1164=EDGE_CURVE('',#956,#910,#461,.T.);
#1165=EDGE_CURVE('',#954,#956,#462,.T.);
#1166=EDGE_CURVE('',#945,#923,#463,.T.);
#1167=EDGE_CURVE('',#944,#957,#464,.T.);
#1168=EDGE_CURVE('',#953,#957,#465,.T.);
#1169=EDGE_CURVE('',#954,#958,#466,.T.);
#1170=EDGE_CURVE('',#924,#958,#467,.T.);
#1171=EDGE_CURVE('',#959,#960,#468,.T.);
#1172=EDGE_CURVE('',#961,#959,#469,.T.);
#1173=EDGE_CURVE('',#948,#961,#470,.T.);
#1174=EDGE_CURVE('',#917,#962,#471,.T.);
#1175=EDGE_CURVE('',#962,#960,#472,.T.);
#1176=EDGE_CURVE('',#938,#914,#473,.T.);
#1177=EDGE_CURVE('',#963,#936,#474,.T.);
#1178=EDGE_CURVE('',#959,#963,#475,.T.);
#1179=EDGE_CURVE('',#960,#964,#476,.T.);
#1180=EDGE_CURVE('',#964,#915,#477,.T.);
#1181=EDGE_CURVE('',#939,#913,#478,.T.);
#1182=EDGE_CURVE('',#940,#912,#479,.T.);
#1183=EDGE_CURVE('',#965,#965,#77,.T.);
#1184=EDGE_CURVE('',#966,#966,#78,.T.);
#1185=EDGE_CURVE('',#967,#967,#79,.T.);
#1186=EDGE_CURVE('',#968,#968,#80,.T.);
#1187=EDGE_CURVE('',#949,#969,#480,.T.);
#1188=EDGE_CURVE('',#969,#969,#81,.T.);
#1189=EDGE_CURVE('',#950,#970,#481,.T.);
#1190=EDGE_CURVE('',#970,#970,#82,.T.);
#1191=EDGE_CURVE('',#951,#971,#482,.T.);
#1192=EDGE_CURVE('',#971,#971,#83,.T.);
#1193=EDGE_CURVE('',#965,#952,#483,.T.);
#1194=EDGE_CURVE('',#966,#972,#484,.T.);
#1195=EDGE_CURVE('',#972,#972,#84,.T.);
#1196=EDGE_CURVE('',#967,#973,#485,.T.);
#1197=EDGE_CURVE('',#973,#973,#85,.T.);
#1198=EDGE_CURVE('',#968,#974,#486,.T.);
#1199=EDGE_CURVE('',#974,#974,#86,.T.);
#1200=EDGE_CURVE('',#975,#975,#87,.T.);
#1201=EDGE_CURVE('',#976,#976,#88,.T.);
#1202=EDGE_CURVE('',#977,#977,#89,.T.);
#1203=EDGE_CURVE('',#975,#972,#487,.T.);
#1204=EDGE_CURVE('',#976,#973,#488,.T.);
#1205=EDGE_CURVE('',#977,#974,#489,.T.);
#1206=EDGE_CURVE('',#937,#978,#490,.T.);
#1207=EDGE_CURVE('',#978,#963,#491,.T.);
#1208=EDGE_CURVE('',#943,#979,#492,.T.);
#1209=EDGE_CURVE('',#955,#979,#493,.T.);
#1210=EDGE_CURVE('',#957,#979,#494,.T.);
#1211=EDGE_CURVE('',#961,#978,#495,.T.);
#1212=EDGE_CURVE('',#925,#980,#496,.T.);
#1213=EDGE_CURVE('',#956,#980,#497,.T.);
#1214=EDGE_CURVE('',#958,#980,#498,.T.);
#1215=EDGE_CURVE('',#981,#964,#499,.T.);
#1216=EDGE_CURVE('',#916,#981,#500,.T.);
#1217=EDGE_CURVE('',#962,#981,#501,.T.);
#1218=EDGE_CURVE('',#982,#983,#502,.T.);
#1219=EDGE_CURVE('',#983,#984,#503,.T.);
#1220=EDGE_CURVE('',#985,#984,#504,.T.);
#1221=EDGE_CURVE('',#982,#985,#505,.T.);
#1222=EDGE_CURVE('',#986,#987,#506,.T.);
#1223=EDGE_CURVE('',#983,#987,#90,.T.);
#1224=EDGE_CURVE('',#982,#986,#91,.T.);
#1225=EDGE_CURVE('',#988,#989,#507,.T.);
#1226=EDGE_CURVE('',#988,#985,#508,.T.);
#1227=EDGE_CURVE('',#989,#984,#509,.T.);
#1228=EDGE_CURVE('',#989,#987,#510,.T.);
#1229=EDGE_CURVE('',#988,#986,#511,.T.);
#1230=EDGE_CURVE('',#990,#991,#512,.T.);
#1231=EDGE_CURVE('',#990,#992,#513,.T.);
#1232=EDGE_CURVE('',#992,#993,#514,.T.);
#1233=EDGE_CURVE('',#991,#993,#515,.T.);
#1234=EDGE_CURVE('',#994,#994,#92,.T.);
#1235=EDGE_CURVE('',#995,#995,#93,.T.);
#1236=EDGE_CURVE('',#996,#997,#516,.T.);
#1237=EDGE_CURVE('',#997,#998,#517,.T.);
#1238=EDGE_CURVE('',#999,#998,#518,.T.);
#1239=EDGE_CURVE('',#996,#999,#519,.T.);
#1240=EDGE_CURVE('',#1000,#1000,#94,.T.);
#1241=EDGE_CURVE('',#1001,#1001,#95,.T.);
#1242=EDGE_CURVE('',#1002,#1002,#96,.T.);
#1243=EDGE_CURVE('',#1003,#1003,#97,.T.);
#1244=EDGE_CURVE('',#1004,#1004,#98,.T.);
#1245=EDGE_CURVE('',#1005,#1005,#99,.T.);
#1246=EDGE_CURVE('',#1006,#1006,#100,.T.);
#1247=EDGE_CURVE('',#1006,#1003,#520,.T.);
#1248=EDGE_CURVE('',#1007,#1007,#101,.T.);
#1249=EDGE_CURVE('',#1007,#1005,#521,.T.);
#1250=EDGE_CURVE('',#1002,#1008,#522,.T.);
#1251=EDGE_CURVE('',#1008,#1008,#102,.T.);
#1252=EDGE_CURVE('',#1004,#1009,#523,.T.);
#1253=EDGE_CURVE('',#1009,#1009,#103,.T.);
#1254=EDGE_CURVE('',#1006,#995,#524,.T.);
#1255=EDGE_CURVE('',#1007,#994,#525,.T.);
#1256=EDGE_CURVE('',#1001,#1008,#526,.T.);
#1257=EDGE_CURVE('',#1000,#1009,#527,.T.);
#1258=EDGE_CURVE('',#999,#1010,#528,.T.);
#1259=EDGE_CURVE('',#1011,#1010,#529,.T.);
#1260=EDGE_CURVE('',#996,#1011,#530,.T.);
#1261=EDGE_CURVE('',#1012,#992,#531,.T.);
#1262=EDGE_CURVE('',#1013,#990,#532,.T.);
#1263=EDGE_CURVE('',#1013,#1012,#533,.T.);
#1264=EDGE_CURVE('',#1014,#1015,#534,.T.);
#1265=EDGE_CURVE('',#1015,#1016,#535,.T.);
#1266=EDGE_CURVE('',#1016,#1017,#536,.T.);
#1267=EDGE_CURVE('',#1017,#1018,#537,.T.);
#1268=EDGE_CURVE('',#1018,#1019,#538,.T.);
#1269=EDGE_CURVE('',#1014,#1019,#539,.T.);
#1270=EDGE_CURVE('',#1020,#1021,#540,.T.);
#1271=EDGE_CURVE('',#1022,#1020,#541,.T.);
#1272=EDGE_CURVE('',#1023,#1022,#542,.T.);
#1273=EDGE_CURVE('',#1024,#1023,#543,.T.);
#1274=EDGE_CURVE('',#1024,#1025,#544,.T.);
#1275=EDGE_CURVE('',#1025,#1021,#545,.T.);
#1276=EDGE_CURVE('',#1018,#1013,#546,.T.);
#1277=EDGE_CURVE('',#1013,#1026,#547,.T.);
#1278=EDGE_CURVE('',#1026,#1025,#548,.T.);
#1279=EDGE_CURVE('',#1019,#1024,#549,.T.);
#1280=EDGE_CURVE('',#1026,#991,#550,.T.);
#1281=EDGE_CURVE('',#1012,#1027,#551,.T.);
#1282=EDGE_CURVE('',#993,#1027,#552,.T.);
#1283=EDGE_CURVE('',#1011,#1028,#553,.T.);
#1284=EDGE_CURVE('',#1028,#997,#554,.T.);
#1285=EDGE_CURVE('',#1029,#1017,#555,.T.);
#1286=EDGE_CURVE('',#1016,#1020,#556,.T.);
#1287=EDGE_CURVE('',#1028,#1021,#557,.T.);
#1288=EDGE_CURVE('',#1011,#1030,#558,.T.);
#1289=EDGE_CURVE('',#1029,#1030,#559,.T.);
#1290=EDGE_CURVE('',#998,#1031,#560,.T.);
#1291=EDGE_CURVE('',#1010,#1031,#561,.T.);
#1292=EDGE_CURVE('',#1032,#1010,#562,.T.);
#1293=EDGE_CURVE('',#1032,#1033,#104,.T.);
#1294=EDGE_CURVE('',#1034,#1033,#563,.T.);
#1295=EDGE_CURVE('',#1034,#1030,#105,.T.);
#1296=EDGE_CURVE('',#1035,#1029,#106,.T.);
#1297=EDGE_CURVE('',#1035,#1034,#564,.T.);
#1298=EDGE_CURVE('',#1036,#1033,#565,.T.);
#1299=EDGE_CURVE('',#1036,#1035,#566,.T.);
#1300=EDGE_CURVE('',#1037,#1036,#107,.T.);
#1301=EDGE_CURVE('',#1038,#1037,#567,.T.);
#1302=EDGE_CURVE('',#1039,#1038,#568,.T.);
#1303=EDGE_CURVE('',#1012,#1039,#569,.T.);
#1304=EDGE_CURVE('',#1039,#1040,#570,.T.);
#1305=EDGE_CURVE('',#1041,#1038,#571,.T.);
#1306=EDGE_CURVE('',#1041,#1042,#572,.T.);
#1307=EDGE_CURVE('',#1043,#1042,#573,.T.);
#1308=EDGE_CURVE('',#1040,#1043,#574,.T.);
#1309=EDGE_CURVE('',#1044,#1045,#575,.T.);
#1310=EDGE_CURVE('',#1027,#1045,#576,.T.);
#1311=EDGE_CURVE('',#1044,#1040,#577,.T.);
#1312=EDGE_CURVE('',#1046,#1045,#578,.T.);
#1313=EDGE_CURVE('',#1031,#1046,#579,.T.);
#1314=EDGE_CURVE('',#1037,#1032,#580,.T.);
#1315=EDGE_CURVE('',#1047,#1046,#581,.T.);
#1316=EDGE_CURVE('',#1041,#1047,#582,.T.);
#1317=EDGE_CURVE('',#1048,#1044,#583,.T.);
#1318=EDGE_CURVE('',#1048,#1049,#584,.T.);
#1319=EDGE_CURVE('',#1047,#1049,#585,.T.);
#1320=EDGE_CURVE('',#1014,#1023,#586,.T.);
#1321=EDGE_CURVE('',#1043,#1048,#587,.T.);
#1322=EDGE_CURVE('',#1042,#1049,#588,.T.);
#1323=EDGE_CURVE('',#1015,#1022,#589,.T.);
#1324=EDGE_CURVE('',#1050,#1051,#590,.T.);
#1325=EDGE_CURVE('',#1052,#1050,#591,.T.);
#1326=EDGE_CURVE('',#1052,#1053,#592,.T.);
#1327=EDGE_CURVE('',#1054,#1053,#593,.T.);
#1328=EDGE_CURVE('',#1055,#1054,#594,.T.);
#1329=EDGE_CURVE('',#1056,#1055,#595,.T.);
#1330=EDGE_CURVE('',#1057,#1056,#596,.T.);
#1331=EDGE_CURVE('',#1057,#1058,#597,.T.);
#1332=EDGE_CURVE('',#1059,#1058,#598,.T.);
#1333=EDGE_CURVE('',#1060,#1059,#599,.T.);
#1334=EDGE_CURVE('',#1060,#1061,#600,.T.);
#1335=EDGE_CURVE('',#1061,#1062,#601,.T.);
#1336=EDGE_CURVE('',#1063,#1062,#602,.T.);
#1337=EDGE_CURVE('',#1064,#1063,#603,.T.);
#1338=EDGE_CURVE('',#1065,#1064,#604,.T.);
#1339=EDGE_CURVE('',#1051,#1065,#605,.T.);
#1340=EDGE_CURVE('',#1066,#1067,#606,.T.);
#1341=EDGE_CURVE('',#1068,#1067,#607,.T.);
#1342=EDGE_CURVE('',#1069,#1068,#608,.T.);
#1343=EDGE_CURVE('',#1069,#1066,#609,.T.);
#1344=EDGE_CURVE('',#1053,#1066,#610,.T.);
#1345=EDGE_CURVE('',#1052,#1067,#611,.T.);
#1346=EDGE_CURVE('',#1070,#1071,#108,.T.);
#1347=EDGE_CURVE('',#1071,#1072,#612,.T.);
#1348=EDGE_CURVE('',#1072,#1073,#109,.T.);
#1349=EDGE_CURVE('',#1073,#1074,#613,.T.);
#1350=EDGE_CURVE('',#1074,#1075,#614,.T.);
#1351=EDGE_CURVE('',#1075,#1068,#615,.T.);
#1352=EDGE_CURVE('',#1067,#1076,#616,.T.);
#1353=EDGE_CURVE('',#1076,#1077,#617,.T.);
#1354=EDGE_CURVE('',#1077,#1070,#618,.T.);
#1355=EDGE_CURVE('',#1054,#1069,#619,.T.);
#1356=EDGE_CURVE('',#1055,#1068,#620,.T.);
#1357=EDGE_CURVE('',#1078,#1078,#110,.T.);
#1358=EDGE_CURVE('',#1079,#1079,#111,.T.);
#1359=EDGE_CURVE('',#1050,#1076,#621,.T.);
#1360=EDGE_CURVE('',#1056,#1075,#622,.T.);
#1361=EDGE_CURVE('',#1080,#1074,#623,.T.);
#1362=EDGE_CURVE('',#1081,#1080,#624,.T.);
#1363=EDGE_CURVE('',#1057,#1081,#625,.T.);
#1364=EDGE_CURVE('',#1060,#1082,#626,.T.);
#1365=EDGE_CURVE('',#1083,#1059,#627,.T.);
#1366=EDGE_CURVE('',#1080,#1083,#628,.T.);
#1367=EDGE_CURVE('',#1084,#1073,#629,.T.);
#1368=EDGE_CURVE('',#1082,#1084,#630,.T.);
#1369=EDGE_CURVE('',#1085,#1084,#112,.T.);
#1370=EDGE_CURVE('',#1085,#1072,#631,.T.);
#1371=EDGE_CURVE('',#1086,#1085,#632,.T.);
#1372=EDGE_CURVE('',#1086,#1071,#633,.T.);
#1373=EDGE_CURVE('',#1087,#1086,#113,.T.);
#1374=EDGE_CURVE('',#1087,#1070,#634,.T.);
#1375=EDGE_CURVE('',#1088,#1077,#635,.T.);
#1376=EDGE_CURVE('',#1088,#1089,#636,.T.);
#1377=EDGE_CURVE('',#1089,#1064,#637,.T.);
#1378=EDGE_CURVE('',#1063,#1090,#638,.T.);
#1379=EDGE_CURVE('',#1087,#1090,#639,.T.);
#1380=EDGE_CURVE('',#1051,#1091,#640,.T.);
#1381=EDGE_CURVE('',#1088,#1091,#641,.T.);
#1382=EDGE_CURVE('',#1092,#1092,#114,.T.);
#1383=EDGE_CURVE('',#1092,#1078,#642,.T.);
#1384=EDGE_CURVE('',#1093,#1093,#115,.T.);
#1385=EDGE_CURVE('',#1093,#1079,#643,.T.);
#1386=EDGE_CURVE('',#1082,#1090,#644,.T.);
#1387=EDGE_CURVE('',#1061,#1094,#645,.T.);
#1388=EDGE_CURVE('',#1094,#1082,#646,.T.);
#1389=EDGE_CURVE('',#1062,#1095,#647,.T.);
#1390=EDGE_CURVE('',#1095,#1090,#648,.T.);
#1391=EDGE_CURVE('',#1092,#1096,#649,.T.);
#1392=EDGE_CURVE('',#1096,#1096,#116,.T.);
#1393=EDGE_CURVE('',#1093,#1097,#650,.T.);
#1394=EDGE_CURVE('',#1097,#1097,#117,.T.);
#1395=EDGE_CURVE('',#1094,#1095,#651,.T.);
#1396=EDGE_CURVE('',#1098,#1098,#118,.T.);
#1397=EDGE_CURVE('',#1099,#1099,#119,.T.);
#1398=EDGE_CURVE('',#1100,#1100,#120,.T.);
#1399=EDGE_CURVE('',#1101,#1101,#121,.T.);
#1400=EDGE_CURVE('',#1098,#1102,#652,.T.);
#1401=EDGE_CURVE('',#1102,#1102,#122,.T.);
#1402=EDGE_CURVE('',#1099,#1103,#653,.T.);
#1403=EDGE_CURVE('',#1103,#1103,#123,.T.);
#1404=EDGE_CURVE('',#1100,#1102,#654,.T.);
#1405=EDGE_CURVE('',#1101,#1103,#655,.T.);
#1406=EDGE_CURVE('',#1065,#1104,#656,.T.);
#1407=EDGE_CURVE('',#1089,#1104,#657,.T.);
#1408=EDGE_CURVE('',#1091,#1104,#658,.T.);
#1409=EDGE_CURVE('',#1058,#1105,#659,.T.);
#1410=EDGE_CURVE('',#1105,#1083,#660,.T.);
#1411=EDGE_CURVE('',#1081,#1105,#661,.T.);
#1412=ORIENTED_EDGE('',*,*,#1106,.T.);
#1413=ORIENTED_EDGE('',*,*,#1107,.T.);
#1414=ORIENTED_EDGE('',*,*,#1108,.F.);
#1415=ORIENTED_EDGE('',*,*,#1109,.F.);
#1416=ORIENTED_EDGE('',*,*,#1110,.T.);
#1417=ORIENTED_EDGE('',*,*,#1111,.T.);
#1418=ORIENTED_EDGE('',*,*,#1112,.F.);
#1419=ORIENTED_EDGE('',*,*,#1113,.T.);
#1420=ORIENTED_EDGE('',*,*,#1114,.T.);
#1421=ORIENTED_EDGE('',*,*,#1115,.T.);
#1422=ORIENTED_EDGE('',*,*,#1116,.T.);
#1423=ORIENTED_EDGE('',*,*,#1117,.F.);
#1424=ORIENTED_EDGE('',*,*,#1118,.T.);
#1425=ORIENTED_EDGE('',*,*,#1119,.T.);
#1426=ORIENTED_EDGE('',*,*,#1120,.T.);
#1427=ORIENTED_EDGE('',*,*,#1121,.T.);
#1428=ORIENTED_EDGE('',*,*,#1122,.T.);
#1429=ORIENTED_EDGE('',*,*,#1123,.T.);
#1430=ORIENTED_EDGE('',*,*,#1124,.T.);
#1431=ORIENTED_EDGE('',*,*,#1123,.F.);
#1432=ORIENTED_EDGE('',*,*,#1122,.F.);
#1433=ORIENTED_EDGE('',*,*,#1125,.T.);
#1434=ORIENTED_EDGE('',*,*,#1126,.T.);
#1435=ORIENTED_EDGE('',*,*,#1125,.F.);
#1436=ORIENTED_EDGE('',*,*,#1127,.F.);
#1437=ORIENTED_EDGE('',*,*,#1128,.T.);
#1438=ORIENTED_EDGE('',*,*,#1129,.T.);
#1439=ORIENTED_EDGE('',*,*,#1116,.F.);
#1440=ORIENTED_EDGE('',*,*,#1124,.F.);
#1441=ORIENTED_EDGE('',*,*,#1130,.F.);
#1442=ORIENTED_EDGE('',*,*,#1131,.F.);
#1443=ORIENTED_EDGE('',*,*,#1132,.F.);
#1444=ORIENTED_EDGE('',*,*,#1133,.T.);
#1445=ORIENTED_EDGE('',*,*,#1126,.F.);
#1446=ORIENTED_EDGE('',*,*,#1134,.F.);
#1447=ORIENTED_EDGE('',*,*,#1135,.T.);
#1448=ORIENTED_EDGE('',*,*,#1127,.T.);
#1449=ORIENTED_EDGE('',*,*,#1115,.F.);
#1450=ORIENTED_EDGE('',*,*,#1136,.F.);
#1451=ORIENTED_EDGE('',*,*,#1137,.F.);
#1452=ORIENTED_EDGE('',*,*,#1138,.T.);
#1453=ORIENTED_EDGE('',*,*,#1139,.T.);
#1454=ORIENTED_EDGE('',*,*,#1140,.F.);
#1455=ORIENTED_EDGE('',*,*,#1141,.F.);
#1456=ORIENTED_EDGE('',*,*,#1142,.F.);
#1457=ORIENTED_EDGE('',*,*,#1143,.F.);
#1458=ORIENTED_EDGE('',*,*,#1144,.F.);
#1459=ORIENTED_EDGE('',*,*,#1145,.F.);
#1460=ORIENTED_EDGE('',*,*,#1146,.T.);
#1461=ORIENTED_EDGE('',*,*,#1128,.F.);
#1462=ORIENTED_EDGE('',*,*,#1135,.F.);
#1463=ORIENTED_EDGE('',*,*,#1147,.F.);
#1464=ORIENTED_EDGE('',*,*,#1148,.F.);
#1465=ORIENTED_EDGE('',*,*,#1149,.T.);
#1466=ORIENTED_EDGE('',*,*,#1150,.T.);
#1467=ORIENTED_EDGE('',*,*,#1117,.T.);
#1468=ORIENTED_EDGE('',*,*,#1129,.F.);
#1469=ORIENTED_EDGE('',*,*,#1146,.F.);
#1470=ORIENTED_EDGE('',*,*,#1151,.T.);
#1471=ORIENTED_EDGE('',*,*,#1152,.T.);
#1472=ORIENTED_EDGE('',*,*,#1130,.T.);
#1473=ORIENTED_EDGE('',*,*,#1152,.F.);
#1474=ORIENTED_EDGE('',*,*,#1153,.T.);
#1475=ORIENTED_EDGE('',*,*,#1154,.T.);
#1476=ORIENTED_EDGE('',*,*,#1131,.T.);
#1477=ORIENTED_EDGE('',*,*,#1154,.F.);
#1478=ORIENTED_EDGE('',*,*,#1155,.T.);
#1479=ORIENTED_EDGE('',*,*,#1156,.T.);
#1480=ORIENTED_EDGE('',*,*,#1132,.T.);
#1481=ORIENTED_EDGE('',*,*,#1156,.F.);
#1482=ORIENTED_EDGE('',*,*,#1133,.F.);
#1483=ORIENTED_EDGE('',*,*,#1157,.T.);
#1484=ORIENTED_EDGE('',*,*,#1158,.F.);
#1485=ORIENTED_EDGE('',*,*,#1157,.F.);
#1486=ORIENTED_EDGE('',*,*,#1159,.F.);
#1487=ORIENTED_EDGE('',*,*,#1147,.T.);
#1488=ORIENTED_EDGE('',*,*,#1134,.T.);
#1489=ORIENTED_EDGE('',*,*,#1114,.F.);
#1490=ORIENTED_EDGE('',*,*,#1160,.F.);
#1491=ORIENTED_EDGE('',*,*,#1161,.T.);
#1492=ORIENTED_EDGE('',*,*,#1162,.T.);
#1493=ORIENTED_EDGE('',*,*,#1141,.T.);
#1494=ORIENTED_EDGE('',*,*,#1163,.T.);
#1495=ORIENTED_EDGE('',*,*,#1106,.F.);
#1496=ORIENTED_EDGE('',*,*,#1164,.F.);
#1497=ORIENTED_EDGE('',*,*,#1165,.F.);
#1498=ORIENTED_EDGE('',*,*,#1119,.F.);
#1499=ORIENTED_EDGE('',*,*,#1166,.F.);
#1500=ORIENTED_EDGE('',*,*,#1144,.T.);
#1501=ORIENTED_EDGE('',*,*,#1167,.T.);
#1502=ORIENTED_EDGE('',*,*,#1168,.F.);
#1503=ORIENTED_EDGE('',*,*,#1160,.T.);
#1504=ORIENTED_EDGE('',*,*,#1169,.T.);
#1505=ORIENTED_EDGE('',*,*,#1170,.F.);
#1506=ORIENTED_EDGE('',*,*,#1150,.F.);
#1507=ORIENTED_EDGE('',*,*,#1145,.T.);
#1508=ORIENTED_EDGE('',*,*,#1166,.T.);
#1509=ORIENTED_EDGE('',*,*,#1118,.F.);
#1510=ORIENTED_EDGE('',*,*,#1171,.F.);
#1511=ORIENTED_EDGE('',*,*,#1172,.F.);
#1512=ORIENTED_EDGE('',*,*,#1173,.F.);
#1513=ORIENTED_EDGE('',*,*,#1148,.T.);
#1514=ORIENTED_EDGE('',*,*,#1159,.T.);
#1515=ORIENTED_EDGE('',*,*,#1113,.F.);
#1516=ORIENTED_EDGE('',*,*,#1174,.T.);
#1517=ORIENTED_EDGE('',*,*,#1175,.T.);
#1518=ORIENTED_EDGE('',*,*,#1110,.F.);
#1519=ORIENTED_EDGE('',*,*,#1176,.F.);
#1520=ORIENTED_EDGE('',*,*,#1137,.T.);
#1521=ORIENTED_EDGE('',*,*,#1177,.F.);
#1522=ORIENTED_EDGE('',*,*,#1178,.F.);
#1523=ORIENTED_EDGE('',*,*,#1171,.T.);
#1524=ORIENTED_EDGE('',*,*,#1179,.T.);
#1525=ORIENTED_EDGE('',*,*,#1180,.T.);
#1526=ORIENTED_EDGE('',*,*,#1176,.T.);
#1527=ORIENTED_EDGE('',*,*,#1109,.T.);
#1528=ORIENTED_EDGE('',*,*,#1181,.F.);
#1529=ORIENTED_EDGE('',*,*,#1138,.F.);
#1530=ORIENTED_EDGE('',*,*,#1181,.T.);
#1531=ORIENTED_EDGE('',*,*,#1108,.T.);
#1532=ORIENTED_EDGE('',*,*,#1182,.F.);
#1533=ORIENTED_EDGE('',*,*,#1139,.F.);
#1534=ORIENTED_EDGE('',*,*,#1183,.T.);
#1535=ORIENTED_EDGE('',*,*,#1184,.T.);
#1536=ORIENTED_EDGE('',*,*,#1185,.T.);
#1537=ORIENTED_EDGE('',*,*,#1186,.T.);
#1538=ORIENTED_EDGE('',*,*,#1163,.F.);
#1539=ORIENTED_EDGE('',*,*,#1140,.T.);
#1540=ORIENTED_EDGE('',*,*,#1182,.T.);
#1541=ORIENTED_EDGE('',*,*,#1107,.F.);
#1542=ORIENTED_EDGE('',*,*,#1151,.F.);
#1543=ORIENTED_EDGE('',*,*,#1187,.T.);
#1544=ORIENTED_EDGE('',*,*,#1188,.T.);
#1545=ORIENTED_EDGE('',*,*,#1187,.F.);
#1546=ORIENTED_EDGE('',*,*,#1153,.F.);
#1547=ORIENTED_EDGE('',*,*,#1189,.T.);
#1548=ORIENTED_EDGE('',*,*,#1190,.T.);
#1549=ORIENTED_EDGE('',*,*,#1189,.F.);
#1550=ORIENTED_EDGE('',*,*,#1155,.F.);
#1551=ORIENTED_EDGE('',*,*,#1191,.T.);
#1552=ORIENTED_EDGE('',*,*,#1192,.T.);
#1553=ORIENTED_EDGE('',*,*,#1191,.F.);
#1554=ORIENTED_EDGE('',*,*,#1183,.F.);
#1555=ORIENTED_EDGE('',*,*,#1193,.T.);
#1556=ORIENTED_EDGE('',*,*,#1158,.T.);
#1557=ORIENTED_EDGE('',*,*,#1193,.F.);
#1558=ORIENTED_EDGE('',*,*,#1184,.F.);
#1559=ORIENTED_EDGE('',*,*,#1194,.T.);
#1560=ORIENTED_EDGE('',*,*,#1195,.T.);
#1561=ORIENTED_EDGE('',*,*,#1194,.F.);
#1562=ORIENTED_EDGE('',*,*,#1185,.F.);
#1563=ORIENTED_EDGE('',*,*,#1196,.T.);
#1564=ORIENTED_EDGE('',*,*,#1197,.T.);
#1565=ORIENTED_EDGE('',*,*,#1196,.F.);
#1566=ORIENTED_EDGE('',*,*,#1186,.F.);
#1567=ORIENTED_EDGE('',*,*,#1198,.T.);
#1568=ORIENTED_EDGE('',*,*,#1199,.T.);
#1569=ORIENTED_EDGE('',*,*,#1198,.F.);
#1570=ORIENTED_EDGE('',*,*,#1200,.T.);
#1571=ORIENTED_EDGE('',*,*,#1188,.F.);
#1572=ORIENTED_EDGE('',*,*,#1201,.T.);
#1573=ORIENTED_EDGE('',*,*,#1190,.F.);
#1574=ORIENTED_EDGE('',*,*,#1202,.T.);
#1575=ORIENTED_EDGE('',*,*,#1192,.F.);
#1576=ORIENTED_EDGE('',*,*,#1200,.F.);
#1577=ORIENTED_EDGE('',*,*,#1203,.T.);
#1578=ORIENTED_EDGE('',*,*,#1195,.F.);
#1579=ORIENTED_EDGE('',*,*,#1203,.F.);
#1580=ORIENTED_EDGE('',*,*,#1201,.F.);
#1581=ORIENTED_EDGE('',*,*,#1204,.T.);
#1582=ORIENTED_EDGE('',*,*,#1197,.F.);
#1583=ORIENTED_EDGE('',*,*,#1204,.F.);
#1584=ORIENTED_EDGE('',*,*,#1202,.F.);
#1585=ORIENTED_EDGE('',*,*,#1205,.T.);
#1586=ORIENTED_EDGE('',*,*,#1199,.F.);
#1587=ORIENTED_EDGE('',*,*,#1205,.F.);
#1588=ORIENTED_EDGE('',*,*,#1177,.T.);
#1589=ORIENTED_EDGE('',*,*,#1136,.T.);
#1590=ORIENTED_EDGE('',*,*,#1206,.T.);
#1591=ORIENTED_EDGE('',*,*,#1207,.T.);
#1592=ORIENTED_EDGE('',*,*,#1208,.F.);
#1593=ORIENTED_EDGE('',*,*,#1142,.T.);
#1594=ORIENTED_EDGE('',*,*,#1162,.F.);
#1595=ORIENTED_EDGE('',*,*,#1209,.T.);
#1596=ORIENTED_EDGE('',*,*,#1143,.T.);
#1597=ORIENTED_EDGE('',*,*,#1208,.T.);
#1598=ORIENTED_EDGE('',*,*,#1210,.F.);
#1599=ORIENTED_EDGE('',*,*,#1167,.F.);
#1600=ORIENTED_EDGE('',*,*,#1161,.F.);
#1601=ORIENTED_EDGE('',*,*,#1168,.T.);
#1602=ORIENTED_EDGE('',*,*,#1210,.T.);
#1603=ORIENTED_EDGE('',*,*,#1209,.F.);
#1604=ORIENTED_EDGE('',*,*,#1149,.F.);
#1605=ORIENTED_EDGE('',*,*,#1173,.T.);
#1606=ORIENTED_EDGE('',*,*,#1211,.T.);
#1607=ORIENTED_EDGE('',*,*,#1206,.F.);
#1608=ORIENTED_EDGE('',*,*,#1207,.F.);
#1609=ORIENTED_EDGE('',*,*,#1211,.F.);
#1610=ORIENTED_EDGE('',*,*,#1172,.T.);
#1611=ORIENTED_EDGE('',*,*,#1178,.T.);
#1612=ORIENTED_EDGE('',*,*,#1212,.T.);
#1613=ORIENTED_EDGE('',*,*,#1213,.F.);
#1614=ORIENTED_EDGE('',*,*,#1164,.T.);
#1615=ORIENTED_EDGE('',*,*,#1121,.F.);
#1616=ORIENTED_EDGE('',*,*,#1120,.F.);
#1617=ORIENTED_EDGE('',*,*,#1170,.T.);
#1618=ORIENTED_EDGE('',*,*,#1214,.T.);
#1619=ORIENTED_EDGE('',*,*,#1212,.F.);
#1620=ORIENTED_EDGE('',*,*,#1213,.T.);
#1621=ORIENTED_EDGE('',*,*,#1214,.F.);
#1622=ORIENTED_EDGE('',*,*,#1169,.F.);
#1623=ORIENTED_EDGE('',*,*,#1165,.T.);
#1624=ORIENTED_EDGE('',*,*,#1111,.F.);
#1625=ORIENTED_EDGE('',*,*,#1180,.F.);
#1626=ORIENTED_EDGE('',*,*,#1215,.F.);
#1627=ORIENTED_EDGE('',*,*,#1216,.F.);
#1628=ORIENTED_EDGE('',*,*,#1216,.T.);
#1629=ORIENTED_EDGE('',*,*,#1217,.F.);
#1630=ORIENTED_EDGE('',*,*,#1174,.F.);
#1631=ORIENTED_EDGE('',*,*,#1112,.T.);
#1632=ORIENTED_EDGE('',*,*,#1179,.F.);
#1633=ORIENTED_EDGE('',*,*,#1175,.F.);
#1634=ORIENTED_EDGE('',*,*,#1217,.T.);
#1635=ORIENTED_EDGE('',*,*,#1215,.T.);
#1636=ORIENTED_EDGE('',*,*,#1218,.T.);
#1637=ORIENTED_EDGE('',*,*,#1219,.T.);
#1638=ORIENTED_EDGE('',*,*,#1220,.F.);
#1639=ORIENTED_EDGE('',*,*,#1221,.F.);
#1640=ORIENTED_EDGE('',*,*,#1222,.T.);
#1641=ORIENTED_EDGE('',*,*,#1223,.F.);
#1642=ORIENTED_EDGE('',*,*,#1218,.F.);
#1643=ORIENTED_EDGE('',*,*,#1224,.T.);
#1644=ORIENTED_EDGE('',*,*,#1225,.F.);
#1645=ORIENTED_EDGE('',*,*,#1226,.T.);
#1646=ORIENTED_EDGE('',*,*,#1220,.T.);
#1647=ORIENTED_EDGE('',*,*,#1227,.F.);
#1648=ORIENTED_EDGE('',*,*,#1225,.T.);
#1649=ORIENTED_EDGE('',*,*,#1228,.T.);
#1650=ORIENTED_EDGE('',*,*,#1222,.F.);
#1651=ORIENTED_EDGE('',*,*,#1229,.F.);
#1652=ORIENTED_EDGE('',*,*,#1230,.F.);
#1653=ORIENTED_EDGE('',*,*,#1231,.T.);
#1654=ORIENTED_EDGE('',*,*,#1232,.T.);
#1655=ORIENTED_EDGE('',*,*,#1233,.F.);
#1656=ORIENTED_EDGE('',*,*,#1226,.F.);
#1657=ORIENTED_EDGE('',*,*,#1229,.T.);
#1658=ORIENTED_EDGE('',*,*,#1224,.F.);
#1659=ORIENTED_EDGE('',*,*,#1221,.T.);
#1660=ORIENTED_EDGE('',*,*,#1234,.F.);
#1661=ORIENTED_EDGE('',*,*,#1235,.F.);
#1662=ORIENTED_EDGE('',*,*,#1236,.T.);
#1663=ORIENTED_EDGE('',*,*,#1237,.T.);
#1664=ORIENTED_EDGE('',*,*,#1238,.F.);
#1665=ORIENTED_EDGE('',*,*,#1239,.F.);
#1666=ORIENTED_EDGE('',*,*,#1227,.T.);
#1667=ORIENTED_EDGE('',*,*,#1219,.F.);
#1668=ORIENTED_EDGE('',*,*,#1223,.T.);
#1669=ORIENTED_EDGE('',*,*,#1228,.F.);
#1670=ORIENTED_EDGE('',*,*,#1240,.T.);
#1671=ORIENTED_EDGE('',*,*,#1241,.T.);
#1672=ORIENTED_EDGE('',*,*,#1242,.T.);
#1673=ORIENTED_EDGE('',*,*,#1243,.F.);
#1674=ORIENTED_EDGE('',*,*,#1244,.T.);
#1675=ORIENTED_EDGE('',*,*,#1245,.F.);
#1676=ORIENTED_EDGE('',*,*,#1246,.F.);
#1677=ORIENTED_EDGE('',*,*,#1247,.T.);
#1678=ORIENTED_EDGE('',*,*,#1243,.T.);
#1679=ORIENTED_EDGE('',*,*,#1247,.F.);
#1680=ORIENTED_EDGE('',*,*,#1248,.F.);
#1681=ORIENTED_EDGE('',*,*,#1249,.T.);
#1682=ORIENTED_EDGE('',*,*,#1245,.T.);
#1683=ORIENTED_EDGE('',*,*,#1249,.F.);
#1684=ORIENTED_EDGE('',*,*,#1242,.F.);
#1685=ORIENTED_EDGE('',*,*,#1250,.T.);
#1686=ORIENTED_EDGE('',*,*,#1251,.F.);
#1687=ORIENTED_EDGE('',*,*,#1250,.F.);
#1688=ORIENTED_EDGE('',*,*,#1244,.F.);
#1689=ORIENTED_EDGE('',*,*,#1252,.T.);
#1690=ORIENTED_EDGE('',*,*,#1253,.F.);
#1691=ORIENTED_EDGE('',*,*,#1252,.F.);
#1692=ORIENTED_EDGE('',*,*,#1246,.T.);
#1693=ORIENTED_EDGE('',*,*,#1254,.T.);
#1694=ORIENTED_EDGE('',*,*,#1235,.T.);
#1695=ORIENTED_EDGE('',*,*,#1254,.F.);
#1696=ORIENTED_EDGE('',*,*,#1248,.T.);
#1697=ORIENTED_EDGE('',*,*,#1255,.T.);
#1698=ORIENTED_EDGE('',*,*,#1234,.T.);
#1699=ORIENTED_EDGE('',*,*,#1255,.F.);
#1700=ORIENTED_EDGE('',*,*,#1241,.F.);
#1701=ORIENTED_EDGE('',*,*,#1256,.T.);
#1702=ORIENTED_EDGE('',*,*,#1251,.T.);
#1703=ORIENTED_EDGE('',*,*,#1256,.F.);
#1704=ORIENTED_EDGE('',*,*,#1240,.F.);
#1705=ORIENTED_EDGE('',*,*,#1257,.T.);
#1706=ORIENTED_EDGE('',*,*,#1253,.T.);
#1707=ORIENTED_EDGE('',*,*,#1257,.F.);
#1708=ORIENTED_EDGE('',*,*,#1258,.T.);
#1709=ORIENTED_EDGE('',*,*,#1259,.F.);
#1710=ORIENTED_EDGE('',*,*,#1260,.F.);
#1711=ORIENTED_EDGE('',*,*,#1239,.T.);
#1712=ORIENTED_EDGE('',*,*,#1261,.T.);
#1713=ORIENTED_EDGE('',*,*,#1231,.F.);
#1714=ORIENTED_EDGE('',*,*,#1262,.F.);
#1715=ORIENTED_EDGE('',*,*,#1263,.T.);
#1716=ORIENTED_EDGE('',*,*,#1264,.T.);
#1717=ORIENTED_EDGE('',*,*,#1265,.T.);
#1718=ORIENTED_EDGE('',*,*,#1266,.T.);
#1719=ORIENTED_EDGE('',*,*,#1267,.T.);
#1720=ORIENTED_EDGE('',*,*,#1268,.T.);
#1721=ORIENTED_EDGE('',*,*,#1269,.F.);
#1722=ORIENTED_EDGE('',*,*,#1270,.F.);
#1723=ORIENTED_EDGE('',*,*,#1271,.F.);
#1724=ORIENTED_EDGE('',*,*,#1272,.F.);
#1725=ORIENTED_EDGE('',*,*,#1273,.F.);
#1726=ORIENTED_EDGE('',*,*,#1274,.T.);
#1727=ORIENTED_EDGE('',*,*,#1275,.T.);
#1728=ORIENTED_EDGE('',*,*,#1268,.F.);
#1729=ORIENTED_EDGE('',*,*,#1276,.T.);
#1730=ORIENTED_EDGE('',*,*,#1277,.T.);
#1731=ORIENTED_EDGE('',*,*,#1278,.T.);
#1732=ORIENTED_EDGE('',*,*,#1274,.F.);
#1733=ORIENTED_EDGE('',*,*,#1279,.F.);
#1734=ORIENTED_EDGE('',*,*,#1277,.F.);
#1735=ORIENTED_EDGE('',*,*,#1262,.T.);
#1736=ORIENTED_EDGE('',*,*,#1230,.T.);
#1737=ORIENTED_EDGE('',*,*,#1280,.F.);
#1738=ORIENTED_EDGE('',*,*,#1232,.F.);
#1739=ORIENTED_EDGE('',*,*,#1261,.F.);
#1740=ORIENTED_EDGE('',*,*,#1281,.T.);
#1741=ORIENTED_EDGE('',*,*,#1282,.F.);
#1742=ORIENTED_EDGE('',*,*,#1283,.T.);
#1743=ORIENTED_EDGE('',*,*,#1284,.T.);
#1744=ORIENTED_EDGE('',*,*,#1236,.F.);
#1745=ORIENTED_EDGE('',*,*,#1260,.T.);
#1746=ORIENTED_EDGE('',*,*,#1285,.T.);
#1747=ORIENTED_EDGE('',*,*,#1266,.F.);
#1748=ORIENTED_EDGE('',*,*,#1286,.T.);
#1749=ORIENTED_EDGE('',*,*,#1270,.T.);
#1750=ORIENTED_EDGE('',*,*,#1287,.F.);
#1751=ORIENTED_EDGE('',*,*,#1283,.F.);
#1752=ORIENTED_EDGE('',*,*,#1288,.T.);
#1753=ORIENTED_EDGE('',*,*,#1289,.F.);
#1754=ORIENTED_EDGE('',*,*,#1238,.T.);
#1755=ORIENTED_EDGE('',*,*,#1290,.T.);
#1756=ORIENTED_EDGE('',*,*,#1291,.F.);
#1757=ORIENTED_EDGE('',*,*,#1258,.F.);
#1758=ORIENTED_EDGE('',*,*,#1288,.F.);
#1759=ORIENTED_EDGE('',*,*,#1259,.T.);
#1760=ORIENTED_EDGE('',*,*,#1292,.F.);
#1761=ORIENTED_EDGE('',*,*,#1293,.T.);
#1762=ORIENTED_EDGE('',*,*,#1294,.F.);
#1763=ORIENTED_EDGE('',*,*,#1295,.T.);
#1764=ORIENTED_EDGE('',*,*,#1296,.T.);
#1765=ORIENTED_EDGE('',*,*,#1289,.T.);
#1766=ORIENTED_EDGE('',*,*,#1295,.F.);
#1767=ORIENTED_EDGE('',*,*,#1297,.F.);
#1768=ORIENTED_EDGE('',*,*,#1294,.T.);
#1769=ORIENTED_EDGE('',*,*,#1298,.F.);
#1770=ORIENTED_EDGE('',*,*,#1299,.T.);
#1771=ORIENTED_EDGE('',*,*,#1297,.T.);
#1772=ORIENTED_EDGE('',*,*,#1296,.F.);
#1773=ORIENTED_EDGE('',*,*,#1299,.F.);
#1774=ORIENTED_EDGE('',*,*,#1300,.F.);
#1775=ORIENTED_EDGE('',*,*,#1301,.F.);
#1776=ORIENTED_EDGE('',*,*,#1302,.F.);
#1777=ORIENTED_EDGE('',*,*,#1303,.F.);
#1778=ORIENTED_EDGE('',*,*,#1263,.F.);
#1779=ORIENTED_EDGE('',*,*,#1276,.F.);
#1780=ORIENTED_EDGE('',*,*,#1267,.F.);
#1781=ORIENTED_EDGE('',*,*,#1285,.F.);
#1782=ORIENTED_EDGE('',*,*,#1304,.F.);
#1783=ORIENTED_EDGE('',*,*,#1302,.T.);
#1784=ORIENTED_EDGE('',*,*,#1305,.F.);
#1785=ORIENTED_EDGE('',*,*,#1306,.T.);
#1786=ORIENTED_EDGE('',*,*,#1307,.F.);
#1787=ORIENTED_EDGE('',*,*,#1308,.F.);
#1788=ORIENTED_EDGE('',*,*,#1309,.T.);
#1789=ORIENTED_EDGE('',*,*,#1310,.F.);
#1790=ORIENTED_EDGE('',*,*,#1281,.F.);
#1791=ORIENTED_EDGE('',*,*,#1303,.T.);
#1792=ORIENTED_EDGE('',*,*,#1304,.T.);
#1793=ORIENTED_EDGE('',*,*,#1311,.F.);
#1794=ORIENTED_EDGE('',*,*,#1287,.T.);
#1795=ORIENTED_EDGE('',*,*,#1275,.F.);
#1796=ORIENTED_EDGE('',*,*,#1278,.F.);
#1797=ORIENTED_EDGE('',*,*,#1280,.T.);
#1798=ORIENTED_EDGE('',*,*,#1233,.T.);
#1799=ORIENTED_EDGE('',*,*,#1282,.T.);
#1800=ORIENTED_EDGE('',*,*,#1310,.T.);
#1801=ORIENTED_EDGE('',*,*,#1312,.F.);
#1802=ORIENTED_EDGE('',*,*,#1313,.F.);
#1803=ORIENTED_EDGE('',*,*,#1290,.F.);
#1804=ORIENTED_EDGE('',*,*,#1237,.F.);
#1805=ORIENTED_EDGE('',*,*,#1284,.F.);
#1806=ORIENTED_EDGE('',*,*,#1300,.T.);
#1807=ORIENTED_EDGE('',*,*,#1298,.T.);
#1808=ORIENTED_EDGE('',*,*,#1293,.F.);
#1809=ORIENTED_EDGE('',*,*,#1314,.F.);
#1810=ORIENTED_EDGE('',*,*,#1291,.T.);
#1811=ORIENTED_EDGE('',*,*,#1313,.T.);
#1812=ORIENTED_EDGE('',*,*,#1315,.F.);
#1813=ORIENTED_EDGE('',*,*,#1316,.F.);
#1814=ORIENTED_EDGE('',*,*,#1305,.T.);
#1815=ORIENTED_EDGE('',*,*,#1301,.T.);
#1816=ORIENTED_EDGE('',*,*,#1314,.T.);
#1817=ORIENTED_EDGE('',*,*,#1292,.T.);
#1818=ORIENTED_EDGE('',*,*,#1315,.T.);
#1819=ORIENTED_EDGE('',*,*,#1312,.T.);
#1820=ORIENTED_EDGE('',*,*,#1309,.F.);
#1821=ORIENTED_EDGE('',*,*,#1317,.F.);
#1822=ORIENTED_EDGE('',*,*,#1318,.T.);
#1823=ORIENTED_EDGE('',*,*,#1319,.F.);
#1824=ORIENTED_EDGE('',*,*,#1273,.T.);
#1825=ORIENTED_EDGE('',*,*,#1320,.F.);
#1826=ORIENTED_EDGE('',*,*,#1269,.T.);
#1827=ORIENTED_EDGE('',*,*,#1279,.T.);
#1828=ORIENTED_EDGE('',*,*,#1308,.T.);
#1829=ORIENTED_EDGE('',*,*,#1321,.T.);
#1830=ORIENTED_EDGE('',*,*,#1317,.T.);
#1831=ORIENTED_EDGE('',*,*,#1311,.T.);
#1832=ORIENTED_EDGE('',*,*,#1321,.F.);
#1833=ORIENTED_EDGE('',*,*,#1307,.T.);
#1834=ORIENTED_EDGE('',*,*,#1322,.T.);
#1835=ORIENTED_EDGE('',*,*,#1318,.F.);
#1836=ORIENTED_EDGE('',*,*,#1316,.T.);
#1837=ORIENTED_EDGE('',*,*,#1319,.T.);
#1838=ORIENTED_EDGE('',*,*,#1322,.F.);
#1839=ORIENTED_EDGE('',*,*,#1306,.F.);
#1840=ORIENTED_EDGE('',*,*,#1320,.T.);
#1841=ORIENTED_EDGE('',*,*,#1272,.T.);
#1842=ORIENTED_EDGE('',*,*,#1323,.F.);
#1843=ORIENTED_EDGE('',*,*,#1264,.F.);
#1844=ORIENTED_EDGE('',*,*,#1271,.T.);
#1845=ORIENTED_EDGE('',*,*,#1286,.F.);
#1846=ORIENTED_EDGE('',*,*,#1265,.F.);
#1847=ORIENTED_EDGE('',*,*,#1323,.T.);
#1848=ORIENTED_EDGE('',*,*,#1324,.F.);
#1849=ORIENTED_EDGE('',*,*,#1325,.F.);
#1850=ORIENTED_EDGE('',*,*,#1326,.T.);
#1851=ORIENTED_EDGE('',*,*,#1327,.F.);
#1852=ORIENTED_EDGE('',*,*,#1328,.F.);
#1853=ORIENTED_EDGE('',*,*,#1329,.F.);
#1854=ORIENTED_EDGE('',*,*,#1330,.F.);
#1855=ORIENTED_EDGE('',*,*,#1331,.T.);
#1856=ORIENTED_EDGE('',*,*,#1332,.F.);
#1857=ORIENTED_EDGE('',*,*,#1333,.F.);
#1858=ORIENTED_EDGE('',*,*,#1334,.T.);
#1859=ORIENTED_EDGE('',*,*,#1335,.T.);
#1860=ORIENTED_EDGE('',*,*,#1336,.F.);
#1861=ORIENTED_EDGE('',*,*,#1337,.F.);
#1862=ORIENTED_EDGE('',*,*,#1338,.F.);
#1863=ORIENTED_EDGE('',*,*,#1339,.F.);
#1864=ORIENTED_EDGE('',*,*,#1340,.T.);
#1865=ORIENTED_EDGE('',*,*,#1341,.F.);
#1866=ORIENTED_EDGE('',*,*,#1342,.F.);
#1867=ORIENTED_EDGE('',*,*,#1343,.T.);
#1868=ORIENTED_EDGE('',*,*,#1344,.F.);
#1869=ORIENTED_EDGE('',*,*,#1326,.F.);
#1870=ORIENTED_EDGE('',*,*,#1345,.T.);
#1871=ORIENTED_EDGE('',*,*,#1340,.F.);
#1872=ORIENTED_EDGE('',*,*,#1346,.T.);
#1873=ORIENTED_EDGE('',*,*,#1347,.T.);
#1874=ORIENTED_EDGE('',*,*,#1348,.T.);
#1875=ORIENTED_EDGE('',*,*,#1349,.T.);
#1876=ORIENTED_EDGE('',*,*,#1350,.T.);
#1877=ORIENTED_EDGE('',*,*,#1351,.T.);
#1878=ORIENTED_EDGE('',*,*,#1341,.T.);
#1879=ORIENTED_EDGE('',*,*,#1352,.T.);
#1880=ORIENTED_EDGE('',*,*,#1353,.T.);
#1881=ORIENTED_EDGE('',*,*,#1354,.T.);
#1882=ORIENTED_EDGE('',*,*,#1355,.T.);
#1883=ORIENTED_EDGE('',*,*,#1342,.T.);
#1884=ORIENTED_EDGE('',*,*,#1356,.F.);
#1885=ORIENTED_EDGE('',*,*,#1328,.T.);
#1886=ORIENTED_EDGE('',*,*,#1344,.T.);
#1887=ORIENTED_EDGE('',*,*,#1343,.F.);
#1888=ORIENTED_EDGE('',*,*,#1355,.F.);
#1889=ORIENTED_EDGE('',*,*,#1327,.T.);
#1890=ORIENTED_EDGE('',*,*,#1357,.F.);
#1891=ORIENTED_EDGE('',*,*,#1358,.F.);
#1892=ORIENTED_EDGE('',*,*,#1359,.T.);
#1893=ORIENTED_EDGE('',*,*,#1352,.F.);
#1894=ORIENTED_EDGE('',*,*,#1345,.F.);
#1895=ORIENTED_EDGE('',*,*,#1325,.T.);
#1896=ORIENTED_EDGE('',*,*,#1356,.T.);
#1897=ORIENTED_EDGE('',*,*,#1351,.F.);
#1898=ORIENTED_EDGE('',*,*,#1360,.F.);
#1899=ORIENTED_EDGE('',*,*,#1329,.T.);
#1900=ORIENTED_EDGE('',*,*,#1360,.T.);
#1901=ORIENTED_EDGE('',*,*,#1350,.F.);
#1902=ORIENTED_EDGE('',*,*,#1361,.F.);
#1903=ORIENTED_EDGE('',*,*,#1362,.F.);
#1904=ORIENTED_EDGE('',*,*,#1363,.F.);
#1905=ORIENTED_EDGE('',*,*,#1330,.T.);
#1906=ORIENTED_EDGE('',*,*,#1364,.F.);
#1907=ORIENTED_EDGE('',*,*,#1333,.T.);
#1908=ORIENTED_EDGE('',*,*,#1365,.F.);
#1909=ORIENTED_EDGE('',*,*,#1366,.F.);
#1910=ORIENTED_EDGE('',*,*,#1361,.T.);
#1911=ORIENTED_EDGE('',*,*,#1349,.F.);
#1912=ORIENTED_EDGE('',*,*,#1367,.F.);
#1913=ORIENTED_EDGE('',*,*,#1368,.F.);
#1914=ORIENTED_EDGE('',*,*,#1369,.T.);
#1915=ORIENTED_EDGE('',*,*,#1367,.T.);
#1916=ORIENTED_EDGE('',*,*,#1348,.F.);
#1917=ORIENTED_EDGE('',*,*,#1370,.F.);
#1918=ORIENTED_EDGE('',*,*,#1371,.T.);
#1919=ORIENTED_EDGE('',*,*,#1370,.T.);
#1920=ORIENTED_EDGE('',*,*,#1347,.F.);
#1921=ORIENTED_EDGE('',*,*,#1372,.F.);
#1922=ORIENTED_EDGE('',*,*,#1373,.T.);
#1923=ORIENTED_EDGE('',*,*,#1372,.T.);
#1924=ORIENTED_EDGE('',*,*,#1346,.F.);
#1925=ORIENTED_EDGE('',*,*,#1374,.F.);
#1926=ORIENTED_EDGE('',*,*,#1354,.F.);
#1927=ORIENTED_EDGE('',*,*,#1375,.F.);
#1928=ORIENTED_EDGE('',*,*,#1376,.T.);
#1929=ORIENTED_EDGE('',*,*,#1377,.T.);
#1930=ORIENTED_EDGE('',*,*,#1337,.T.);
#1931=ORIENTED_EDGE('',*,*,#1378,.T.);
#1932=ORIENTED_EDGE('',*,*,#1379,.F.);
#1933=ORIENTED_EDGE('',*,*,#1374,.T.);
#1934=ORIENTED_EDGE('',*,*,#1380,.T.);
#1935=ORIENTED_EDGE('',*,*,#1381,.F.);
#1936=ORIENTED_EDGE('',*,*,#1375,.T.);
#1937=ORIENTED_EDGE('',*,*,#1353,.F.);
#1938=ORIENTED_EDGE('',*,*,#1359,.F.);
#1939=ORIENTED_EDGE('',*,*,#1324,.T.);
#1940=ORIENTED_EDGE('',*,*,#1382,.T.);
#1941=ORIENTED_EDGE('',*,*,#1383,.T.);
#1942=ORIENTED_EDGE('',*,*,#1357,.T.);
#1943=ORIENTED_EDGE('',*,*,#1383,.F.);
#1944=ORIENTED_EDGE('',*,*,#1384,.T.);
#1945=ORIENTED_EDGE('',*,*,#1385,.T.);
#1946=ORIENTED_EDGE('',*,*,#1358,.T.);
#1947=ORIENTED_EDGE('',*,*,#1385,.F.);
#1948=ORIENTED_EDGE('',*,*,#1373,.F.);
#1949=ORIENTED_EDGE('',*,*,#1379,.T.);
#1950=ORIENTED_EDGE('',*,*,#1386,.F.);
#1951=ORIENTED_EDGE('',*,*,#1368,.T.);
#1952=ORIENTED_EDGE('',*,*,#1369,.F.);
#1953=ORIENTED_EDGE('',*,*,#1371,.F.);
#1954=ORIENTED_EDGE('',*,*,#1387,.F.);
#1955=ORIENTED_EDGE('',*,*,#1334,.F.);
#1956=ORIENTED_EDGE('',*,*,#1364,.T.);
#1957=ORIENTED_EDGE('',*,*,#1388,.F.);
#1958=ORIENTED_EDGE('',*,*,#1389,.T.);
#1959=ORIENTED_EDGE('',*,*,#1390,.T.);
#1960=ORIENTED_EDGE('',*,*,#1378,.F.);
#1961=ORIENTED_EDGE('',*,*,#1336,.T.);
#1962=ORIENTED_EDGE('',*,*,#1382,.F.);
#1963=ORIENTED_EDGE('',*,*,#1391,.T.);
#1964=ORIENTED_EDGE('',*,*,#1392,.T.);
#1965=ORIENTED_EDGE('',*,*,#1391,.F.);
#1966=ORIENTED_EDGE('',*,*,#1384,.F.);
#1967=ORIENTED_EDGE('',*,*,#1393,.T.);
#1968=ORIENTED_EDGE('',*,*,#1394,.T.);
#1969=ORIENTED_EDGE('',*,*,#1393,.F.);
#1970=ORIENTED_EDGE('',*,*,#1386,.T.);
#1971=ORIENTED_EDGE('',*,*,#1390,.F.);
#1972=ORIENTED_EDGE('',*,*,#1395,.F.);
#1973=ORIENTED_EDGE('',*,*,#1388,.T.);
#1974=ORIENTED_EDGE('',*,*,#1389,.F.);
#1975=ORIENTED_EDGE('',*,*,#1335,.F.);
#1976=ORIENTED_EDGE('',*,*,#1387,.T.);
#1977=ORIENTED_EDGE('',*,*,#1395,.T.);
#1978=ORIENTED_EDGE('',*,*,#1396,.T.);
#1979=ORIENTED_EDGE('',*,*,#1397,.T.);
#1980=ORIENTED_EDGE('',*,*,#1398,.T.);
#1981=ORIENTED_EDGE('',*,*,#1392,.F.);
#1982=ORIENTED_EDGE('',*,*,#1399,.T.);
#1983=ORIENTED_EDGE('',*,*,#1394,.F.);
#1984=ORIENTED_EDGE('',*,*,#1396,.F.);
#1985=ORIENTED_EDGE('',*,*,#1400,.T.);
#1986=ORIENTED_EDGE('',*,*,#1401,.T.);
#1987=ORIENTED_EDGE('',*,*,#1400,.F.);
#1988=ORIENTED_EDGE('',*,*,#1397,.F.);
#1989=ORIENTED_EDGE('',*,*,#1402,.T.);
#1990=ORIENTED_EDGE('',*,*,#1403,.T.);
#1991=ORIENTED_EDGE('',*,*,#1402,.F.);
#1992=ORIENTED_EDGE('',*,*,#1398,.F.);
#1993=ORIENTED_EDGE('',*,*,#1404,.T.);
#1994=ORIENTED_EDGE('',*,*,#1401,.F.);
#1995=ORIENTED_EDGE('',*,*,#1404,.F.);
#1996=ORIENTED_EDGE('',*,*,#1399,.F.);
#1997=ORIENTED_EDGE('',*,*,#1405,.T.);
#1998=ORIENTED_EDGE('',*,*,#1403,.F.);
#1999=ORIENTED_EDGE('',*,*,#1405,.F.);
#2000=ORIENTED_EDGE('',*,*,#1406,.F.);
#2001=ORIENTED_EDGE('',*,*,#1338,.T.);
#2002=ORIENTED_EDGE('',*,*,#1377,.F.);
#2003=ORIENTED_EDGE('',*,*,#1407,.T.);
#2004=ORIENTED_EDGE('',*,*,#1339,.T.);
#2005=ORIENTED_EDGE('',*,*,#1406,.T.);
#2006=ORIENTED_EDGE('',*,*,#1408,.F.);
#2007=ORIENTED_EDGE('',*,*,#1380,.F.);
#2008=ORIENTED_EDGE('',*,*,#1407,.F.);
#2009=ORIENTED_EDGE('',*,*,#1376,.F.);
#2010=ORIENTED_EDGE('',*,*,#1381,.T.);
#2011=ORIENTED_EDGE('',*,*,#1408,.T.);
#2012=ORIENTED_EDGE('',*,*,#1332,.T.);
#2013=ORIENTED_EDGE('',*,*,#1409,.T.);
#2014=ORIENTED_EDGE('',*,*,#1410,.T.);
#2015=ORIENTED_EDGE('',*,*,#1365,.T.);
#2016=ORIENTED_EDGE('',*,*,#1409,.F.);
#2017=ORIENTED_EDGE('',*,*,#1331,.F.);
#2018=ORIENTED_EDGE('',*,*,#1363,.T.);
#2019=ORIENTED_EDGE('',*,*,#1411,.T.);
#2020=ORIENTED_EDGE('',*,*,#1366,.T.);
#2021=ORIENTED_EDGE('',*,*,#1410,.F.);
#2022=ORIENTED_EDGE('',*,*,#1411,.F.);
#2023=ORIENTED_EDGE('',*,*,#1362,.T.);
#2024=PLANE('',#2260);
#2025=PLANE('',#2266);
#2026=PLANE('',#2270);
#2027=PLANE('',#2272);
#2028=PLANE('',#2273);
#2029=PLANE('',#2274);
#2030=PLANE('',#2283);
#2031=PLANE('',#2284);
#2032=PLANE('',#2285);
#2033=PLANE('',#2286);
#2034=PLANE('',#2287);
#2035=PLANE('',#2288);
#2036=PLANE('',#2289);
#2037=PLANE('',#2290);
#2038=PLANE('',#2295);
#2039=PLANE('',#2309);
#2040=PLANE('',#2311);
#2041=PLANE('',#2313);
#2042=PLANE('',#2318);
#2043=PLANE('',#2319);
#2044=PLANE('',#2320);
#2045=PLANE('',#2321);
#2046=PLANE('',#2322);
#2047=PLANE('',#2323);
#2048=PLANE('',#2324);
#2049=PLANE('',#2325);
#2050=PLANE('',#2326);
#2051=PLANE('',#2327);
#2052=PLANE('',#2328);
#2053=PLANE('',#2329);
#2054=PLANE('',#2330);
#2055=PLANE('',#2334);
#2056=PLANE('',#2335);
#2057=PLANE('',#2336);
#2058=PLANE('',#2339);
#2059=PLANE('',#2342);
#2060=PLANE('',#2345);
#2061=PLANE('',#2360);
#2062=PLANE('',#2361);
#2063=PLANE('',#2362);
#2064=PLANE('',#2363);
#2065=PLANE('',#2364);
#2066=PLANE('',#2365);
#2067=PLANE('',#2366);
#2068=PLANE('',#2367);
#2069=PLANE('',#2368);
#2070=PLANE('',#2369);
#2071=PLANE('',#2370);
#2072=PLANE('',#2375);
#2073=PLANE('',#2376);
#2074=PLANE('',#2378);
#2075=PLANE('',#2379);
#2076=PLANE('',#2380);
#2077=PLANE('',#2382);
#2078=PLANE('',#2383);
#2079=PLANE('',#2384);
#2080=PLANE('',#2385);
#2081=PLANE('',#2386);
#2082=PLANE('',#2387);
#2083=PLANE('',#2388);
#2084=PLANE('',#2389);
#2085=PLANE('',#2390);
#2086=PLANE('',#2391);
#2087=PLANE('',#2392);
#2088=PLANE('',#2393);
#2089=PLANE('',#2396);
#2090=PLANE('',#2397);
#2091=PLANE('',#2400);
#2092=PLANE('',#2401);
#2093=PLANE('',#2402);
#2094=PLANE('',#2403);
#2095=PLANE('',#2406);
#2096=PLANE('',#2409);
#2097=PLANE('',#2410);
#2098=PLANE('',#2415);
#2099=PLANE('',#2416);
#2100=PLANE('',#2417);
#2101=PLANE('',#2422);
#2102=PLANE('',#2423);
#2103=PLANE('',#2426);
#2104=PLANE('',#2428);
#2105=PLANE('',#2436);
#2106=PLANE('',#2437);
#2107=PLANE('',#2438);
#2108=PLANE('',#2439);
#2109=PLANE('',#2440);
#2110=PLANE('',#2441);
#2111=ADVANCED_FACE('',(#140),#2024,.F.);
#2112=ADVANCED_FACE('',(#141),#124,.F.);
#2113=ADVANCED_FACE('',(#142),#45,.F.);
#2114=ADVANCED_FACE('',(#143,#19,#20,#21,#22),#2025,.T.);
#2115=ADVANCED_FACE('',(#144,#23),#2026,.T.);
#2116=ADVANCED_FACE('',(#145),#2027,.T.);
#2117=ADVANCED_FACE('',(#146),#2028,.T.);
#2118=ADVANCED_FACE('',(#147),#2029,.F.);
#2119=ADVANCED_FACE('',(#148),#125,.F.);
#2120=ADVANCED_FACE('',(#149),#126,.F.);
#2121=ADVANCED_FACE('',(#150),#127,.F.);
#2122=ADVANCED_FACE('',(#151),#46,.T.);
#2123=ADVANCED_FACE('',(#152),#2030,.T.);
#2124=ADVANCED_FACE('',(#153),#2031,.T.);
#2125=ADVANCED_FACE('',(#154),#2032,.T.);
#2126=ADVANCED_FACE('',(#155),#2033,.T.);
#2127=ADVANCED_FACE('',(#156),#2034,.T.);
#2128=ADVANCED_FACE('',(#157),#2035,.T.);
#2129=ADVANCED_FACE('',(#158),#2036,.F.);
#2130=ADVANCED_FACE('',(#159,#24,#25,#26,#27),#2037,.F.);
#2131=ADVANCED_FACE('',(#160),#2038,.T.);
#2132=ADVANCED_FACE('',(#161),#47,.F.);
#2133=ADVANCED_FACE('',(#162),#48,.F.);
#2134=ADVANCED_FACE('',(#163),#49,.F.);
#2135=ADVANCED_FACE('',(#164),#128,.T.);
#2136=ADVANCED_FACE('',(#165),#129,.T.);
#2137=ADVANCED_FACE('',(#166),#130,.T.);
#2138=ADVANCED_FACE('',(#167),#131,.T.);
#2139=ADVANCED_FACE('',(#168,#28),#2039,.T.);
#2140=ADVANCED_FACE('',(#169,#29),#2040,.T.);
#2141=ADVANCED_FACE('',(#170,#30),#2041,.T.);
#2142=ADVANCED_FACE('',(#171),#50,.T.);
#2143=ADVANCED_FACE('',(#172),#51,.T.);
#2144=ADVANCED_FACE('',(#173),#52,.T.);
#2145=ADVANCED_FACE('',(#174),#2042,.F.);
#2146=ADVANCED_FACE('',(#175),#2043,.F.);
#2147=ADVANCED_FACE('',(#176),#2044,.F.);
#2148=ADVANCED_FACE('',(#177),#2045,.T.);
#2149=ADVANCED_FACE('',(#178),#2046,.T.);
#2150=ADVANCED_FACE('',(#179),#2047,.T.);
#2151=ADVANCED_FACE('',(#180),#2048,.T.);
#2152=ADVANCED_FACE('',(#181),#2049,.T.);
#2153=ADVANCED_FACE('',(#182),#2050,.F.);
#2154=ADVANCED_FACE('',(#183),#2051,.T.);
#2155=ADVANCED_FACE('',(#184),#2052,.F.);
#2156=ADVANCED_FACE('',(#185),#2053,.F.);
#2157=ADVANCED_FACE('',(#186),#2054,.F.);
#2158=ADVANCED_FACE('',(#187),#53,.F.);
#2159=ADVANCED_FACE('',(#188),#2055,.T.);
#2160=ADVANCED_FACE('',(#189),#2056,.F.);
#2161=ADVANCED_FACE('',(#190,#31,#32,#33),#2057,.T.);
#2162=ADVANCED_FACE('',(#191,#34,#35,#36),#2058,.F.);
#2163=ADVANCED_FACE('',(#192,#37),#2059,.T.);
#2164=ADVANCED_FACE('',(#193,#38),#2060,.T.);
#2165=ADVANCED_FACE('',(#194),#54,.F.);
#2166=ADVANCED_FACE('',(#195),#55,.F.);
#2167=ADVANCED_FACE('',(#196),#56,.T.);
#2168=ADVANCED_FACE('',(#197),#57,.T.);
#2169=ADVANCED_FACE('',(#198),#132,.F.);
#2170=ADVANCED_FACE('',(#199),#133,.F.);
#2171=ADVANCED_FACE('',(#200),#134,.T.);
#2172=ADVANCED_FACE('',(#201),#135,.T.);
#2173=ADVANCED_FACE('',(#202),#2061,.T.);
#2174=ADVANCED_FACE('',(#203),#2062,.F.);
#2175=ADVANCED_FACE('',(#204),#2063,.T.);
#2176=ADVANCED_FACE('',(#205),#2064,.T.);
#2177=ADVANCED_FACE('',(#206),#2065,.T.);
#2178=ADVANCED_FACE('',(#207),#2066,.T.);
#2179=ADVANCED_FACE('',(#208),#2067,.T.);
#2180=ADVANCED_FACE('',(#209),#2068,.F.);
#2181=ADVANCED_FACE('',(#210),#2069,.T.);
#2182=ADVANCED_FACE('',(#211),#2070,.F.);
#2183=ADVANCED_FACE('',(#212),#2071,.F.);
#2184=ADVANCED_FACE('',(#213),#58,.F.);
#2185=ADVANCED_FACE('',(#214),#2072,.T.);
#2186=ADVANCED_FACE('',(#215),#2073,.T.);
#2187=ADVANCED_FACE('',(#216),#2074,.T.);
#2188=ADVANCED_FACE('',(#217),#2075,.T.);
#2189=ADVANCED_FACE('',(#218),#2076,.F.);
#2190=ADVANCED_FACE('',(#219),#59,.F.);
#2191=ADVANCED_FACE('',(#220),#2077,.T.);
#2192=ADVANCED_FACE('',(#221),#2078,.T.);
#2193=ADVANCED_FACE('',(#222),#2079,.F.);
#2194=ADVANCED_FACE('',(#223),#2080,.F.);
#2195=ADVANCED_FACE('',(#224),#2081,.T.);
#2196=ADVANCED_FACE('',(#225),#2082,.F.);
#2197=ADVANCED_FACE('',(#226),#2083,.F.);
#2198=ADVANCED_FACE('',(#227),#2084,.F.);
#2199=ADVANCED_FACE('',(#228),#2085,.T.);
#2200=ADVANCED_FACE('',(#229),#2086,.T.);
#2201=ADVANCED_FACE('',(#230),#2087,.F.);
#2202=ADVANCED_FACE('',(#231),#2088,.F.);
#2203=ADVANCED_FACE('',(#232),#2089,.T.);
#2204=ADVANCED_FACE('',(#233,#39,#40),#2090,.T.);
#2205=ADVANCED_FACE('',(#234),#2091,.T.);
#2206=ADVANCED_FACE('',(#235),#2092,.T.);
#2207=ADVANCED_FACE('',(#236),#2093,.T.);
#2208=ADVANCED_FACE('',(#237),#2094,.T.);
#2209=ADVANCED_FACE('',(#238),#60,.F.);
#2210=ADVANCED_FACE('',(#239),#2095,.T.);
#2211=ADVANCED_FACE('',(#240),#61,.F.);
#2212=ADVANCED_FACE('',(#241),#2096,.T.);
#2213=ADVANCED_FACE('',(#242),#2097,.T.);
#2214=ADVANCED_FACE('',(#243),#136,.F.);
#2215=ADVANCED_FACE('',(#244),#137,.F.);
#2216=ADVANCED_FACE('',(#245),#2098,.T.);
#2217=ADVANCED_FACE('',(#246),#2099,.F.);
#2218=ADVANCED_FACE('',(#247),#2100,.T.);
#2219=ADVANCED_FACE('',(#248),#62,.F.);
#2220=ADVANCED_FACE('',(#249),#63,.F.);
#2221=ADVANCED_FACE('',(#250),#2101,.F.);
#2222=ADVANCED_FACE('',(#251,#41,#42),#2102,.F.);
#2223=ADVANCED_FACE('',(#252,#43),#2103,.T.);
#2224=ADVANCED_FACE('',(#253,#44),#2104,.T.);
#2225=ADVANCED_FACE('',(#254),#138,.T.);
#2226=ADVANCED_FACE('',(#255),#139,.T.);
#2227=ADVANCED_FACE('',(#256),#64,.T.);
#2228=ADVANCED_FACE('',(#257),#65,.T.);
#2229=ADVANCED_FACE('',(#258),#2105,.F.);
#2230=ADVANCED_FACE('',(#259),#2106,.F.);
#2231=ADVANCED_FACE('',(#260),#2107,.T.);
#2232=ADVANCED_FACE('',(#261),#2108,.F.);
#2233=ADVANCED_FACE('',(#262),#2109,.T.);
#2234=ADVANCED_FACE('',(#263),#2110,.T.);
#2235=CLOSED_SHELL('',(#2111,#2112,#2113,#2114,#2115,#2116,#2117,#2118,
#2119,#2120,#2121,#2122,#2123,#2124,#2125,#2126,#2127,#2128,#2129,#2130,
#2131,#2132,#2133,#2134,#2135,#2136,#2137,#2138,#2139,#2140,#2141,#2142,
#2143,#2144,#2145,#2146,#2147,#2148,#2149,#2150,#2151,#2152,#2153,#2154,
#2155,#2156));
#2236=CLOSED_SHELL('',(#2157,#2158,#2159,#2160,#2161,#2162,#2163,#2164,
#2165,#2166,#2167,#2168,#2169,#2170,#2171,#2172,#2173,#2174,#2175,#2176,
#2177,#2178,#2179,#2180,#2181,#2182,#2183,#2184,#2185,#2186,#2187,#2188,
#2189,#2190,#2191,#2192,#2193,#2194,#2195,#2196,#2197,#2198));
#2237=CLOSED_SHELL('',(#2199,#2200,#2201,#2202,#2203,#2204,#2205,#2206,
#2207,#2208,#2209,#2210,#2211,#2212,#2213,#2214,#2215,#2216,#2217,#2218,
#2219,#2220,#2221,#2222,#2223,#2224,#2225,#2226,#2227,#2228,#2229,#2230,
#2231,#2232,#2233,#2234));
#2238=DERIVED_UNIT_ELEMENT(#2241,1.);
#2239=DERIVED_UNIT_ELEMENT(#3688,-3.);
#2240=DIMENSIONAL_EXPONENTS(0.,1.,0.,0.,0.,0.,0.);
#2241=(
CONVERSION_BASED_UNIT('gram',#2243)
MASS_UNIT()
NAMED_UNIT(#2240)
);
#2242=(
MASS_UNIT()
NAMED_UNIT(*)
SI_UNIT(.KILO.,.GRAM.)
);
#2243=MASS_MEASURE_WITH_UNIT(MASS_MEASURE(0.001),#2242);
#2244=DERIVED_UNIT((#2238,#2239));
#2245=MEASURE_REPRESENTATION_ITEM('density measure',
POSITIVE_RATIO_MEASURE(1.),#2244);
#2246=PROPERTY_DEFINITION_REPRESENTATION(#2251,#2248);
#2247=PROPERTY_DEFINITION_REPRESENTATION(#2252,#2249);
#2248=REPRESENTATION('material name',(#2250),#3685);
#2249=REPRESENTATION('density',(#2245),#3685);
#2250=DESCRIPTIVE_REPRESENTATION_ITEM('Generisch','Generisch');
#2251=PROPERTY_DEFINITION('material property','material name',#3695);
#2252=PROPERTY_DEFINITION('material property','density of part',#3695);
#2253=DATE_TIME_ROLE('creation_date');
#2254=APPLIED_DATE_AND_TIME_ASSIGNMENT(#2255,#2253,(#3695));
#2255=DATE_AND_TIME(#2256,#2257);
#2256=CALENDAR_DATE(2026,7,3);
#2257=LOCAL_TIME(0,0,0.,#2258);
#2258=COORDINATED_UNIVERSAL_TIME_OFFSET(0,0,.BEHIND.);
#2259=AXIS2_PLACEMENT_3D('',#3056,#2442,#2443);
#2260=AXIS2_PLACEMENT_3D('',#3057,#2444,#2445);
#2261=AXIS2_PLACEMENT_3D('',#3090,#2462,#2463);
#2262=AXIS2_PLACEMENT_3D('',#3092,#2464,#2465);
#2263=AXIS2_PLACEMENT_3D('',#3095,#2467,#2468);
#2264=AXIS2_PLACEMENT_3D('',#3096,#2469,#2470);
#2265=AXIS2_PLACEMENT_3D('',#3099,#2472,#2473);
#2266=AXIS2_PLACEMENT_3D('',#3100,#2474,#2475);
#2267=AXIS2_PLACEMENT_3D('',#3107,#2479,#2480);
#2268=AXIS2_PLACEMENT_3D('',#3109,#2481,#2482);
#2269=AXIS2_PLACEMENT_3D('',#3111,#2483,#2484);
#2270=AXIS2_PLACEMENT_3D('',#3112,#2485,#2486);
#2271=AXIS2_PLACEMENT_3D('',#3114,#2487,#2488);
#2272=AXIS2_PLACEMENT_3D('',#3115,#2489,#2490);
#2273=AXIS2_PLACEMENT_3D('',#3119,#2493,#2494);
#2274=AXIS2_PLACEMENT_3D('',#3147,#2509,#2510);
#2275=AXIS2_PLACEMENT_3D('',#3149,#2512,#2513);
#2276=AXIS2_PLACEMENT_3D('',#3151,#2514,#2515);
#2277=AXIS2_PLACEMENT_3D('',#3153,#2517,#2518);
#2278=AXIS2_PLACEMENT_3D('',#3155,#2519,#2520);
#2279=AXIS2_PLACEMENT_3D('',#3157,#2522,#2523);
#2280=AXIS2_PLACEMENT_3D('',#3159,#2524,#2525);
#2281=AXIS2_PLACEMENT_3D('',#3161,#2527,#2528);
#2282=AXIS2_PLACEMENT_3D('',#3164,#2530,#2531);
#2283=AXIS2_PLACEMENT_3D('',#3165,#2532,#2533);
#2284=AXIS2_PLACEMENT_3D('',#3167,#2535,#2536);
#2285=AXIS2_PLACEMENT_3D('',#3178,#2543,#2544);
#2286=AXIS2_PLACEMENT_3D('',#3186,#2550,#2551);
#2287=AXIS2_PLACEMENT_3D('',#3187,#2552,#2553);
#2288=AXIS2_PLACEMENT_3D('',#3197,#2559,#2560);
#2289=AXIS2_PLACEMENT_3D('',#3205,#2566,#2567);
#2290=AXIS2_PLACEMENT_3D('',#3207,#2569,#2570);
#2291=AXIS2_PLACEMENT_3D('',#3210,#2572,#2573);
#2292=AXIS2_PLACEMENT_3D('',#3212,#2574,#2575);
#2293=AXIS2_PLACEMENT_3D('',#3214,#2576,#2577);
#2294=AXIS2_PLACEMENT_3D('',#3216,#2578,#2579);
#2295=AXIS2_PLACEMENT_3D('',#3217,#2580,#2581);
#2296=AXIS2_PLACEMENT_3D('',#3218,#2582,#2583);
#2297=AXIS2_PLACEMENT_3D('',#3221,#2585,#2586);
#2298=AXIS2_PLACEMENT_3D('',#3222,#2587,#2588);
#2299=AXIS2_PLACEMENT_3D('',#3225,#2590,#2591);
#2300=AXIS2_PLACEMENT_3D('',#3226,#2592,#2593);
#2301=AXIS2_PLACEMENT_3D('',#3229,#2595,#2596);
#2302=AXIS2_PLACEMENT_3D('',#3230,#2597,#2598);
#2303=AXIS2_PLACEMENT_3D('',#3232,#2600,#2601);
#2304=AXIS2_PLACEMENT_3D('',#3235,#2603,#2604);
#2305=AXIS2_PLACEMENT_3D('',#3236,#2605,#2606);
#2306=AXIS2_PLACEMENT_3D('',#3239,#2608,#2609);
#2307=AXIS2_PLACEMENT_3D('',#3240,#2610,#2611);
#2308=AXIS2_PLACEMENT_3D('',#3243,#2613,#2614);
#2309=AXIS2_PLACEMENT_3D('',#3244,#2615,#2616);
#2310=AXIS2_PLACEMENT_3D('',#3246,#2617,#2618);
#2311=AXIS2_PLACEMENT_3D('',#3247,#2619,#2620);
#2312=AXIS2_PLACEMENT_3D('',#3249,#2621,#2622);
#2313=AXIS2_PLACEMENT_3D('',#3250,#2623,#2624);
#2314=AXIS2_PLACEMENT_3D('',#3252,#2625,#2626);
#2315=AXIS2_PLACEMENT_3D('',#3253,#2627,#2628);
#2316=AXIS2_PLACEMENT_3D('',#3255,#2630,#2631);
#2317=AXIS2_PLACEMENT_3D('',#3257,#2633,#2634);
#2318=AXIS2_PLACEMENT_3D('',#3259,#2636,#2637);
#2319=AXIS2_PLACEMENT_3D('',#3263,#2640,#2641);
#2320=AXIS2_PLACEMENT_3D('',#3267,#2644,#2645);
#2321=AXIS2_PLACEMENT_3D('',#3269,#2647,#2648);
#2322=AXIS2_PLACEMENT_3D('',#3270,#2649,#2650);
#2323=AXIS2_PLACEMENT_3D('',#3272,#2652,#2653);
#2324=AXIS2_PLACEMENT_3D('',#3273,#2654,#2655);
#2325=AXIS2_PLACEMENT_3D('',#3277,#2658,#2659);
#2326=AXIS2_PLACEMENT_3D('',#3279,#2661,#2662);
#2327=AXIS2_PLACEMENT_3D('',#3280,#2663,#2664);
#2328=AXIS2_PLACEMENT_3D('',#3284,#2667,#2668);
#2329=AXIS2_PLACEMENT_3D('',#3286,#2670,#2671);
#2330=AXIS2_PLACEMENT_3D('',#3287,#2672,#2673);
#2331=AXIS2_PLACEMENT_3D('',#3296,#2678,#2679);
#2332=AXIS2_PLACEMENT_3D('',#3300,#2681,#2682);
#2333=AXIS2_PLACEMENT_3D('',#3301,#2683,#2684);
#2334=AXIS2_PLACEMENT_3D('',#3302,#2685,#2686);
#2335=AXIS2_PLACEMENT_3D('',#3308,#2690,#2691);
#2336=AXIS2_PLACEMENT_3D('',#3311,#2694,#2695);
#2337=AXIS2_PLACEMENT_3D('',#3321,#2700,#2701);
#2338=AXIS2_PLACEMENT_3D('',#3323,#2702,#2703);
#2339=AXIS2_PLACEMENT_3D('',#3324,#2704,#2705);
#2340=AXIS2_PLACEMENT_3D('',#3334,#2710,#2711);
#2341=AXIS2_PLACEMENT_3D('',#3336,#2712,#2713);
#2342=AXIS2_PLACEMENT_3D('',#3337,#2714,#2715);
#2343=AXIS2_PLACEMENT_3D('',#3339,#2716,#2717);
#2344=AXIS2_PLACEMENT_3D('',#3341,#2718,#2719);
#2345=AXIS2_PLACEMENT_3D('',#3342,#2720,#2721);
#2346=AXIS2_PLACEMENT_3D('',#3344,#2722,#2723);
#2347=AXIS2_PLACEMENT_3D('',#3346,#2724,#2725);
#2348=AXIS2_PLACEMENT_3D('',#3347,#2726,#2727);
#2349=AXIS2_PLACEMENT_3D('',#3349,#2728,#2729);
#2350=AXIS2_PLACEMENT_3D('',#3351,#2731,#2732);
#2351=AXIS2_PLACEMENT_3D('',#3353,#2733,#2734);
#2352=AXIS2_PLACEMENT_3D('',#3355,#2736,#2737);
#2353=AXIS2_PLACEMENT_3D('',#3358,#2739,#2740);
#2354=AXIS2_PLACEMENT_3D('',#3359,#2741,#2742);
#2355=AXIS2_PLACEMENT_3D('',#3362,#2744,#2745);
#2356=AXIS2_PLACEMENT_3D('',#3363,#2746,#2747);
#2357=AXIS2_PLACEMENT_3D('',#3365,#2749,#2750);
#2358=AXIS2_PLACEMENT_3D('',#3367,#2752,#2753);
#2359=AXIS2_PLACEMENT_3D('',#3369,#2755,#2756);
#2360=AXIS2_PLACEMENT_3D('',#3371,#2758,#2759);
#2361=AXIS2_PLACEMENT_3D('',#3377,#2763,#2764);
#2362=AXIS2_PLACEMENT_3D('',#3383,#2768,#2769);
#2363=AXIS2_PLACEMENT_3D('',#3396,#2776,#2777);
#2364=AXIS2_PLACEMENT_3D('',#3409,#2784,#2785);
#2365=AXIS2_PLACEMENT_3D('',#3415,#2790,#2791);
#2366=AXIS2_PLACEMENT_3D('',#3417,#2793,#2794);
#2367=AXIS2_PLACEMENT_3D('',#3421,#2797,#2798);
#2368=AXIS2_PLACEMENT_3D('',#3425,#2801,#2802);
#2369=AXIS2_PLACEMENT_3D('',#3433,#2808,#2809);
#2370=AXIS2_PLACEMENT_3D('',#3437,#2812,#2813);
#2371=AXIS2_PLACEMENT_3D('',#3441,#2815,#2816);
#2372=AXIS2_PLACEMENT_3D('',#3444,#2818,#2819);
#2373=AXIS2_PLACEMENT_3D('',#3445,#2820,#2821);
#2374=AXIS2_PLACEMENT_3D('',#3447,#2822,#2823);
#2375=AXIS2_PLACEMENT_3D('',#3449,#2825,#2826);
#2376=AXIS2_PLACEMENT_3D('',#3453,#2829,#2830);
#2377=AXIS2_PLACEMENT_3D('',#3455,#2831,#2832);
#2378=AXIS2_PLACEMENT_3D('',#3461,#2836,#2837);
#2379=AXIS2_PLACEMENT_3D('',#3471,#2843,#2844);
#2380=AXIS2_PLACEMENT_3D('',#3477,#2848,#2849);
#2381=AXIS2_PLACEMENT_3D('',#3481,#2852,#2853);
#2382=AXIS2_PLACEMENT_3D('',#3483,#2855,#2856);
#2383=AXIS2_PLACEMENT_3D('',#3487,#2859,#2860);
#2384=AXIS2_PLACEMENT_3D('',#3493,#2864,#2865);
#2385=AXIS2_PLACEMENT_3D('',#3495,#2867,#2868);
#2386=AXIS2_PLACEMENT_3D('',#3497,#2870,#2871);
#2387=AXIS2_PLACEMENT_3D('',#3499,#2873,#2874);
#2388=AXIS2_PLACEMENT_3D('',#3500,#2875,#2876);
#2389=AXIS2_PLACEMENT_3D('',#3502,#2878,#2879);
#2390=AXIS2_PLACEMENT_3D('',#3503,#2880,#2881);
#2391=AXIS2_PLACEMENT_3D('',#3536,#2898,#2899);
#2392=AXIS2_PLACEMENT_3D('',#3545,#2904,#2905);
#2393=AXIS2_PLACEMENT_3D('',#3548,#2908,#2909);
#2394=AXIS2_PLACEMENT_3D('',#3551,#2910,#2911);
#2395=AXIS2_PLACEMENT_3D('',#3555,#2913,#2914);
#2396=AXIS2_PLACEMENT_3D('',#3566,#2921,#2922);
#2397=AXIS2_PLACEMENT_3D('',#3569,#2925,#2926);
#2398=AXIS2_PLACEMENT_3D('',#3571,#2927,#2928);
#2399=AXIS2_PLACEMENT_3D('',#3573,#2929,#2930);
#2400=AXIS2_PLACEMENT_3D('',#3574,#2931,#2932);
#2401=AXIS2_PLACEMENT_3D('',#3576,#2934,#2935);
#2402=AXIS2_PLACEMENT_3D('',#3578,#2937,#2938);
#2403=AXIS2_PLACEMENT_3D('',#3584,#2942,#2943);
#2404=AXIS2_PLACEMENT_3D('',#3593,#2949,#2950);
#2405=AXIS2_PLACEMENT_3D('',#3595,#2951,#2952);
#2406=AXIS2_PLACEMENT_3D('',#3597,#2954,#2955);
#2407=AXIS2_PLACEMENT_3D('',#3601,#2958,#2959);
#2408=AXIS2_PLACEMENT_3D('',#3603,#2960,#2961);
#2409=AXIS2_PLACEMENT_3D('',#3605,#2963,#2964);
#2410=AXIS2_PLACEMENT_3D('',#3614,#2970,#2971);
#2411=AXIS2_PLACEMENT_3D('',#3618,#2974,#2975);
#2412=AXIS2_PLACEMENT_3D('',#3620,#2976,#2977);
#2413=AXIS2_PLACEMENT_3D('',#3622,#2979,#2980);
#2414=AXIS2_PLACEMENT_3D('',#3624,#2981,#2982);
#2415=AXIS2_PLACEMENT_3D('',#3626,#2984,#2985);
#2416=AXIS2_PLACEMENT_3D('',#3628,#2987,#2988);
#2417=AXIS2_PLACEMENT_3D('',#3632,#2991,#2992);
#2418=AXIS2_PLACEMENT_3D('',#3636,#2995,#2996);
#2419=AXIS2_PLACEMENT_3D('',#3639,#2998,#2999);
#2420=AXIS2_PLACEMENT_3D('',#3640,#3000,#3001);
#2421=AXIS2_PLACEMENT_3D('',#3643,#3003,#3004);
#2422=AXIS2_PLACEMENT_3D('',#3644,#3005,#3006);
#2423=AXIS2_PLACEMENT_3D('',#3646,#3008,#3009);
#2424=AXIS2_PLACEMENT_3D('',#3648,#3010,#3011);
#2425=AXIS2_PLACEMENT_3D('',#3650,#3012,#3013);
#2426=AXIS2_PLACEMENT_3D('',#3651,#3014,#3015);
#2427=AXIS2_PLACEMENT_3D('',#3653,#3016,#3017);
#2428=AXIS2_PLACEMENT_3D('',#3654,#3018,#3019);
#2429=AXIS2_PLACEMENT_3D('',#3656,#3020,#3021);
#2430=AXIS2_PLACEMENT_3D('',#3657,#3022,#3023);
#2431=AXIS2_PLACEMENT_3D('',#3660,#3025,#3026);
#2432=AXIS2_PLACEMENT_3D('',#3661,#3027,#3028);
#2433=AXIS2_PLACEMENT_3D('',#3664,#3030,#3031);
#2434=AXIS2_PLACEMENT_3D('',#3665,#3032,#3033);
#2435=AXIS2_PLACEMENT_3D('',#3667,#3035,#3036);
#2436=AXIS2_PLACEMENT_3D('',#3669,#3038,#3039);
#2437=AXIS2_PLACEMENT_3D('',#3673,#3042,#3043);
#2438=AXIS2_PLACEMENT_3D('',#3675,#3045,#3046);
#2439=AXIS2_PLACEMENT_3D('',#3676,#3047,#3048);
#2440=AXIS2_PLACEMENT_3D('',#3680,#3051,#3052);
#2441=AXIS2_PLACEMENT_3D('',#3682,#3054,#3055);
#2442=DIRECTION('axis',(0.,0.,1.));
#2443=DIRECTION('refdir',(1.,0.,0.));
#2444=DIRECTION('center_axis',(-1.64619443962868E-16,-1.70335777424276E-30,
1.));
#2445=DIRECTION('ref_axis',(-1.03472453389344E-14,1.,0.));
#2446=DIRECTION('',(-1.03472453389344E-14,1.,0.));
#2447=DIRECTION('',(-0.707106781186549,0.707106781186546,-1.16403525141302E-16));
#2448=DIRECTION('',(1.,1.52462163886072E-16,1.64619443962868E-16));
#2449=DIRECTION('',(0.707106781186556,0.707106781186539,1.16403525141305E-16));
#2450=DIRECTION('',(-1.48080184572935E-16,-1.,-1.72773465188907E-30));
#2451=DIRECTION('',(-1.,0.,-1.64619443962868E-16));
#2452=DIRECTION('',(0.,1.,1.70335777424276E-30));
#2453=DIRECTION('',(-1.,-1.03472453389344E-14,-1.64619443962868E-16));
#2454=DIRECTION('',(-1.03472453389344E-14,1.,0.));
#2455=DIRECTION('',(0.707106781186548,0.707106781186547,1.16403525141304E-16));
#2456=DIRECTION('',(1.,-1.23910767003917E-16,1.64619443962868E-16));
#2457=DIRECTION('',(-0.707106781186547,0.707106781186548,-1.16403525141302E-16));
#2458=DIRECTION('',(5.66264072363916E-17,-1.,-1.69403596656989E-30));
#2459=DIRECTION('',(-1.,-1.03472453389344E-14,-1.64619443962868E-16));
#2460=DIRECTION('',(0.,1.,1.70335777424276E-30));
#2461=DIRECTION('',(-1.,0.,-1.64619443962868E-16));
#2462=DIRECTION('center_axis',(0.,1.,0.));
#2463=DIRECTION('ref_axis',(1.,0.,0.));
#2464=DIRECTION('center_axis',(0.,-1.,0.));
#2465=DIRECTION('ref_axis',(1.,0.,0.));
#2466=DIRECTION('',(-0.707106781186548,0.707106781186547,8.65956056235494E-17));
#2467=DIRECTION('center_axis',(0.,1.,0.));
#2468=DIRECTION('ref_axis',(1.,0.,0.));
#2469=DIRECTION('center_axis',(0.,-1.,0.));
#2470=DIRECTION('ref_axis',(1.,0.,0.));
#2471=DIRECTION('',(0.,-1.,0.));
#2472=DIRECTION('center_axis',(0.,-1.,0.));
#2473=DIRECTION('ref_axis',(1.,0.,0.));
#2474=DIRECTION('center_axis',(0.,1.,0.));
#2475=DIRECTION('ref_axis',(1.,0.,3.86870350251115E-34));
#2476=DIRECTION('',(3.86870350251115E-34,0.,-1.));
#2477=DIRECTION('',(1.,0.,3.86870350251115E-34));
#2478=DIRECTION('',(3.86870350251115E-34,0.,-1.));
#2479=DIRECTION('center_axis',(0.,1.,0.));
#2480=DIRECTION('ref_axis',(1.,0.,3.86870350251115E-34));
#2481=DIRECTION('center_axis',(0.,1.,0.));
#2482=DIRECTION('ref_axis',(1.,0.,3.86870350251115E-34));
#2483=DIRECTION('center_axis',(0.,1.,0.));
#2484=DIRECTION('ref_axis',(1.,0.,3.86870350251115E-34));
#2485=DIRECTION('center_axis',(0.,-1.,0.));
#2486=DIRECTION('ref_axis',(-1.,0.,-3.86870350251115E-34));
#2487=DIRECTION('center_axis',(0.,-1.,0.));
#2488=DIRECTION('ref_axis',(-1.,0.,-3.86870350251115E-34));
#2489=DIRECTION('center_axis',(-0.707106781186548,0.707106781186547,0.));
#2490=DIRECTION('ref_axis',(0.,0.,-1.));
#2491=DIRECTION('',(0.,0.,-1.));
#2492=DIRECTION('',(0.707106781186547,0.707106781186548,2.00971834711523E-14));
#2493=DIRECTION('center_axis',(0.,0.,1.));
#2494=DIRECTION('ref_axis',(1.,0.,0.));
#2495=DIRECTION('',(-1.,0.,0.));
#2496=DIRECTION('',(0.,-1.,0.));
#2497=DIRECTION('',(0.707106781186545,0.70710678118655,0.));
#2498=DIRECTION('',(1.,0.,0.));
#2499=DIRECTION('',(-0.707106781186552,0.707106781186544,0.));
#2500=DIRECTION('',(0.,1.,0.));
#2501=DIRECTION('',(-1.,0.,0.));
#2502=DIRECTION('',(0.,1.,0.));
#2503=DIRECTION('',(-1.,0.,0.));
#2504=DIRECTION('',(0.,-1.,0.));
#2505=DIRECTION('',(-0.707106781186548,0.707106781186548,0.));
#2506=DIRECTION('',(0.,1.,0.));
#2507=DIRECTION('',(-1.,0.,0.));
#2508=DIRECTION('',(0.,1.,0.));
#2509=DIRECTION('center_axis',(-0.707106781186548,-0.707106781186548,0.));
#2510=DIRECTION('ref_axis',(0.,0.,-1.));
#2511=DIRECTION('',(0.,0.,-1.));
#2512=DIRECTION('center_axis',(0.,1.,0.));
#2513=DIRECTION('ref_axis',(1.,0.,0.));
#2514=DIRECTION('center_axis',(0.,-1.,0.));
#2515=DIRECTION('ref_axis',(1.,0.,0.));
#2516=DIRECTION('',(-0.707106781186548,0.707106781186547,8.65956056235494E-17));
#2517=DIRECTION('center_axis',(0.,1.,0.));
#2518=DIRECTION('ref_axis',(1.,0.,0.));
#2519=DIRECTION('center_axis',(0.,-1.,0.));
#2520=DIRECTION('ref_axis',(1.,0.,0.));
#2521=DIRECTION('',(-0.707106781186548,0.707106781186547,8.65956056235494E-17));
#2522=DIRECTION('center_axis',(0.,1.,0.));
#2523=DIRECTION('ref_axis',(1.,0.,0.));
#2524=DIRECTION('center_axis',(0.,-1.,0.));
#2525=DIRECTION('ref_axis',(1.,0.,0.));
#2526=DIRECTION('',(-0.707106781186548,0.707106781186547,8.65956056235494E-17));
#2527=DIRECTION('center_axis',(0.,-1.,0.));
#2528=DIRECTION('ref_axis',(1.,0.,0.));
#2529=DIRECTION('',(0.,1.,0.));
#2530=DIRECTION('center_axis',(0.,1.,0.));
#2531=DIRECTION('ref_axis',(1.,0.,0.));
#2532=DIRECTION('center_axis',(-1.,0.,-3.86870350251115E-34));
#2533=DIRECTION('ref_axis',(0.,1.,0.));
#2534=DIRECTION('',(3.86870350251115E-34,0.,-1.));
#2535=DIRECTION('center_axis',(-1.,0.,-3.86870350251115E-34));
#2536=DIRECTION('ref_axis',(0.,1.,0.));
#2537=DIRECTION('',(3.86870350251115E-34,0.,-1.));
#2538=DIRECTION('',(0.,1.,0.));
#2539=DIRECTION('',(-3.86870350251115E-34,0.,1.));
#2540=DIRECTION('',(3.86870350251115E-34,0.,-1.));
#2541=DIRECTION('',(3.86870350251115E-34,0.,-1.));
#2542=DIRECTION('',(0.,1.,0.));
#2543=DIRECTION('center_axis',(0.,-1.,0.));
#2544=DIRECTION('ref_axis',(-1.,0.,-3.86870350251115E-34));
#2545=DIRECTION('',(3.86870350251115E-34,0.,-1.));
#2546=DIRECTION('',(8.55284707229503E-50,0.,-1.));
#2547=DIRECTION('',(1.,0.,-8.55284707229503E-50));
#2548=DIRECTION('',(1.,0.,-8.55284707229503E-50));
#2549=DIRECTION('',(-8.55284707229503E-50,0.,1.));
#2550=DIRECTION('center_axis',(1.,0.,3.86870350251115E-34));
#2551=DIRECTION('ref_axis',(0.,-1.,0.));
#2552=DIRECTION('center_axis',(0.,-1.,0.));
#2553=DIRECTION('ref_axis',(-1.,0.,-3.86870350251115E-34));
#2554=DIRECTION('',(3.86870350251115E-34,0.,-1.));
#2555=DIRECTION('',(1.,0.,-8.55284707229503E-50));
#2556=DIRECTION('',(8.55284707229503E-50,0.,-1.));
#2557=DIRECTION('',(-8.55284707229503E-50,0.,1.));
#2558=DIRECTION('',(1.,0.,-8.55284707229503E-50));
#2559=DIRECTION('center_axis',(1.,0.,3.86870350251115E-34));
#2560=DIRECTION('ref_axis',(0.,-1.,0.));
#2561=DIRECTION('',(3.86870350251115E-34,0.,-1.));
#2562=DIRECTION('',(-3.86870350251115E-34,0.,1.));
#2563=DIRECTION('',(0.,1.,0.));
#2564=DIRECTION('',(0.,1.,0.));
#2565=DIRECTION('',(3.86870350251115E-34,0.,-1.));
#2566=DIRECTION('center_axis',(-0.707106781186548,0.707106781186547,0.));
#2567=DIRECTION('ref_axis',(0.,0.,-1.));
#2568=DIRECTION('',(0.,0.,-1.));
#2569=DIRECTION('center_axis',(0.,1.,0.));
#2570=DIRECTION('ref_axis',(1.,0.,3.86870350251115E-34));
#2571=DIRECTION('',(3.86870350251115E-34,0.,-1.));
#2572=DIRECTION('center_axis',(0.,1.,0.));
#2573=DIRECTION('ref_axis',(1.,0.,3.86870350251115E-34));
#2574=DIRECTION('center_axis',(0.,1.,0.));
#2575=DIRECTION('ref_axis',(1.,0.,3.86870350251115E-34));
#2576=DIRECTION('center_axis',(0.,1.,0.));
#2577=DIRECTION('ref_axis',(1.,0.,3.86870350251115E-34));
#2578=DIRECTION('center_axis',(0.,1.,0.));
#2579=DIRECTION('ref_axis',(1.,0.,3.86870350251115E-34));
#2580=DIRECTION('center_axis',(-0.707106781186548,-0.707106781186548,0.));
#2581=DIRECTION('ref_axis',(0.,0.,-1.));
#2582=DIRECTION('center_axis',(0.,-1.,0.));
#2583=DIRECTION('ref_axis',(1.,0.,0.));
#2584=DIRECTION('',(0.,-1.,0.));
#2585=DIRECTION('center_axis',(0.,-1.,0.));
#2586=DIRECTION('ref_axis',(1.,0.,0.));
#2587=DIRECTION('center_axis',(0.,-1.,0.));
#2588=DIRECTION('ref_axis',(1.,0.,0.));
#2589=DIRECTION('',(0.,-1.,0.));
#2590=DIRECTION('center_axis',(0.,-1.,0.));
#2591=DIRECTION('ref_axis',(1.,0.,0.));
#2592=DIRECTION('center_axis',(0.,-1.,0.));
#2593=DIRECTION('ref_axis',(1.,0.,0.));
#2594=DIRECTION('',(0.,-1.,0.));
#2595=DIRECTION('center_axis',(0.,-1.,0.));
#2596=DIRECTION('ref_axis',(1.,0.,0.));
#2597=DIRECTION('center_axis',(0.,1.,0.));
#2598=DIRECTION('ref_axis',(1.,0.,0.));
#2599=DIRECTION('',(0.707106781186548,-0.707106781186547,-8.65956056235494E-17));
#2600=DIRECTION('center_axis',(0.,1.,0.));
#2601=DIRECTION('ref_axis',(1.,0.,0.));
#2602=DIRECTION('',(0.707106781186548,-0.707106781186547,-8.65956056235494E-17));
#2603=DIRECTION('center_axis',(0.,1.,0.));
#2604=DIRECTION('ref_axis',(1.,0.,0.));
#2605=DIRECTION('center_axis',(0.,1.,0.));
#2606=DIRECTION('ref_axis',(1.,0.,0.));
#2607=DIRECTION('',(0.707106781186548,-0.707106781186547,-8.65956056235494E-17));
#2608=DIRECTION('center_axis',(0.,1.,0.));
#2609=DIRECTION('ref_axis',(1.,0.,0.));
#2610=DIRECTION('center_axis',(0.,1.,0.));
#2611=DIRECTION('ref_axis',(1.,0.,0.));
#2612=DIRECTION('',(0.707106781186548,-0.707106781186547,-8.65956056235494E-17));
#2613=DIRECTION('center_axis',(0.,1.,0.));
#2614=DIRECTION('ref_axis',(1.,0.,0.));
#2615=DIRECTION('center_axis',(0.,-1.,0.));
#2616=DIRECTION('ref_axis',(-1.,0.,-3.86870350251115E-34));
#2617=DIRECTION('center_axis',(0.,-1.,0.));
#2618=DIRECTION('ref_axis',(-1.,0.,-3.86870350251115E-34));
#2619=DIRECTION('center_axis',(0.,-1.,0.));
#2620=DIRECTION('ref_axis',(-1.,0.,-3.86870350251115E-34));
#2621=DIRECTION('center_axis',(0.,-1.,0.));
#2622=DIRECTION('ref_axis',(-1.,0.,-3.86870350251115E-34));
#2623=DIRECTION('center_axis',(0.,-1.,0.));
#2624=DIRECTION('ref_axis',(-1.,0.,-3.86870350251115E-34));
#2625=DIRECTION('center_axis',(0.,-1.,0.));
#2626=DIRECTION('ref_axis',(-1.,0.,-3.86870350251115E-34));
#2627=DIRECTION('center_axis',(0.,-1.,0.));
#2628=DIRECTION('ref_axis',(1.,0.,0.));
#2629=DIRECTION('',(0.,1.,0.));
#2630=DIRECTION('center_axis',(0.,-1.,0.));
#2631=DIRECTION('ref_axis',(1.,0.,0.));
#2632=DIRECTION('',(0.,1.,0.));
#2633=DIRECTION('center_axis',(0.,-1.,0.));
#2634=DIRECTION('ref_axis',(1.,0.,0.));
#2635=DIRECTION('',(0.,1.,0.));
#2636=DIRECTION('center_axis',(0.,1.,0.));
#2637=DIRECTION('ref_axis',(0.,0.,1.));
#2638=DIRECTION('',(0.,0.,-1.));
#2639=DIRECTION('',(1.,0.,0.));
#2640=DIRECTION('center_axis',(0.,1.,0.));
#2641=DIRECTION('ref_axis',(0.,0.,1.));
#2642=DIRECTION('',(0.,0.,-1.));
#2643=DIRECTION('',(1.,0.,0.));
#2644=DIRECTION('center_axis',(1.,0.,0.));
#2645=DIRECTION('ref_axis',(0.,0.,-1.));
#2646=DIRECTION('',(0.,1.,0.));
#2647=DIRECTION('center_axis',(0.,0.,1.));
#2648=DIRECTION('ref_axis',(1.,0.,0.));
#2649=DIRECTION('center_axis',(1.,0.,0.));
#2650=DIRECTION('ref_axis',(0.,0.,-1.));
#2651=DIRECTION('',(0.,1.,0.));
#2652=DIRECTION('center_axis',(0.,0.,1.));
#2653=DIRECTION('ref_axis',(1.,0.,0.));
#2654=DIRECTION('center_axis',(0.,-1.,0.));
#2655=DIRECTION('ref_axis',(0.,0.,-1.));
#2656=DIRECTION('',(0.,0.,1.));
#2657=DIRECTION('',(1.,0.,0.));
#2658=DIRECTION('center_axis',(-1.,0.,0.));
#2659=DIRECTION('ref_axis',(0.,0.,1.));
#2660=DIRECTION('',(0.,1.,0.));
#2661=DIRECTION('center_axis',(0.,0.,1.));
#2662=DIRECTION('ref_axis',(1.,0.,0.));
#2663=DIRECTION('center_axis',(0.,-1.,0.));
#2664=DIRECTION('ref_axis',(0.,0.,-1.));
#2665=DIRECTION('',(1.,0.,0.));
#2666=DIRECTION('',(0.,0.,1.));
#2667=DIRECTION('center_axis',(-1.,0.,0.));
#2668=DIRECTION('ref_axis',(0.,0.,1.));
#2669=DIRECTION('',(0.,1.,0.));
#2670=DIRECTION('center_axis',(0.,0.,1.));
#2671=DIRECTION('ref_axis',(1.,0.,0.));
#2672=DIRECTION('center_axis',(0.,0.,1.));
#2673=DIRECTION('ref_axis',(-1.,0.,0.));
#2674=DIRECTION('',(0.,-1.,0.));
#2675=DIRECTION('',(-1.,0.,0.));
#2676=DIRECTION('',(0.,-1.,0.));
#2677=DIRECTION('',(-1.,0.,0.));
#2678=DIRECTION('center_axis',(0.,1.,0.));
#2679=DIRECTION('ref_axis',(1.,0.,-1.22464679914735E-16));
#2680=DIRECTION('',(0.,-1.,0.));
#2681=DIRECTION('center_axis',(0.,1.,0.));
#2682=DIRECTION('ref_axis',(-1.,0.,0.));
#2683=DIRECTION('center_axis',(0.,1.,0.));
#2684=DIRECTION('ref_axis',(-1.,0.,0.));
#2685=DIRECTION('center_axis',(1.,0.,0.));
#2686=DIRECTION('ref_axis',(0.,0.,1.));
#2687=DIRECTION('',(0.,-1.,0.));
#2688=DIRECTION('',(0.,0.,1.));
#2689=DIRECTION('',(0.,0.,1.));
#2690=DIRECTION('center_axis',(0.,0.,-1.));
#2691=DIRECTION('ref_axis',(1.,0.,0.));
#2692=DIRECTION('',(1.,0.,0.));
#2693=DIRECTION('',(1.,0.,0.));
#2694=DIRECTION('center_axis',(0.,1.,0.));
#2695=DIRECTION('ref_axis',(1.,0.,3.86870350251115E-34));
#2696=DIRECTION('',(3.86870350251115E-34,0.,-1.));
#2697=DIRECTION('',(1.,0.,3.86870350251115E-34));
#2698=DIRECTION('',(3.86870350251115E-34,0.,-1.));
#2699=DIRECTION('',(1.,0.,3.86870350251115E-34));
#2700=DIRECTION('center_axis',(0.,1.,0.));
#2701=DIRECTION('ref_axis',(1.,0.,3.86870350251115E-34));
#2702=DIRECTION('center_axis',(0.,1.,0.));
#2703=DIRECTION('ref_axis',(1.,0.,3.86870350251115E-34));
#2704=DIRECTION('center_axis',(0.,1.,0.));
#2705=DIRECTION('ref_axis',(1.,0.,3.86870350251115E-34));
#2706=DIRECTION('',(3.86870350251115E-34,0.,-1.));
#2707=DIRECTION('',(1.,0.,3.86870350251115E-34));
#2708=DIRECTION('',(3.86870350251115E-34,0.,-1.));
#2709=DIRECTION('',(1.,0.,3.86870350251115E-34));
#2710=DIRECTION('center_axis',(0.,1.,0.));
#2711=DIRECTION('ref_axis',(1.,0.,3.86870350251115E-34));
#2712=DIRECTION('center_axis',(0.,1.,0.));
#2713=DIRECTION('ref_axis',(1.,0.,3.86870350251115E-34));
#2714=DIRECTION('center_axis',(0.,-1.,0.));
#2715=DIRECTION('ref_axis',(-1.,0.,-3.86870350251115E-34));
#2716=DIRECTION('center_axis',(0.,-1.,0.));
#2717=DIRECTION('ref_axis',(-1.,0.,-3.86870350251115E-34));
#2718=DIRECTION('center_axis',(0.,-1.,0.));
#2719=DIRECTION('ref_axis',(-1.,0.,-3.86870350251115E-34));
#2720=DIRECTION('center_axis',(0.,-1.,0.));
#2721=DIRECTION('ref_axis',(-1.,0.,-3.86870350251115E-34));
#2722=DIRECTION('center_axis',(0.,-1.,0.));
#2723=DIRECTION('ref_axis',(-1.,0.,-3.86870350251115E-34));
#2724=DIRECTION('center_axis',(0.,-1.,0.));
#2725=DIRECTION('ref_axis',(-1.,0.,-3.86870350251115E-34));
#2726=DIRECTION('center_axis',(0.,-1.,0.));
#2727=DIRECTION('ref_axis',(1.,0.,0.));
#2728=DIRECTION('center_axis',(0.,-1.,0.));
#2729=DIRECTION('ref_axis',(1.,0.,0.));
#2730=DIRECTION('',(0.,-1.,0.));
#2731=DIRECTION('center_axis',(0.,-1.,0.));
#2732=DIRECTION('ref_axis',(1.,0.,0.));
#2733=DIRECTION('center_axis',(0.,-1.,0.));
#2734=DIRECTION('ref_axis',(1.,0.,0.));
#2735=DIRECTION('',(0.,-1.,0.));
#2736=DIRECTION('center_axis',(0.,-1.,0.));
#2737=DIRECTION('ref_axis',(1.,0.,0.));
#2738=DIRECTION('',(0.,1.,0.));
#2739=DIRECTION('center_axis',(0.,1.,0.));
#2740=DIRECTION('ref_axis',(1.,0.,0.));
#2741=DIRECTION('center_axis',(0.,-1.,0.));
#2742=DIRECTION('ref_axis',(1.,0.,0.));
#2743=DIRECTION('',(0.,1.,0.));
#2744=DIRECTION('center_axis',(0.,1.,0.));
#2745=DIRECTION('ref_axis',(1.,0.,0.));
#2746=DIRECTION('center_axis',(0.,1.,0.));
#2747=DIRECTION('ref_axis',(1.,0.,0.));
#2748=DIRECTION('',(-0.707106781186548,0.707106781186547,8.65956056235494E-17));
#2749=DIRECTION('center_axis',(0.,1.,0.));
#2750=DIRECTION('ref_axis',(1.,0.,0.));
#2751=DIRECTION('',(-0.707106781186548,0.707106781186547,8.65956056235494E-17));
#2752=DIRECTION('center_axis',(0.,1.,0.));
#2753=DIRECTION('ref_axis',(1.,0.,0.));
#2754=DIRECTION('',(0.707106781186548,-0.707106781186547,-8.65956056235494E-17));
#2755=DIRECTION('center_axis',(0.,1.,0.));
#2756=DIRECTION('ref_axis',(1.,0.,0.));
#2757=DIRECTION('',(0.707106781186548,-0.707106781186547,-8.65956056235494E-17));
#2758=DIRECTION('center_axis',(0.,-0.707106781186548,-0.707106781186548));
#2759=DIRECTION('ref_axis',(1.,0.,0.));
#2760=DIRECTION('',(0.577350269189627,-0.577350269189626,0.577350269189626));
#2761=DIRECTION('',(1.,0.,0.));
#2762=DIRECTION('',(-0.577350269189637,-0.57735026918962,0.57735026918962));
#2763=DIRECTION('center_axis',(0.,-0.707106781186548,-0.707106781186548));
#2764=DIRECTION('ref_axis',(1.,0.,0.));
#2765=DIRECTION('',(-0.577350269189628,0.577350269189625,-0.577350269189625));
#2766=DIRECTION('',(0.577350269189626,0.577350269189626,-0.577350269189626));
#2767=DIRECTION('',(1.,0.,0.));
#2768=DIRECTION('center_axis',(0.,-1.,0.));
#2769=DIRECTION('ref_axis',(-1.,0.,-3.86870350251115E-34));
#2770=DIRECTION('',(8.55284707229503E-50,0.,-1.));
#2771=DIRECTION('',(1.,0.,-8.55284707229503E-50));
#2772=DIRECTION('',(-8.55284707229503E-50,0.,1.));
#2773=DIRECTION('',(-1.,0.,-3.86870350251115E-34));
#2774=DIRECTION('',(3.86870350251115E-34,0.,-1.));
#2775=DIRECTION('',(-1.,0.,-3.86870350251115E-34));
#2776=DIRECTION('center_axis',(0.,1.,0.));
#2777=DIRECTION('ref_axis',(0.,0.,1.));
#2778=DIRECTION('',(0.,0.,1.));
#2779=DIRECTION('',(1.,0.,0.));
#2780=DIRECTION('',(0.,0.,-1.));
#2781=DIRECTION('',(1.,0.,0.));
#2782=DIRECTION('',(0.,0.,1.));
#2783=DIRECTION('',(1.,0.,0.));
#2784=DIRECTION('center_axis',(-1.,0.,-3.86870350251115E-34));
#2785=DIRECTION('ref_axis',(0.,1.,0.));
#2786=DIRECTION('',(0.,1.,0.));
#2787=DIRECTION('',(3.86870350251115E-34,0.,-1.));
#2788=DIRECTION('',(0.,-1.,0.));
#2789=DIRECTION('',(0.,1.,0.));
#2790=DIRECTION('center_axis',(-0.707106781186548,0.707106781186547,0.));
#2791=DIRECTION('ref_axis',(0.,0.,-1.));
#2792=DIRECTION('',(0.707106781186547,0.707106781186548,1.33981223141011E-14));
#2793=DIRECTION('center_axis',(0.707106781186548,0.707106781186548,0.));
#2794=DIRECTION('ref_axis',(0.,0.,-1.));
#2795=DIRECTION('',(0.,0.,-1.));
#2796=DIRECTION('',(0.707106781186548,-0.707106781186548,1.33981223141015E-14));
#2797=DIRECTION('center_axis',(-0.707106781186548,0.707106781186547,0.));
#2798=DIRECTION('ref_axis',(0.,0.,-1.));
#2799=DIRECTION('',(0.,0.,-1.));
#2800=DIRECTION('',(0.707106781186547,0.707106781186548,0.));
#2801=DIRECTION('center_axis',(1.,0.,3.86870350251115E-34));
#2802=DIRECTION('ref_axis',(0.,-1.,0.));
#2803=DIRECTION('',(0.,-1.,0.));
#2804=DIRECTION('',(0.,1.,0.));
#2805=DIRECTION('',(0.,-1.,0.));
#2806=DIRECTION('',(0.,-1.,0.));
#2807=DIRECTION('',(3.86870350251115E-34,0.,-1.));
#2808=DIRECTION('center_axis',(0.707106781186548,0.707106781186548,0.));
#2809=DIRECTION('ref_axis',(0.,0.,-1.));
#2810=DIRECTION('',(0.707106781186548,-0.707106781186548,0.));
#2811=DIRECTION('',(0.,0.,-1.));
#2812=DIRECTION('center_axis',(-3.86870350251115E-34,0.,1.));
#2813=DIRECTION('ref_axis',(1.,0.,3.86870350251115E-34));
#2814=DIRECTION('',(0.,1.,0.));
#2815=DIRECTION('center_axis',(-3.86870350251115E-34,0.,1.));
#2816=DIRECTION('ref_axis',(1.,0.,3.86870350251115E-34));
#2817=DIRECTION('',(1.,0.,3.86870350251115E-34));
#2818=DIRECTION('center_axis',(-3.86870350251115E-34,0.,1.));
#2819=DIRECTION('ref_axis',(1.,0.,3.86870350251115E-34));
#2820=DIRECTION('center_axis',(0.,0.,-1.));
#2821=DIRECTION('ref_axis',(-1.,0.,0.));
#2822=DIRECTION('center_axis',(0.,0.,1.));
#2823=DIRECTION('ref_axis',(-1.,0.,0.));
#2824=DIRECTION('',(0.,0.,-1.));
#2825=DIRECTION('center_axis',(0.,-1.,0.));
#2826=DIRECTION('ref_axis',(-1.,0.,-3.86870350251115E-34));
#2827=DIRECTION('',(3.86870350251115E-34,0.,-1.));
#2828=DIRECTION('',(-1.,0.,-3.86870350251115E-34));
#2829=DIRECTION('center_axis',(-3.86870350251115E-34,0.,1.));
#2830=DIRECTION('ref_axis',(1.,0.,3.86870350251115E-34));
#2831=DIRECTION('center_axis',(-3.86870350251115E-34,0.,1.));
#2832=DIRECTION('ref_axis',(1.,0.,3.86870350251115E-34));
#2833=DIRECTION('',(0.,1.,0.));
#2834=DIRECTION('',(-1.,0.,-3.86870350251115E-34));
#2835=DIRECTION('',(0.,-1.,0.));
#2836=DIRECTION('center_axis',(0.,-1.,0.));
#2837=DIRECTION('ref_axis',(-1.,0.,-3.86870350251115E-34));
#2838=DIRECTION('',(3.86870350251115E-34,0.,-1.));
#2839=DIRECTION('',(-8.55284707229503E-50,0.,1.));
#2840=DIRECTION('',(1.,0.,-8.55284707229503E-50));
#2841=DIRECTION('',(8.55284707229503E-50,0.,-1.));
#2842=DIRECTION('',(-1.,0.,-3.86870350251115E-34));
#2843=DIRECTION('center_axis',(1.,0.,3.86870350251115E-34));
#2844=DIRECTION('ref_axis',(0.,-1.,0.));
#2845=DIRECTION('',(-3.86870350251115E-34,0.,1.));
#2846=DIRECTION('',(0.,-1.,0.));
#2847=DIRECTION('',(0.,-1.,0.));
#2848=DIRECTION('center_axis',(0.,0.,1.));
#2849=DIRECTION('ref_axis',(0.,-1.,0.));
#2850=DIRECTION('',(1.,0.,0.));
#2851=DIRECTION('',(0.,-1.,0.));
#2852=DIRECTION('center_axis',(0.,0.,-1.));
#2853=DIRECTION('ref_axis',(0.,1.,0.));
#2854=DIRECTION('',(0.,0.,-1.));
#2855=DIRECTION('center_axis',(-1.,0.,-3.86870350251115E-34));
#2856=DIRECTION('ref_axis',(0.,1.,0.));
#2857=DIRECTION('',(-3.86870350251115E-34,0.,1.));
#2858=DIRECTION('',(0.,1.,0.));
#2859=DIRECTION('center_axis',(0.,1.,0.));
#2860=DIRECTION('ref_axis',(0.,0.,1.));
#2861=DIRECTION('',(1.,0.,0.));
#2862=DIRECTION('',(0.,0.,-1.));
#2863=DIRECTION('',(1.,0.,0.));
#2864=DIRECTION('center_axis',(0.,0.,1.));
#2865=DIRECTION('ref_axis',(1.,0.,0.));
#2866=DIRECTION('',(0.,1.,0.));
#2867=DIRECTION('center_axis',(0.,0.,1.));
#2868=DIRECTION('ref_axis',(1.,0.,0.));
#2869=DIRECTION('',(0.,1.,0.));
#2870=DIRECTION('center_axis',(1.,0.,0.));
#2871=DIRECTION('ref_axis',(0.,0.,-1.));
#2872=DIRECTION('',(0.,1.,0.));
#2873=DIRECTION('center_axis',(0.,0.,1.));
#2874=DIRECTION('ref_axis',(1.,0.,0.));
#2875=DIRECTION('center_axis',(1.,0.,0.));
#2876=DIRECTION('ref_axis',(0.,0.,-1.));
#2877=DIRECTION('',(0.,1.,0.));
#2878=DIRECTION('center_axis',(0.,0.,1.));
#2879=DIRECTION('ref_axis',(1.,0.,0.));
#2880=DIRECTION('center_axis',(-1.64619443962868E-16,-1.70335777424276E-30,
1.));
#2881=DIRECTION('ref_axis',(-1.03472453389344E-14,1.,0.));
#2882=DIRECTION('',(-1.,-1.03472453389344E-14,-1.64619443962868E-16));
#2883=DIRECTION('',(5.66264072363916E-17,-1.,-1.69403596656989E-30));
#2884=DIRECTION('',(-0.707106781186547,0.707106781186548,-1.16403525141302E-16));
#2885=DIRECTION('',(1.,-1.23910767003917E-16,1.64619443962868E-16));
#2886=DIRECTION('',(0.707106781186548,0.707106781186547,1.16403525141304E-16));
#2887=DIRECTION('',(-1.03472453389344E-14,1.,0.));
#2888=DIRECTION('',(-1.,-1.03472453389344E-14,-1.64619443962868E-16));
#2889=DIRECTION('',(0.,1.,1.70335777424276E-30));
#2890=DIRECTION('',(-1.,0.,-1.64619443962868E-16));
#2891=DIRECTION('',(-1.48080184572935E-16,-1.,-1.72773465188907E-30));
#2892=DIRECTION('',(0.707106781186556,0.707106781186539,1.16403525141305E-16));
#2893=DIRECTION('',(1.,1.52462163886072E-16,1.64619443962868E-16));
#2894=DIRECTION('',(-0.707106781186549,0.707106781186546,-1.16403525141302E-16));
#2895=DIRECTION('',(-1.03472453389344E-14,1.,0.));
#2896=DIRECTION('',(-1.,0.,-1.64619443962868E-16));
#2897=DIRECTION('',(0.,1.,1.70335777424276E-30));
#2898=DIRECTION('center_axis',(0.,0.707106781186548,-0.707106781186548));
#2899=DIRECTION('ref_axis',(1.,0.,0.));
#2900=DIRECTION('',(0.577350269189627,-0.577350269189625,-0.577350269189625));
#2901=DIRECTION('',(1.,0.,0.));
#2902=DIRECTION('',(-0.577350269189669,-0.577350269189604,-0.577350269189604));
#2903=DIRECTION('',(1.,0.,0.));
#2904=DIRECTION('center_axis',(-0.707106781186548,-0.707106781186548,0.));
#2905=DIRECTION('ref_axis',(0.,0.,-1.));
#2906=DIRECTION('',(0.,0.,-1.));
#2907=DIRECTION('',(0.,0.,-1.));
#2908=DIRECTION('center_axis',(-1.64619443962868E-16,-1.70335777424276E-30,
1.));
#2909=DIRECTION('ref_axis',(-1.03472453389344E-14,1.,0.));
#2910=DIRECTION('center_axis',(-1.64619443962868E-16,-1.70335777424276E-30,
1.));
#2911=DIRECTION('ref_axis',(-1.03472453389344E-14,1.,0.));
#2912=DIRECTION('',(-1.,-1.03472453389344E-14,-1.64619443962868E-16));
#2913=DIRECTION('center_axis',(-1.64619443962868E-16,-1.70335777424276E-30,
1.));
#2914=DIRECTION('ref_axis',(-1.03472453389344E-14,1.,0.));
#2915=DIRECTION('',(-1.0214384332272E-15,-1.,-1.87150640116292E-30));
#2916=DIRECTION('',(-1.,-1.03472453389344E-14,-1.64619443962868E-16));
#2917=DIRECTION('',(-1.03472453389344E-14,1.,0.));
#2918=DIRECTION('',(-8.88510925420755E-17,-1.,-1.71798439169253E-30));
#2919=DIRECTION('',(-1.,-1.03472453389344E-14,-1.64619443962868E-16));
#2920=DIRECTION('',(-1.03472453389344E-14,1.,0.));
#2921=DIRECTION('center_axis',(-0.707106781186548,0.707106781186547,0.));
#2922=DIRECTION('ref_axis',(0.,0.,-1.));
#2923=DIRECTION('',(0.,0.,-1.));
#2924=DIRECTION('',(0.,0.,-1.));
#2925=DIRECTION('center_axis',(0.,1.,0.));
#2926=DIRECTION('ref_axis',(1.,0.,3.86870350251115E-34));
#2927=DIRECTION('center_axis',(0.,1.,0.));
#2928=DIRECTION('ref_axis',(1.,0.,3.86870350251115E-34));
#2929=DIRECTION('center_axis',(0.,1.,0.));
#2930=DIRECTION('ref_axis',(1.,0.,3.86870350251115E-34));
#2931=DIRECTION('center_axis',(1.,0.,3.86870350251115E-34));
#2932=DIRECTION('ref_axis',(0.,-1.,0.));
#2933=DIRECTION('',(3.86870350251115E-34,0.,-1.));
#2934=DIRECTION('center_axis',(-1.,0.,-3.86870350251115E-34));
#2935=DIRECTION('ref_axis',(0.,1.,0.));
#2936=DIRECTION('',(3.86870350251115E-34,0.,-1.));
#2937=DIRECTION('center_axis',(0.,-1.,0.));
#2938=DIRECTION('ref_axis',(-1.,0.,-3.86870350251115E-34));
#2939=DIRECTION('',(8.55284707229503E-50,0.,-1.));
#2940=DIRECTION('',(1.,0.,-8.55284707229503E-50));
#2941=DIRECTION('',(-8.55284707229503E-50,0.,1.));
#2942=DIRECTION('center_axis',(1.,0.,3.86870350251115E-34));
#2943=DIRECTION('ref_axis',(0.,-1.,0.));
#2944=DIRECTION('',(3.86870350251115E-34,0.,-1.));
#2945=DIRECTION('',(3.86870350251115E-34,0.,-1.));
#2946=DIRECTION('',(0.,1.,0.));
#2947=DIRECTION('',(3.86870350251115E-34,0.,-1.));
#2948=DIRECTION('',(0.,-1.,0.));
#2949=DIRECTION('center_axis',(0.,0.,-1.));
#2950=DIRECTION('ref_axis',(-1.,0.,0.));
#2951=DIRECTION('center_axis',(0.,0.,1.));
#2952=DIRECTION('ref_axis',(-1.,0.,0.));
#2953=DIRECTION('',(0.,0.,-1.));
#2954=DIRECTION('center_axis',(0.,-1.,0.));
#2955=DIRECTION('ref_axis',(-1.,0.,-3.86870350251115E-34));
#2956=DIRECTION('',(-1.,0.,-3.86870350251115E-34));
#2957=DIRECTION('',(3.86870350251115E-34,0.,-1.));
#2958=DIRECTION('center_axis',(0.,0.,-1.));
#2959=DIRECTION('ref_axis',(0.,1.,0.));
#2960=DIRECTION('center_axis',(0.,0.,1.));
#2961=DIRECTION('ref_axis',(0.,1.,0.));
#2962=DIRECTION('',(0.,0.,-1.));
#2963=DIRECTION('center_axis',(-1.,0.,-3.86870350251115E-34));
#2964=DIRECTION('ref_axis',(0.,1.,0.));
#2965=DIRECTION('',(3.86870350251115E-34,0.,-1.));
#2966=DIRECTION('',(0.,1.,0.));
#2967=DIRECTION('',(3.86870350251115E-34,0.,-1.));
#2968=DIRECTION('',(3.86870350251115E-34,0.,-1.));
#2969=DIRECTION('',(0.,1.,0.));
#2970=DIRECTION('center_axis',(0.,-1.,0.));
#2971=DIRECTION('ref_axis',(-1.,0.,-3.86870350251115E-34));
#2972=DIRECTION('',(-8.55284707229503E-50,0.,1.));
#2973=DIRECTION('',(1.,0.,-8.55284707229503E-50));
#2974=DIRECTION('center_axis',(0.,1.,0.));
#2975=DIRECTION('ref_axis',(1.,0.,0.));
#2976=DIRECTION('center_axis',(0.,-1.,0.));
#2977=DIRECTION('ref_axis',(1.,0.,0.));
#2978=DIRECTION('',(-0.707106781186548,0.707106781186547,8.65956056235494E-17));
#2979=DIRECTION('center_axis',(0.,1.,0.));
#2980=DIRECTION('ref_axis',(1.,0.,0.));
#2981=DIRECTION('center_axis',(0.,-1.,0.));
#2982=DIRECTION('ref_axis',(1.,0.,0.));
#2983=DIRECTION('',(-0.707106781186548,0.707106781186547,8.65956056235494E-17));
#2984=DIRECTION('center_axis',(-1.64619443962868E-16,-1.70335777424276E-30,
1.));
#2985=DIRECTION('ref_axis',(-1.03472453389344E-14,1.,0.));
#2986=DIRECTION('',(1.,1.03472453389344E-14,1.64619443962868E-16));
#2987=DIRECTION('center_axis',(-0.707106781186548,0.707106781186547,0.));
#2988=DIRECTION('ref_axis',(0.,0.,-1.));
#2989=DIRECTION('',(0.,0.,-1.));
#2990=DIRECTION('',(-0.577350269189602,-0.577350269189602,-0.577350269189674));
#2991=DIRECTION('center_axis',(-0.707106781186548,-0.707106781186548,0.));
#2992=DIRECTION('ref_axis',(0.,0.,-1.));
#2993=DIRECTION('',(0.,0.,-1.));
#2994=DIRECTION('',(0.577350269189643,-0.577350269189643,-0.57735026918959));
#2995=DIRECTION('center_axis',(0.,-1.,0.));
#2996=DIRECTION('ref_axis',(1.,0.,0.));
#2997=DIRECTION('',(0.,-1.,0.));
#2998=DIRECTION('center_axis',(0.,-1.,0.));
#2999=DIRECTION('ref_axis',(1.,0.,0.));
#3000=DIRECTION('center_axis',(0.,-1.,0.));
#3001=DIRECTION('ref_axis',(1.,0.,0.));
#3002=DIRECTION('',(0.,-1.,0.));
#3003=DIRECTION('center_axis',(0.,-1.,0.));
#3004=DIRECTION('ref_axis',(1.,0.,0.));
#3005=DIRECTION('center_axis',(0.,0.707106781186548,-0.707106781186548));
#3006=DIRECTION('ref_axis',(1.,0.,0.));
#3007=DIRECTION('',(1.,0.,0.));
#3008=DIRECTION('center_axis',(0.,1.,0.));
#3009=DIRECTION('ref_axis',(1.,0.,3.86870350251115E-34));
#3010=DIRECTION('center_axis',(0.,1.,0.));
#3011=DIRECTION('ref_axis',(1.,0.,3.86870350251115E-34));
#3012=DIRECTION('center_axis',(0.,1.,0.));
#3013=DIRECTION('ref_axis',(1.,0.,3.86870350251115E-34));
#3014=DIRECTION('center_axis',(0.,-1.,0.));
#3015=DIRECTION('ref_axis',(-1.,0.,-3.86870350251115E-34));
#3016=DIRECTION('center_axis',(0.,-1.,0.));
#3017=DIRECTION('ref_axis',(-1.,0.,-3.86870350251115E-34));
#3018=DIRECTION('center_axis',(0.,-1.,0.));
#3019=DIRECTION('ref_axis',(-1.,0.,-3.86870350251115E-34));
#3020=DIRECTION('center_axis',(0.,-1.,0.));
#3021=DIRECTION('ref_axis',(-1.,0.,-3.86870350251115E-34));
#3022=DIRECTION('center_axis',(0.,1.,0.));
#3023=DIRECTION('ref_axis',(1.,0.,0.));
#3024=DIRECTION('',(0.707106781186548,-0.707106781186547,-8.65956056235494E-17));
#3025=DIRECTION('center_axis',(0.,1.,0.));
#3026=DIRECTION('ref_axis',(1.,0.,0.));
#3027=DIRECTION('center_axis',(0.,1.,0.));
#3028=DIRECTION('ref_axis',(1.,0.,0.));
#3029=DIRECTION('',(0.707106781186548,-0.707106781186547,-8.65956056235494E-17));
#3030=DIRECTION('center_axis',(0.,1.,0.));
#3031=DIRECTION('ref_axis',(1.,0.,0.));
#3032=DIRECTION('center_axis',(0.,-1.,0.));
#3033=DIRECTION('ref_axis',(1.,0.,0.));
#3034=DIRECTION('',(0.,1.,0.));
#3035=DIRECTION('center_axis',(0.,-1.,0.));
#3036=DIRECTION('ref_axis',(1.,0.,0.));
#3037=DIRECTION('',(0.,1.,0.));
#3038=DIRECTION('center_axis',(0.,-1.,0.));
#3039=DIRECTION('ref_axis',(0.,0.,-1.));
#3040=DIRECTION('',(0.,0.,1.));
#3041=DIRECTION('',(1.,0.,0.));
#3042=DIRECTION('center_axis',(-1.,0.,0.));
#3043=DIRECTION('ref_axis',(0.,0.,1.));
#3044=DIRECTION('',(0.,1.,0.));
#3045=DIRECTION('center_axis',(0.,0.,1.));
#3046=DIRECTION('ref_axis',(1.,0.,0.));
#3047=DIRECTION('center_axis',(0.,-1.,0.));
#3048=DIRECTION('ref_axis',(0.,0.,-1.));
#3049=DIRECTION('',(0.,0.,1.));
#3050=DIRECTION('',(1.,0.,0.));
#3051=DIRECTION('center_axis',(-1.,0.,0.));
#3052=DIRECTION('ref_axis',(0.,0.,1.));
#3053=DIRECTION('',(0.,1.,0.));
#3054=DIRECTION('center_axis',(0.,0.,1.));
#3055=DIRECTION('ref_axis',(1.,0.,0.));
#3056=CARTESIAN_POINT('',(0.,0.,0.));
#3057=CARTESIAN_POINT('Origin',(59.9999999999998,102.5,-560.016240595575));
#3058=CARTESIAN_POINT('',(117.,222.,-560.016240595575));
#3059=CARTESIAN_POINT('',(117.,232.757359312881,-560.016240595575));
#3060=CARTESIAN_POINT('',(117.000000000001,102.500000000001,-560.016240595575));
#3061=CARTESIAN_POINT('',(115.757359312881,234.,-560.016240595575));
#3062=CARTESIAN_POINT('',(116.37867965644,233.378679656441,-560.016240595575));
#3063=CARTESIAN_POINT('',(4.24264068711927,234.,-560.016240595575));
#3064=CARTESIAN_POINT('',(60.,234.,-560.016240595575));
#3065=CARTESIAN_POINT('',(2.99999999999999,232.757359312881,-560.016240595575));
#3066=CARTESIAN_POINT('',(3.62132034355962,233.378679656441,-560.016240595575));
#3067=CARTESIAN_POINT('',(3.,222.,-560.016240595575));
#3068=CARTESIAN_POINT('',(3.,218.878679656441,-560.016240595575));
#3069=CARTESIAN_POINT('',(1.5,222.,-560.016240595575));
#3070=CARTESIAN_POINT('',(118.5,222.,-560.016240595575));
#3071=CARTESIAN_POINT('',(1.5,204.999999999999,-560.016240595575));
#3072=CARTESIAN_POINT('',(1.5,205.,-560.016240595575));
#3073=CARTESIAN_POINT('',(0.,205.,-560.016240595575));
#3074=CARTESIAN_POINT('',(59.9999999999988,205.,-560.016240595575));
#3075=CARTESIAN_POINT('',(0.,234.,-560.016240595575));
#3076=CARTESIAN_POINT('',(1.05870867628255E-12,102.499999999999,-560.016240595575));
#3077=CARTESIAN_POINT('',(3.,237.,-560.016240595575));
#3078=CARTESIAN_POINT('',(1.49999999999999,235.5,-560.016240595575));
#3079=CARTESIAN_POINT('',(117.,237.,-560.016240595575));
#3080=CARTESIAN_POINT('',(60.,237.,-560.016240595575));
#3081=CARTESIAN_POINT('',(120.,234.,-560.016240595575));
#3082=CARTESIAN_POINT('',(118.5,235.5,-560.016240595575));
#3083=CARTESIAN_POINT('',(120.,205.,-560.016240595575));
#3084=CARTESIAN_POINT('',(120.,219.5,-560.016240595575));
#3085=CARTESIAN_POINT('',(118.5,205.,-560.016240595575));
#3086=CARTESIAN_POINT('',(59.9999999999988,205.,-560.016240595575));
#3087=CARTESIAN_POINT('',(118.5,222.,-560.016240595575));
#3088=CARTESIAN_POINT('',(118.5,205.,-560.016240595575));
#3089=CARTESIAN_POINT('',(118.5,222.,-560.016240595575));
#3090=CARTESIAN_POINT('Origin',(18.0000000056897,234.8,-268.338666666667));
#3091=CARTESIAN_POINT('',(15.7500000056897,234.8,-268.338666666667));
#3092=CARTESIAN_POINT('Origin',(18.0000000056897,234.8,-268.338666666667));
#3093=CARTESIAN_POINT('',(13.5500000056897,237.,-268.338666666667));
#3094=CARTESIAN_POINT('',(15.7500000056897,234.8,-268.338666666667));
#3095=CARTESIAN_POINT('Origin',(18.0000000056897,237.,-268.338666666667));
#3096=CARTESIAN_POINT('Origin',(18.0000000056897,237.,-268.338666666667));
#3097=CARTESIAN_POINT('',(15.7500000056897,210.,-268.338666666667));
#3098=CARTESIAN_POINT('',(15.7500000056897,237.,-268.338666666667));
#3099=CARTESIAN_POINT('Origin',(18.0000000056897,210.,-268.338666666667));
#3100=CARTESIAN_POINT('Origin',(-7.37141379670868E-46,237.,5.));
#3101=CARTESIAN_POINT('',(3.,237.,-230.));
#3102=CARTESIAN_POINT('',(3.,237.,5.));
#3103=CARTESIAN_POINT('',(117.,237.,-230.));
#3104=CARTESIAN_POINT('',(9.09145323090114E-32,237.,-230.));
#3105=CARTESIAN_POINT('',(117.,237.,5.));
#3106=CARTESIAN_POINT('',(13.5500000056897,237.,-521.677333333333));
#3107=CARTESIAN_POINT('Origin',(18.0000000056897,237.,-521.677333333333));
#3108=CARTESIAN_POINT('',(97.5500000056898,237.,-268.338666666667));
#3109=CARTESIAN_POINT('Origin',(102.00000000569,237.,-268.338666666667));
#3110=CARTESIAN_POINT('',(97.5500000056898,237.,-521.677333333333));
#3111=CARTESIAN_POINT('Origin',(102.00000000569,237.,-521.677333333333));
#3112=CARTESIAN_POINT('Origin',(117.,210.,5.));
#3113=CARTESIAN_POINT('',(12.7500000056897,210.,-268.338666666667));
#3114=CARTESIAN_POINT('Origin',(18.0000000056897,210.,-268.338666666667));
#3115=CARTESIAN_POINT('Origin',(3.,237.,-395.008120297787));
#3116=CARTESIAN_POINT('',(0.,234.,-230.));
#3117=CARTESIAN_POINT('',(0.,234.,-395.008120297787));
#3118=CARTESIAN_POINT('',(1.5,235.5,-230.));
#3119=CARTESIAN_POINT('Origin',(0.,0.,-230.));
#3120=CARTESIAN_POINT('',(2.99999999999999,222.,-230.));
#3121=CARTESIAN_POINT('',(1.49999999999997,222.,-230.));
#3122=CARTESIAN_POINT('',(60.,222.,-230.));
#3123=CARTESIAN_POINT('',(3.,232.757359312881,-230.));
#3124=CARTESIAN_POINT('',(3.,218.878679656441,-230.));
#3125=CARTESIAN_POINT('',(4.24264068711927,234.,-230.));
#3126=CARTESIAN_POINT('',(3.62132034355963,233.378679656441,-230.));
#3127=CARTESIAN_POINT('',(115.757359312881,234.,-230.));
#3128=CARTESIAN_POINT('',(60.,234.,-230.));
#3129=CARTESIAN_POINT('',(117.,232.757359312881,-230.));
#3130=CARTESIAN_POINT('',(116.37867965644,233.378679656441,-230.));
#3131=CARTESIAN_POINT('',(117.,222.,-230.));
#3132=CARTESIAN_POINT('',(117.,0.,-230.));
#3133=CARTESIAN_POINT('',(118.5,222.,-230.));
#3134=CARTESIAN_POINT('',(60.,222.,-230.));
#3135=CARTESIAN_POINT('',(118.5,205.,-230.));
#3136=CARTESIAN_POINT('',(118.5,205.,-230.));
#3137=CARTESIAN_POINT('',(120.,205.,-230.));
#3138=CARTESIAN_POINT('',(60.,205.,-230.));
#3139=CARTESIAN_POINT('',(120.,234.,-230.));
#3140=CARTESIAN_POINT('',(120.,219.5,-230.));
#3141=CARTESIAN_POINT('',(118.5,235.5,-230.));
#3142=CARTESIAN_POINT('',(9.09145323090114E-32,205.,-230.));
#3143=CARTESIAN_POINT('',(9.09145323090114E-32,0.,-230.));
#3144=CARTESIAN_POINT('',(1.50000000000001,205.,-230.));
#3145=CARTESIAN_POINT('',(60.,205.,-230.));
#3146=CARTESIAN_POINT('',(1.5,205.,-230.));
#3147=CARTESIAN_POINT('Origin',(117.,237.,-395.008120297787));
#3148=CARTESIAN_POINT('',(120.,234.,-395.008120297787));
#3149=CARTESIAN_POINT('Origin',(18.0000000056897,234.8,-521.677333333333));
#3150=CARTESIAN_POINT('',(15.7500000056897,234.8,-521.677333333333));
#3151=CARTESIAN_POINT('Origin',(18.0000000056897,234.8,-521.677333333333));
#3152=CARTESIAN_POINT('',(15.7500000056897,234.8,-521.677333333333));
#3153=CARTESIAN_POINT('Origin',(102.00000000569,234.8,-268.338666666667));
#3154=CARTESIAN_POINT('',(99.7500000056898,234.8,-268.338666666667));
#3155=CARTESIAN_POINT('Origin',(102.00000000569,234.8,-268.338666666667));
#3156=CARTESIAN_POINT('',(99.7500000056898,234.8,-268.338666666667));
#3157=CARTESIAN_POINT('Origin',(102.00000000569,234.8,-521.677333333333));
#3158=CARTESIAN_POINT('',(99.7500000056898,234.8,-521.677333333333));
#3159=CARTESIAN_POINT('Origin',(102.00000000569,234.8,-521.677333333333));
#3160=CARTESIAN_POINT('',(99.7500000056898,234.8,-521.677333333333));
#3161=CARTESIAN_POINT('Origin',(18.0000000056897,237.,-268.338666666667));
#3162=CARTESIAN_POINT('',(12.7500000056897,233.557359312881,-268.338666666667));
#3163=CARTESIAN_POINT('',(12.7500000056897,237.,-268.338666666667));
#3164=CARTESIAN_POINT('Origin',(18.0000000056897,233.557359312881,-268.338666666667));
#3165=CARTESIAN_POINT('Origin',(-7.37141379670868E-46,205.,5.));
#3166=CARTESIAN_POINT('',(-7.37141379670868E-46,205.,5.));
#3167=CARTESIAN_POINT('Origin',(117.,205.,5.));
#3168=CARTESIAN_POINT('',(117.,205.,-239.5));
#3169=CARTESIAN_POINT('',(117.,205.,-550.516240595575));
#3170=CARTESIAN_POINT('',(117.,205.,5.));
#3171=CARTESIAN_POINT('',(117.,222.,-239.5));
#3172=CARTESIAN_POINT('',(117.,205.,-239.5));
#3173=CARTESIAN_POINT('',(117.,222.,-239.5));
#3174=CARTESIAN_POINT('',(117.,232.757359312881,5.));
#3175=CARTESIAN_POINT('',(117.,222.,-550.516240595575));
#3176=CARTESIAN_POINT('',(117.,222.,-550.516240595575));
#3177=CARTESIAN_POINT('',(117.,205.,-550.516240595575));
#3178=CARTESIAN_POINT('Origin',(3.,205.,5.));
#3179=CARTESIAN_POINT('',(120.,205.,5.));
#3180=CARTESIAN_POINT('',(118.5,205.,-239.5));
#3181=CARTESIAN_POINT('',(118.5,205.,0.));
#3182=CARTESIAN_POINT('',(117.75,205.,-239.5));
#3183=CARTESIAN_POINT('',(118.5,205.,-550.516240595575));
#3184=CARTESIAN_POINT('',(117.75,205.,-550.516240595575));
#3185=CARTESIAN_POINT('',(118.5,205.,-790.016240595575));
#3186=CARTESIAN_POINT('Origin',(120.,237.,5.));
#3187=CARTESIAN_POINT('Origin',(3.,205.,5.));
#3188=CARTESIAN_POINT('',(3.,205.,-239.5));
#3189=CARTESIAN_POINT('',(3.,205.,-550.516240595575));
#3190=CARTESIAN_POINT('',(3.,205.,5.));
#3191=CARTESIAN_POINT('',(1.5,205.,-239.5));
#3192=CARTESIAN_POINT('',(117.75,205.,-239.5));
#3193=CARTESIAN_POINT('',(1.5,205.,0.));
#3194=CARTESIAN_POINT('',(1.5,205.,-550.516240595575));
#3195=CARTESIAN_POINT('',(1.5,205.,-790.016240595575));
#3196=CARTESIAN_POINT('',(117.75,205.,-550.516240595575));
#3197=CARTESIAN_POINT('Origin',(3.,210.,5.));
#3198=CARTESIAN_POINT('',(3.,232.757359312881,5.));
#3199=CARTESIAN_POINT('',(3.,222.,-239.5));
#3200=CARTESIAN_POINT('',(3.,222.,-239.5));
#3201=CARTESIAN_POINT('',(3.,205.,-239.5));
#3202=CARTESIAN_POINT('',(3.,222.,-550.516240595575));
#3203=CARTESIAN_POINT('',(3.,205.,-550.516240595575));
#3204=CARTESIAN_POINT('',(3.,222.,-550.516240595575));
#3205=CARTESIAN_POINT('Origin',(5.12132034355964,234.878679656441,-395.008120297787));
#3206=CARTESIAN_POINT('',(4.24264068711927,234.,-395.008120297787));
#3207=CARTESIAN_POINT('Origin',(-7.37141379670868E-46,234.,5.));
#3208=CARTESIAN_POINT('',(115.757359312881,234.,5.));
#3209=CARTESIAN_POINT('',(12.3073593185705,234.,-268.338666666667));
#3210=CARTESIAN_POINT('Origin',(18.0000000056897,234.,-268.338666666667));
#3211=CARTESIAN_POINT('',(12.3073593185705,234.,-521.677333333333));
#3212=CARTESIAN_POINT('Origin',(18.0000000056897,234.,-521.677333333333));
#3213=CARTESIAN_POINT('',(96.3073593185705,234.,-268.338666666667));
#3214=CARTESIAN_POINT('Origin',(102.00000000569,234.,-268.338666666667));
#3215=CARTESIAN_POINT('',(96.3073593185705,234.,-521.677333333333));
#3216=CARTESIAN_POINT('Origin',(102.00000000569,234.,-521.677333333333));
#3217=CARTESIAN_POINT('Origin',(114.87867965644,234.878679656441,-395.008120297787));
#3218=CARTESIAN_POINT('Origin',(18.0000000056897,237.,-521.677333333333));
#3219=CARTESIAN_POINT('',(15.7500000056897,210.,-521.677333333333));
#3220=CARTESIAN_POINT('',(15.7500000056897,237.,-521.677333333333));
#3221=CARTESIAN_POINT('Origin',(18.0000000056897,210.,-521.677333333333));
#3222=CARTESIAN_POINT('Origin',(102.00000000569,237.,-268.338666666667));
#3223=CARTESIAN_POINT('',(99.7500000056898,210.,-268.338666666667));
#3224=CARTESIAN_POINT('',(99.7500000056898,237.,-268.338666666667));
#3225=CARTESIAN_POINT('Origin',(102.00000000569,210.,-268.338666666667));
#3226=CARTESIAN_POINT('Origin',(102.00000000569,237.,-521.677333333333));
#3227=CARTESIAN_POINT('',(99.7500000056898,210.,-521.677333333333));
#3228=CARTESIAN_POINT('',(99.7500000056898,237.,-521.677333333333));
#3229=CARTESIAN_POINT('Origin',(102.00000000569,210.,-521.677333333333));
#3230=CARTESIAN_POINT('Origin',(18.0000000056897,232.678679656441,-268.338666666667));
#3231=CARTESIAN_POINT('',(13.6286796621301,232.678679656441,-268.338666666667));
#3232=CARTESIAN_POINT('Origin',(18.0000000056897,232.678679656441,-521.677333333333));
#3233=CARTESIAN_POINT('',(12.7500000056897,233.557359312881,-521.677333333333));
#3234=CARTESIAN_POINT('',(13.6286796621301,232.678679656441,-521.677333333333));
#3235=CARTESIAN_POINT('Origin',(18.0000000056897,233.557359312881,-521.677333333333));
#3236=CARTESIAN_POINT('Origin',(102.00000000569,232.678679656441,-268.338666666667));
#3237=CARTESIAN_POINT('',(96.7500000056897,233.557359312881,-268.338666666667));
#3238=CARTESIAN_POINT('',(97.6286796621301,232.678679656441,-268.338666666667));
#3239=CARTESIAN_POINT('Origin',(102.00000000569,233.557359312881,-268.338666666667));
#3240=CARTESIAN_POINT('Origin',(102.00000000569,232.678679656441,-521.677333333333));
#3241=CARTESIAN_POINT('',(96.7500000056897,233.557359312881,-521.677333333333));
#3242=CARTESIAN_POINT('',(97.6286796621301,232.678679656441,-521.677333333333));
#3243=CARTESIAN_POINT('Origin',(102.00000000569,233.557359312881,-521.677333333333));
#3244=CARTESIAN_POINT('Origin',(117.,210.,5.));
#3245=CARTESIAN_POINT('',(12.7500000056897,210.,-521.677333333333));
#3246=CARTESIAN_POINT('Origin',(18.0000000056897,210.,-521.677333333333));
#3247=CARTESIAN_POINT('Origin',(117.,210.,5.));
#3248=CARTESIAN_POINT('',(96.7500000056897,210.,-268.338666666667));
#3249=CARTESIAN_POINT('Origin',(102.00000000569,210.,-268.338666666667));
#3250=CARTESIAN_POINT('Origin',(117.,210.,5.));
#3251=CARTESIAN_POINT('',(96.7500000056897,210.,-521.677333333333));
#3252=CARTESIAN_POINT('Origin',(102.00000000569,210.,-521.677333333333));
#3253=CARTESIAN_POINT('Origin',(18.0000000056897,237.,-521.677333333333));
#3254=CARTESIAN_POINT('',(12.7500000056897,237.,-521.677333333333));
#3255=CARTESIAN_POINT('Origin',(102.00000000569,237.,-268.338666666667));
#3256=CARTESIAN_POINT('',(96.7500000056897,237.,-268.338666666667));
#3257=CARTESIAN_POINT('Origin',(102.00000000569,237.,-521.677333333333));
#3258=CARTESIAN_POINT('',(96.7500000056897,237.,-521.677333333333));
#3259=CARTESIAN_POINT('Origin',(0.,222.,-230.));
#3260=CARTESIAN_POINT('',(1.5,222.,-239.5));
#3261=CARTESIAN_POINT('',(1.5,222.,-234.75));
#3262=CARTESIAN_POINT('',(18.0000000056897,222.,-239.5));
#3263=CARTESIAN_POINT('Origin',(0.,222.,-230.));
#3264=CARTESIAN_POINT('',(118.5,222.,-239.5));
#3265=CARTESIAN_POINT('',(118.5,222.,-234.75));
#3266=CARTESIAN_POINT('',(18.0000000056897,222.,-239.5));
#3267=CARTESIAN_POINT('Origin',(118.5,205.,-230.));
#3268=CARTESIAN_POINT('',(118.5,205.,-239.5));
#3269=CARTESIAN_POINT('Origin',(117.,205.,-239.5));
#3270=CARTESIAN_POINT('Origin',(1.5,205.,-230.));
#3271=CARTESIAN_POINT('',(1.5,205.,-239.5));
#3272=CARTESIAN_POINT('Origin',(117.,205.,-239.5));
#3273=CARTESIAN_POINT('Origin',(18.0000000056897,222.,-775.016240595575));
#3274=CARTESIAN_POINT('',(118.5,222.,-550.516240595575));
#3275=CARTESIAN_POINT('',(118.5,222.,-555.266240595575));
#3276=CARTESIAN_POINT('',(18.0000000056897,222.,-550.516240595575));
#3277=CARTESIAN_POINT('Origin',(118.5,205.,-560.016240595575));
#3278=CARTESIAN_POINT('',(118.5,205.,-550.516240595575));
#3279=CARTESIAN_POINT('Origin',(117.,205.,-550.516240595575));
#3280=CARTESIAN_POINT('Origin',(18.0000000056897,222.,-775.016240595575));
#3281=CARTESIAN_POINT('',(1.5,222.,-550.516240595575));
#3282=CARTESIAN_POINT('',(18.0000000056897,222.,-550.516240595575));
#3283=CARTESIAN_POINT('',(1.5,222.,-555.266240595575));
#3284=CARTESIAN_POINT('Origin',(1.5,205.,-560.016240595575));
#3285=CARTESIAN_POINT('',(1.5,205.,-550.516240595575));
#3286=CARTESIAN_POINT('Origin',(117.,205.,-550.516240595575));
#3287=CARTESIAN_POINT('Origin',(48.6339320783307,237.,-35.25));
#3288=CARTESIAN_POINT('',(48.6339320783307,237.,-35.25));
#3289=CARTESIAN_POINT('',(48.6339320783307,234.,-35.25));
#3290=CARTESIAN_POINT('',(48.6339320783307,237.,-35.25));
#3291=CARTESIAN_POINT('',(46.,234.,-35.25));
#3292=CARTESIAN_POINT('',(48.6339320783307,234.,-35.25));
#3293=CARTESIAN_POINT('',(46.,237.,-35.25));
#3294=CARTESIAN_POINT('',(46.,237.,-35.25));
#3295=CARTESIAN_POINT('',(48.6339320783307,237.,-35.25));
#3296=CARTESIAN_POINT('Origin',(60.,227.,-37.));
#3297=CARTESIAN_POINT('',(48.6339320783307,237.,-38.75));
#3298=CARTESIAN_POINT('',(48.6339320783307,234.,-38.75));
#3299=CARTESIAN_POINT('',(48.6339320783307,237.,-38.75));
#3300=CARTESIAN_POINT('Origin',(60.,234.,-37.));
#3301=CARTESIAN_POINT('Origin',(60.,237.,-37.));
#3302=CARTESIAN_POINT('Origin',(46.,237.,-38.75));
#3303=CARTESIAN_POINT('',(46.,237.,-38.75));
#3304=CARTESIAN_POINT('',(46.,234.,-38.75));
#3305=CARTESIAN_POINT('',(46.,237.,-38.75));
#3306=CARTESIAN_POINT('',(46.,237.,-38.75));
#3307=CARTESIAN_POINT('',(46.,234.,-38.75));
#3308=CARTESIAN_POINT('Origin',(46.,237.,-38.75));
#3309=CARTESIAN_POINT('',(46.,234.,-38.75));
#3310=CARTESIAN_POINT('',(46.,237.,-38.75));
#3311=CARTESIAN_POINT('Origin',(-7.37141379670868E-46,237.,5.));
#3312=CARTESIAN_POINT('',(3.,237.,2.));
#3313=CARTESIAN_POINT('',(3.,237.,-135.));
#3314=CARTESIAN_POINT('',(3.,237.,5.));
#3315=CARTESIAN_POINT('',(117.,237.,2.));
#3316=CARTESIAN_POINT('',(1.16061105075261E-33,237.,2.));
#3317=CARTESIAN_POINT('',(117.,237.,-135.));
#3318=CARTESIAN_POINT('',(117.,237.,5.));
#3319=CARTESIAN_POINT('',(5.41618490351554E-32,237.,-135.));
#3320=CARTESIAN_POINT('',(13.5500000056897,237.,-15.));
#3321=CARTESIAN_POINT('Origin',(18.0000000056897,237.,-15.));
#3322=CARTESIAN_POINT('',(97.5500000056898,237.,-15.));
#3323=CARTESIAN_POINT('Origin',(102.00000000569,237.,-15.));
#3324=CARTESIAN_POINT('Origin',(-7.37141379670868E-46,234.,5.));
#3325=CARTESIAN_POINT('',(4.24264068711929,234.,0.757359312880715));
#3326=CARTESIAN_POINT('',(4.24264068711929,234.,-135.));
#3327=CARTESIAN_POINT('',(4.24264068711929,234.,5.));
#3328=CARTESIAN_POINT('',(115.757359312881,234.,-135.));
#3329=CARTESIAN_POINT('',(5.41618490351554E-32,234.,-135.));
#3330=CARTESIAN_POINT('',(115.757359312881,234.,0.757359312880715));
#3331=CARTESIAN_POINT('',(115.757359312881,234.,5.));
#3332=CARTESIAN_POINT('',(1.64135188861473E-33,234.,0.757359312880715));
#3333=CARTESIAN_POINT('',(12.3073593185705,234.,-15.));
#3334=CARTESIAN_POINT('Origin',(18.0000000056897,234.,-15.));
#3335=CARTESIAN_POINT('',(96.3073593185705,234.,-15.));
#3336=CARTESIAN_POINT('Origin',(102.00000000569,234.,-15.));
#3337=CARTESIAN_POINT('Origin',(117.,210.,5.));
#3338=CARTESIAN_POINT('',(96.7500000056897,210.,-15.));
#3339=CARTESIAN_POINT('Origin',(102.00000000569,210.,-15.));
#3340=CARTESIAN_POINT('',(99.7500000056898,210.,-15.));
#3341=CARTESIAN_POINT('Origin',(102.00000000569,210.,-15.));
#3342=CARTESIAN_POINT('Origin',(117.,210.,5.));
#3343=CARTESIAN_POINT('',(12.7500000056897,210.,-15.));
#3344=CARTESIAN_POINT('Origin',(18.0000000056897,210.,-15.));
#3345=CARTESIAN_POINT('',(15.7500000056897,210.,-15.));
#3346=CARTESIAN_POINT('Origin',(18.0000000056897,210.,-15.));
#3347=CARTESIAN_POINT('Origin',(102.00000000569,237.,-15.));
#3348=CARTESIAN_POINT('',(99.7500000056898,234.8,-15.));
#3349=CARTESIAN_POINT('Origin',(102.00000000569,234.8,-15.));
#3350=CARTESIAN_POINT('',(99.7500000056898,237.,-15.));
#3351=CARTESIAN_POINT('Origin',(18.0000000056897,237.,-15.));
#3352=CARTESIAN_POINT('',(15.7500000056897,234.8,-15.));
#3353=CARTESIAN_POINT('Origin',(18.0000000056897,234.8,-15.));
#3354=CARTESIAN_POINT('',(15.7500000056897,237.,-15.));
#3355=CARTESIAN_POINT('Origin',(102.00000000569,237.,-15.));
#3356=CARTESIAN_POINT('',(96.7500000056897,233.557359312881,-15.));
#3357=CARTESIAN_POINT('',(96.7500000056897,237.,-15.));
#3358=CARTESIAN_POINT('Origin',(102.00000000569,233.557359312881,-15.));
#3359=CARTESIAN_POINT('Origin',(18.0000000056897,237.,-15.));
#3360=CARTESIAN_POINT('',(12.7500000056897,233.557359312881,-15.));
#3361=CARTESIAN_POINT('',(12.7500000056897,237.,-15.));
#3362=CARTESIAN_POINT('Origin',(18.0000000056897,233.557359312881,-15.));
#3363=CARTESIAN_POINT('Origin',(102.00000000569,234.8,-15.));
#3364=CARTESIAN_POINT('',(99.7500000056898,234.8,-15.));
#3365=CARTESIAN_POINT('Origin',(18.0000000056897,234.8,-15.));
#3366=CARTESIAN_POINT('',(15.7500000056897,234.8,-15.));
#3367=CARTESIAN_POINT('Origin',(102.00000000569,232.678679656441,-15.));
#3368=CARTESIAN_POINT('',(97.6286796621301,232.678679656441,-15.));
#3369=CARTESIAN_POINT('Origin',(18.0000000056897,232.678679656441,-15.));
#3370=CARTESIAN_POINT('',(13.6286796621301,232.678679656441,-15.));
#3371=CARTESIAN_POINT('Origin',(60.,234.878679656441,-0.121320343559642));
#3372=CARTESIAN_POINT('',(117.,232.757359312881,2.00000000000002));
#3373=CARTESIAN_POINT('',(116.37867965644,233.378679656441,1.37867965644038));
#3374=CARTESIAN_POINT('',(3.,232.757359312881,2.00000000000002));
#3375=CARTESIAN_POINT('',(60.,232.757359312881,2.00000000000002));
#3376=CARTESIAN_POINT('',(3.62132034355964,233.378679656441,1.37867965644037));
#3377=CARTESIAN_POINT('Origin',(60.,237.,2.));
#3378=CARTESIAN_POINT('',(120.,234.,5.));
#3379=CARTESIAN_POINT('',(118.5,235.5,3.5));
#3380=CARTESIAN_POINT('',(0.,234.,5.));
#3381=CARTESIAN_POINT('',(1.5,235.5,3.5));
#3382=CARTESIAN_POINT('',(60.,234.,5.));
#3383=CARTESIAN_POINT('Origin',(3.,205.,5.));
#3384=CARTESIAN_POINT('',(1.5,205.,-230.));
#3385=CARTESIAN_POINT('',(1.5,205.,-239.5));
#3386=CARTESIAN_POINT('',(1.5,205.,0.));
#3387=CARTESIAN_POINT('',(3.,205.,-239.5));
#3388=CARTESIAN_POINT('',(117.75,205.,-239.5));
#3389=CARTESIAN_POINT('',(3.,205.,5.));
#3390=CARTESIAN_POINT('',(3.,205.,-234.75));
#3391=CARTESIAN_POINT('',(-4.2632564145606E-14,205.,5.));
#3392=CARTESIAN_POINT('',(3.,205.,5.));
#3393=CARTESIAN_POINT('',(-4.2632564145606E-14,205.,-230.));
#3394=CARTESIAN_POINT('',(-4.2632564145606E-14,205.,5.));
#3395=CARTESIAN_POINT('',(3.,205.,-230.));
#3396=CARTESIAN_POINT('Origin',(0.,222.,-230.));
#3397=CARTESIAN_POINT('',(3.,222.,-239.5));
#3398=CARTESIAN_POINT('',(3.,222.,-135.));
#3399=CARTESIAN_POINT('',(3.,222.,-15.));
#3400=CARTESIAN_POINT('',(1.5,222.,-239.5));
#3401=CARTESIAN_POINT('',(18.0000000056897,222.,-239.5));
#3402=CARTESIAN_POINT('',(1.5,222.,-230.));
#3403=CARTESIAN_POINT('',(1.5,222.,-234.75));
#3404=CARTESIAN_POINT('',(0.,222.,-230.));
#3405=CARTESIAN_POINT('',(0.,222.,-230.));
#3406=CARTESIAN_POINT('',(0.,222.,-135.));
#3407=CARTESIAN_POINT('',(0.,222.,-230.));
#3408=CARTESIAN_POINT('',(0.,222.,-135.));
#3409=CARTESIAN_POINT('Origin',(-7.37141379670868E-46,205.,5.));
#3410=CARTESIAN_POINT('',(-7.37141379670868E-46,205.,5.));
#3411=CARTESIAN_POINT('',(5.41618490351555E-32,234.,-135.));
#3412=CARTESIAN_POINT('',(-7.37141379670868E-46,234.,5.));
#3413=CARTESIAN_POINT('',(5.41618490351554E-32,228.,-135.));
#3414=CARTESIAN_POINT('',(9.09145323090114E-32,205.,-230.));
#3415=CARTESIAN_POINT('Origin',(3.,237.,-395.008120297787));
#3416=CARTESIAN_POINT('',(1.5,235.5,-135.));
#3417=CARTESIAN_POINT('Origin',(120.,234.,-395.008120297787));
#3418=CARTESIAN_POINT('',(120.,234.,-135.));
#3419=CARTESIAN_POINT('',(120.,234.,-395.008120297787));
#3420=CARTESIAN_POINT('',(118.5,235.5,-135.));
#3421=CARTESIAN_POINT('Origin',(5.12132034355964,234.878679656441,-395.008120297787));
#3422=CARTESIAN_POINT('',(2.99999999999999,232.757359312881,-135.));
#3423=CARTESIAN_POINT('',(2.99999999999999,232.757359312881,-395.008120297787));
#3424=CARTESIAN_POINT('',(3.62132034355963,233.378679656441,-135.));
#3425=CARTESIAN_POINT('Origin',(3.,210.,5.));
#3426=CARTESIAN_POINT('',(3.,206.,5.));
#3427=CARTESIAN_POINT('',(3.,210.,5.));
#3428=CARTESIAN_POINT('',(3.,205.,-239.5));
#3429=CARTESIAN_POINT('',(3.,210.,-135.));
#3430=CARTESIAN_POINT('',(3.,206.,2.));
#3431=CARTESIAN_POINT('',(3.,210.,2.));
#3432=CARTESIAN_POINT('',(3.,206.,5.));
#3433=CARTESIAN_POINT('Origin',(117.87867965644,231.878679656441,-395.008120297787));
#3434=CARTESIAN_POINT('',(117.,232.757359312881,-135.));
#3435=CARTESIAN_POINT('',(116.37867965644,233.378679656441,-135.));
#3436=CARTESIAN_POINT('',(117.,232.757359312881,-395.008120297787));
#3437=CARTESIAN_POINT('Origin',(1.16061105075335E-33,0.,2.));
#3438=CARTESIAN_POINT('',(117.,206.,2.));
#3439=CARTESIAN_POINT('',(117.,0.,2.));
#3440=CARTESIAN_POINT('',(113.,210.,2.));
#3441=CARTESIAN_POINT('Origin',(113.,206.,2.));
#3442=CARTESIAN_POINT('',(7.,210.,2.));
#3443=CARTESIAN_POINT('',(1.16061105075335E-33,210.,2.));
#3444=CARTESIAN_POINT('Origin',(7.,206.,2.));
#3445=CARTESIAN_POINT('Origin',(7.,206.,-112.5));
#3446=CARTESIAN_POINT('',(7.,210.,5.));
#3447=CARTESIAN_POINT('Origin',(7.,206.,5.));
#3448=CARTESIAN_POINT('',(7.,210.,5.));
#3449=CARTESIAN_POINT('Origin',(117.,210.,5.));
#3450=CARTESIAN_POINT('',(113.,210.,5.00000000000001));
#3451=CARTESIAN_POINT('',(113.,210.,5.));
#3452=CARTESIAN_POINT('',(117.,210.,5.));
#3453=CARTESIAN_POINT('Origin',(0.,0.,5.));
#3454=CARTESIAN_POINT('',(117.,206.,5.));
#3455=CARTESIAN_POINT('Origin',(113.,206.,5.));
#3456=CARTESIAN_POINT('',(117.,205.,5.));
#3457=CARTESIAN_POINT('',(117.,0.,5.));
#3458=CARTESIAN_POINT('',(120.,205.,5.));
#3459=CARTESIAN_POINT('',(118.5,205.,5.));
#3460=CARTESIAN_POINT('',(120.,221.,5.));
#3461=CARTESIAN_POINT('Origin',(3.,205.,5.));
#3462=CARTESIAN_POINT('',(120.,205.,-230.));
#3463=CARTESIAN_POINT('',(120.,205.,5.));
#3464=CARTESIAN_POINT('',(117.,205.,-239.5));
#3465=CARTESIAN_POINT('',(117.,205.,-234.75));
#3466=CARTESIAN_POINT('',(118.5,205.,-239.5));
#3467=CARTESIAN_POINT('',(117.75,205.,-239.5));
#3468=CARTESIAN_POINT('',(118.5,205.,-230.));
#3469=CARTESIAN_POINT('',(118.5,205.,0.));
#3470=CARTESIAN_POINT('',(3.,205.,-230.));
#3471=CARTESIAN_POINT('Origin',(120.,237.,5.));
#3472=CARTESIAN_POINT('',(120.,222.,-230.));
#3473=CARTESIAN_POINT('',(120.,222.,-135.));
#3474=CARTESIAN_POINT('',(120.,222.,-182.5));
#3475=CARTESIAN_POINT('',(120.,237.,-135.));
#3476=CARTESIAN_POINT('',(120.,237.,-230.));
#3477=CARTESIAN_POINT('Origin',(0.,272.,-135.));
#3478=CARTESIAN_POINT('',(117.,222.,-135.));
#3479=CARTESIAN_POINT('',(0.,222.,-135.));
#3480=CARTESIAN_POINT('',(117.,272.,-135.));
#3481=CARTESIAN_POINT('Origin',(113.,206.,-112.5));
#3482=CARTESIAN_POINT('',(117.,206.,5.));
#3483=CARTESIAN_POINT('Origin',(117.,205.,5.));
#3484=CARTESIAN_POINT('',(117.,222.,-239.5));
#3485=CARTESIAN_POINT('',(117.,222.,-239.5));
#3486=CARTESIAN_POINT('',(117.,205.,-239.5));
#3487=CARTESIAN_POINT('Origin',(0.,222.,-230.));
#3488=CARTESIAN_POINT('',(118.5,222.,-230.));
#3489=CARTESIAN_POINT('',(0.,222.,-230.));
#3490=CARTESIAN_POINT('',(118.5,222.,-239.5));
#3491=CARTESIAN_POINT('',(118.5,222.,-234.75));
#3492=CARTESIAN_POINT('',(18.0000000056897,222.,-239.5));
#3493=CARTESIAN_POINT('Origin',(0.,0.,-230.));
#3494=CARTESIAN_POINT('',(1.5,205.,-230.));
#3495=CARTESIAN_POINT('Origin',(0.,0.,-230.));
#3496=CARTESIAN_POINT('',(118.5,205.,-230.));
#3497=CARTESIAN_POINT('Origin',(118.5,205.,-230.));
#3498=CARTESIAN_POINT('',(118.5,205.,-239.5));
#3499=CARTESIAN_POINT('Origin',(117.,205.,-239.5));
#3500=CARTESIAN_POINT('Origin',(1.5,205.,-230.));
#3501=CARTESIAN_POINT('',(1.5,205.,-239.5));
#3502=CARTESIAN_POINT('Origin',(117.,205.,-239.5));
#3503=CARTESIAN_POINT('Origin',(59.9999999999998,102.5,-560.016240595575));
#3504=CARTESIAN_POINT('',(120.,205.,-560.016240595575));
#3505=CARTESIAN_POINT('',(118.5,205.,-560.016240595575));
#3506=CARTESIAN_POINT('',(59.9999999999988,205.,-560.016240595575));
#3507=CARTESIAN_POINT('',(120.,234.,-560.016240595575));
#3508=CARTESIAN_POINT('',(120.,219.5,-560.016240595575));
#3509=CARTESIAN_POINT('',(117.,237.,-560.016240595575));
#3510=CARTESIAN_POINT('',(118.5,235.5,-560.016240595575));
#3511=CARTESIAN_POINT('',(3.,237.,-560.016240595575));
#3512=CARTESIAN_POINT('',(60.,237.,-560.016240595575));
#3513=CARTESIAN_POINT('',(0.,234.,-560.016240595575));
#3514=CARTESIAN_POINT('',(1.49999999999999,235.5,-560.016240595575));
#3515=CARTESIAN_POINT('',(0.,205.,-560.016240595575));
#3516=CARTESIAN_POINT('',(1.05870867628255E-12,102.499999999999,-560.016240595575));
#3517=CARTESIAN_POINT('',(1.5,204.999999999999,-560.016240595575));
#3518=CARTESIAN_POINT('',(59.9999999999988,205.,-560.016240595575));
#3519=CARTESIAN_POINT('',(1.5,222.,-560.016240595575));
#3520=CARTESIAN_POINT('',(1.5,205.,-560.016240595575));
#3521=CARTESIAN_POINT('',(3.,222.,-560.016240595575));
#3522=CARTESIAN_POINT('',(118.5,222.,-560.016240595575));
#3523=CARTESIAN_POINT('',(2.99999999999999,232.757359312881,-560.016240595575));
#3524=CARTESIAN_POINT('',(3.,218.878679656441,-560.016240595575));
#3525=CARTESIAN_POINT('',(4.24264068711927,234.,-560.016240595575));
#3526=CARTESIAN_POINT('',(3.62132034355962,233.378679656441,-560.016240595575));
#3527=CARTESIAN_POINT('',(115.757359312881,234.,-560.016240595575));
#3528=CARTESIAN_POINT('',(60.,234.,-560.016240595575));
#3529=CARTESIAN_POINT('',(117.,232.757359312881,-560.016240595575));
#3530=CARTESIAN_POINT('',(116.37867965644,233.378679656441,-560.016240595575));
#3531=CARTESIAN_POINT('',(117.,222.,-560.016240595575));
#3532=CARTESIAN_POINT('',(117.000000000001,102.500000000001,-560.016240595575));
#3533=CARTESIAN_POINT('',(118.5,222.,-560.016240595575));
#3534=CARTESIAN_POINT('',(118.5,222.,-560.016240595575));
#3535=CARTESIAN_POINT('',(118.5,205.,-560.016240595575));
#3536=CARTESIAN_POINT('Origin',(59.9999999999999,237.,-792.016240595575));
#3537=CARTESIAN_POINT('',(117.,237.,-792.016240595575));
#3538=CARTESIAN_POINT('',(120.,234.,-795.016240595575));
#3539=CARTESIAN_POINT('',(118.5,235.5,-793.516240595575));
#3540=CARTESIAN_POINT('',(-3.26849658449646E-13,234.,-795.016240595575));
#3541=CARTESIAN_POINT('',(59.9999999999999,234.,-795.016240595575));
#3542=CARTESIAN_POINT('',(2.99999999929932,236.999999999671,-792.016240596276));
#3543=CARTESIAN_POINT('',(1.49999999999984,235.5,-793.516240595575));
#3544=CARTESIAN_POINT('',(59.9999999999999,237.,-792.016240595575));
#3545=CARTESIAN_POINT('Origin',(117.,237.,-395.008120297787));
#3546=CARTESIAN_POINT('',(117.,237.,-395.008120297787));
#3547=CARTESIAN_POINT('',(120.,234.,-395.008120297787));
#3548=CARTESIAN_POINT('Origin',(59.9999999999999,102.5,-795.016240595575));
#3549=CARTESIAN_POINT('',(117.,206.,-795.016240595575));
#3550=CARTESIAN_POINT('',(113.,210.,-795.016240595575));
#3551=CARTESIAN_POINT('Origin',(113.,206.,-795.016240595575));
#3552=CARTESIAN_POINT('',(7.,210.,-795.016240595575));
#3553=CARTESIAN_POINT('',(59.9999999999987,210.,-795.016240595575));
#3554=CARTESIAN_POINT('',(3.,206.,-795.016240595575));
#3555=CARTESIAN_POINT('Origin',(7.,206.,-795.016240595575));
#3556=CARTESIAN_POINT('',(3.,204.999999999999,-795.016240595575));
#3557=CARTESIAN_POINT('',(3.,207.5,-795.016240595575));
#3558=CARTESIAN_POINT('',(0.,205.,-795.016240595575));
#3559=CARTESIAN_POINT('',(59.9999999999988,205.,-795.016240595575));
#3560=CARTESIAN_POINT('',(1.05870867628255E-12,102.499999999999,-795.016240595575));
#3561=CARTESIAN_POINT('',(120.,205.,-795.016240595575));
#3562=CARTESIAN_POINT('',(120.,221.,-795.016240595575));
#3563=CARTESIAN_POINT('',(117.,205.,-795.016240595575));
#3564=CARTESIAN_POINT('',(59.9999999999988,205.,-795.016240595575));
#3565=CARTESIAN_POINT('',(117.000000000001,102.500000000001,-795.016240595575));
#3566=CARTESIAN_POINT('Origin',(3.,237.,-395.008120297787));
#3567=CARTESIAN_POINT('',(3.,237.,-395.008120297787));
#3568=CARTESIAN_POINT('',(0.,234.,-395.008120297787));
#3569=CARTESIAN_POINT('Origin',(-7.37141379670868E-46,237.,5.));
#3570=CARTESIAN_POINT('',(13.5500000056897,237.,-775.016));
#3571=CARTESIAN_POINT('Origin',(18.0000000056897,237.,-775.016));
#3572=CARTESIAN_POINT('',(97.5500000056898,237.,-775.016));
#3573=CARTESIAN_POINT('Origin',(102.00000000569,237.,-775.016));
#3574=CARTESIAN_POINT('Origin',(120.,237.,5.));
#3575=CARTESIAN_POINT('',(120.,205.,5.));
#3576=CARTESIAN_POINT('Origin',(-7.37141379670868E-46,205.,5.));
#3577=CARTESIAN_POINT('',(-7.37141379670868E-46,205.,5.));
#3578=CARTESIAN_POINT('Origin',(3.,205.,5.));
#3579=CARTESIAN_POINT('',(3.,205.,-550.516240595575));
#3580=CARTESIAN_POINT('',(3.,205.,-555.266240595575));
#3581=CARTESIAN_POINT('',(1.5,205.,-550.516240595575));
#3582=CARTESIAN_POINT('',(117.75,205.,-550.516240595575));
#3583=CARTESIAN_POINT('',(1.5,205.,-790.016240595575));
#3584=CARTESIAN_POINT('Origin',(3.,210.,5.));
#3585=CARTESIAN_POINT('',(3.,232.757359312881,-792.016240595575));
#3586=CARTESIAN_POINT('',(3.,232.757359312881,5.));
#3587=CARTESIAN_POINT('',(3.,222.,-550.516240595575));
#3588=CARTESIAN_POINT('',(3.,222.,-550.516240595575));
#3589=CARTESIAN_POINT('',(3.,205.,-550.516240595575));
#3590=CARTESIAN_POINT('',(3.,206.,-792.016240595575));
#3591=CARTESIAN_POINT('',(3.,206.,5.));
#3592=CARTESIAN_POINT('',(3.,210.,-792.016240595575));
#3593=CARTESIAN_POINT('Origin',(7.,206.,-677.516240595575));
#3594=CARTESIAN_POINT('',(7.,210.,-792.016240595575));
#3595=CARTESIAN_POINT('Origin',(7.,206.,-792.016240595575));
#3596=CARTESIAN_POINT('',(7.,210.,-792.016240595575));
#3597=CARTESIAN_POINT('Origin',(117.,210.,5.));
#3598=CARTESIAN_POINT('',(113.,210.,-792.016240595575));
#3599=CARTESIAN_POINT('',(117.,210.,-792.016240595575));
#3600=CARTESIAN_POINT('',(113.,210.,5.));
#3601=CARTESIAN_POINT('Origin',(113.,206.,-677.516240595575));
#3602=CARTESIAN_POINT('',(117.,206.,-792.016240595575));
#3603=CARTESIAN_POINT('Origin',(113.,206.,-792.016240595575));
#3604=CARTESIAN_POINT('',(117.,206.,-792.016240595575));
#3605=CARTESIAN_POINT('Origin',(117.,205.,5.));
#3606=CARTESIAN_POINT('',(117.,205.,-550.516240595575));
#3607=CARTESIAN_POINT('',(117.,205.,-550.516240595575));
#3608=CARTESIAN_POINT('',(117.,222.,-550.516240595575));
#3609=CARTESIAN_POINT('',(117.,205.,-550.516240595575));
#3610=CARTESIAN_POINT('',(117.,222.,-550.516240595575));
#3611=CARTESIAN_POINT('',(117.,232.757359312881,-792.016240595575));
#3612=CARTESIAN_POINT('',(117.,232.757359312881,5.));
#3613=CARTESIAN_POINT('',(117.,205.,-792.016240595575));
#3614=CARTESIAN_POINT('Origin',(3.,205.,5.));
#3615=CARTESIAN_POINT('',(118.5,205.,-550.516240595575));
#3616=CARTESIAN_POINT('',(118.5,205.,-790.016240595575));
#3617=CARTESIAN_POINT('',(117.75,205.,-550.516240595575));
#3618=CARTESIAN_POINT('Origin',(18.0000000056897,234.8,-775.016));
#3619=CARTESIAN_POINT('',(15.7500000056897,234.8,-775.016));
#3620=CARTESIAN_POINT('Origin',(18.0000000056897,234.8,-775.016));
#3621=CARTESIAN_POINT('',(15.7500000056897,234.8,-775.016));
#3622=CARTESIAN_POINT('Origin',(102.00000000569,234.8,-775.016));
#3623=CARTESIAN_POINT('',(99.7500000056898,234.8,-775.016));
#3624=CARTESIAN_POINT('Origin',(102.00000000569,234.8,-775.016));
#3625=CARTESIAN_POINT('',(99.7500000056898,234.8,-775.016));
#3626=CARTESIAN_POINT('Origin',(59.9999999999999,102.5,-792.016240595575));
#3627=CARTESIAN_POINT('',(60.0000000000001,232.757359312882,-792.016240595575));
#3628=CARTESIAN_POINT('Origin',(5.12132034355964,234.878679656441,-395.008120297787));
#3629=CARTESIAN_POINT('',(4.24264068711927,234.,-790.773599908456));
#3630=CARTESIAN_POINT('',(4.24264068711927,234.,-395.008120297787));
#3631=CARTESIAN_POINT('',(3.62132034355969,233.378679656441,-791.394920252015));
#3632=CARTESIAN_POINT('Origin',(114.87867965644,234.878679656441,-395.008120297787));
#3633=CARTESIAN_POINT('',(115.757359312881,234.,-790.773599908456));
#3634=CARTESIAN_POINT('',(115.757359312881,234.,-395.008120297787));
#3635=CARTESIAN_POINT('',(116.37867965644,233.378679656441,-791.394920252015));
#3636=CARTESIAN_POINT('Origin',(18.0000000056897,237.,-775.016));
#3637=CARTESIAN_POINT('',(15.7500000056897,210.,-775.016));
#3638=CARTESIAN_POINT('',(15.7500000056897,237.,-775.016));
#3639=CARTESIAN_POINT('Origin',(18.0000000056897,210.,-775.016));
#3640=CARTESIAN_POINT('Origin',(102.00000000569,237.,-775.016));
#3641=CARTESIAN_POINT('',(99.7500000056898,210.,-775.016));
#3642=CARTESIAN_POINT('',(99.7500000056898,237.,-775.016));
#3643=CARTESIAN_POINT('Origin',(102.00000000569,210.,-775.016));
#3644=CARTESIAN_POINT('Origin',(59.9999999999999,234.878679656441,-789.894920252015));
#3645=CARTESIAN_POINT('',(59.9999999999999,234.,-790.773599908456));
#3646=CARTESIAN_POINT('Origin',(-7.37141379670868E-46,234.,5.));
#3647=CARTESIAN_POINT('',(12.3073593185705,234.,-775.016));
#3648=CARTESIAN_POINT('Origin',(18.0000000056897,234.,-775.016));
#3649=CARTESIAN_POINT('',(96.3073593185705,234.,-775.016));
#3650=CARTESIAN_POINT('Origin',(102.00000000569,234.,-775.016));
#3651=CARTESIAN_POINT('Origin',(117.,210.,5.));
#3652=CARTESIAN_POINT('',(12.7500000056897,210.,-775.016));
#3653=CARTESIAN_POINT('Origin',(18.0000000056897,210.,-775.016));
#3654=CARTESIAN_POINT('Origin',(117.,210.,5.));
#3655=CARTESIAN_POINT('',(96.7500000056897,210.,-775.016));
#3656=CARTESIAN_POINT('Origin',(102.00000000569,210.,-775.016));
#3657=CARTESIAN_POINT('Origin',(18.0000000056897,232.678679656441,-775.016));
#3658=CARTESIAN_POINT('',(12.7500000056897,233.557359312881,-775.016));
#3659=CARTESIAN_POINT('',(13.6286796621301,232.678679656441,-775.016));
#3660=CARTESIAN_POINT('Origin',(18.0000000056897,233.557359312881,-775.016));
#3661=CARTESIAN_POINT('Origin',(102.00000000569,232.678679656441,-775.016));
#3662=CARTESIAN_POINT('',(96.7500000056897,233.557359312881,-775.016));
#3663=CARTESIAN_POINT('',(97.6286796621301,232.678679656441,-775.016));
#3664=CARTESIAN_POINT('Origin',(102.00000000569,233.557359312881,-775.016));
#3665=CARTESIAN_POINT('Origin',(18.0000000056897,237.,-775.016));
#3666=CARTESIAN_POINT('',(12.7500000056897,237.,-775.016));
#3667=CARTESIAN_POINT('Origin',(102.00000000569,237.,-775.016));
#3668=CARTESIAN_POINT('',(96.7500000056897,237.,-775.016));
#3669=CARTESIAN_POINT('Origin',(18.0000000056897,222.,-775.016240595575));
#3670=CARTESIAN_POINT('',(118.5,222.,-550.516240595575));
#3671=CARTESIAN_POINT('',(118.5,222.,-555.266240595575));
#3672=CARTESIAN_POINT('',(18.0000000056897,222.,-550.516240595575));
#3673=CARTESIAN_POINT('Origin',(118.5,205.,-560.016240595575));
#3674=CARTESIAN_POINT('',(118.5,205.,-550.516240595575));
#3675=CARTESIAN_POINT('Origin',(117.,205.,-550.516240595575));
#3676=CARTESIAN_POINT('Origin',(18.0000000056897,222.,-775.016240595575));
#3677=CARTESIAN_POINT('',(1.5,222.,-550.516240595575));
#3678=CARTESIAN_POINT('',(1.5,222.,-555.266240595575));
#3679=CARTESIAN_POINT('',(18.0000000056897,222.,-550.516240595575));
#3680=CARTESIAN_POINT('Origin',(1.5,205.,-560.016240595575));
#3681=CARTESIAN_POINT('',(1.5,205.,-550.516240595575));
#3682=CARTESIAN_POINT('Origin',(117.,205.,-550.516240595575));
#3683=UNCERTAINTY_MEASURE_WITH_UNIT(LENGTH_MEASURE(0.01),#3687,
'DISTANCE_ACCURACY_VALUE',
'Maximum model space distance between geometric entities at asserted c
onnectivities');
#3684=UNCERTAINTY_MEASURE_WITH_UNIT(LENGTH_MEASURE(0.01),#3687,
'DISTANCE_ACCURACY_VALUE',
'Maximum model space distance between geometric entities at asserted c
onnectivities');
#3685=(
GEOMETRIC_REPRESENTATION_CONTEXT(3)
GLOBAL_UNCERTAINTY_ASSIGNED_CONTEXT((#3683))
GLOBAL_UNIT_ASSIGNED_CONTEXT((#3687,#3689,#3690))
REPRESENTATION_CONTEXT('','3D')
);
#3686=(
GEOMETRIC_REPRESENTATION_CONTEXT(3)
GLOBAL_UNCERTAINTY_ASSIGNED_CONTEXT((#3684))
GLOBAL_UNIT_ASSIGNED_CONTEXT((#3687,#3689,#3690))
REPRESENTATION_CONTEXT('','3D')
);
#3687=(
LENGTH_UNIT()
NAMED_UNIT(*)
SI_UNIT(.MILLI.,.METRE.)
);
#3688=(
LENGTH_UNIT()
NAMED_UNIT(*)
SI_UNIT(.CENTI.,.METRE.)
);
#3689=(
NAMED_UNIT(*)
PLANE_ANGLE_UNIT()
SI_UNIT($,.RADIAN.)
);
#3690=(
NAMED_UNIT(*)
SI_UNIT($,.STERADIAN.)
SOLID_ANGLE_UNIT()
);
#3691=SHAPE_DEFINITION_REPRESENTATION(#3692,#3693);
#3692=PRODUCT_DEFINITION_SHAPE('',$,#3695);
#3693=SHAPE_REPRESENTATION('',(#2259),#3685);
#3694=PRODUCT_DEFINITION_CONTEXT('part definition',#3699,'design');
#3695=PRODUCT_DEFINITION('Bauteilzufuehrung_Abdeckung',
'Bauteilzufuehrung_Abde',#3696,#3694);
#3696=PRODUCT_DEFINITION_FORMATION('',$,#3701);
#3697=PRODUCT_RELATED_PRODUCT_CATEGORY('Bauteilzufuehrung_Abde',
'Bauteilzufuehrung_Abde',(#3701));
#3698=APPLICATION_PROTOCOL_DEFINITION('international standard',
'automotive_design',2009,#3699);
#3699=APPLICATION_CONTEXT(
'Core Data for Automotive Mechanical Design Process');
#3700=PRODUCT_CONTEXT('part definition',#3699,'mechanical');
#3701=PRODUCT('Bauteilzufuehrung_Abdeckung','Bauteilzufuehrung_Abde',$,
(#3700));
#3702=PRESENTATION_STYLE_ASSIGNMENT((#3704));
#3703=PRESENTATION_STYLE_ASSIGNMENT((#3705));
#3704=SURFACE_STYLE_USAGE(.BOTH.,#3710);
#3705=SURFACE_STYLE_USAGE(.BOTH.,#3711);
#3706=SURFACE_STYLE_RENDERING_WITH_PROPERTIES($,#3718,(#3708));
#3707=SURFACE_STYLE_RENDERING_WITH_PROPERTIES($,#3719,(#3709));
#3708=SURFACE_STYLE_TRANSPARENT(0.);
#3709=SURFACE_STYLE_TRANSPARENT(0.);
#3710=SURFACE_SIDE_STYLE('',(#3712,#3706));
#3711=SURFACE_SIDE_STYLE('',(#3713,#3707));
#3712=SURFACE_STYLE_FILL_AREA(#3714);
#3713=SURFACE_STYLE_FILL_AREA(#3715);
#3714=FILL_AREA_STYLE('',(#3716));
#3715=FILL_AREA_STYLE('',(#3717));
#3716=FILL_AREA_STYLE_COLOUR('',#3718);
#3717=FILL_AREA_STYLE_COLOUR('',#3719);
#3718=COLOUR_RGB('',0.749019607843137,0.749019607843137,0.749019607843137);
#3719=COLOUR_RGB('',0.,1.,1.);
ENDSEC;
END-ISO-10303-21;
