ISO-10303-21;
HEADER;
/* Generated by software containing ST-Developer
 * from STEP Tools, Inc. (www.steptools.com) 
 */

FILE_DESCRIPTION(
/* description */ (''),
/* implementation_level */ '2;1');

FILE_NAME(
/* name */ 'Endstueck_Harting_new.stp',
/* time_stamp */ '2026-03-07T11:06:02+01:00',
/* author */ ('neume'),
/* organization */ (''),
/* preprocessor_version */ 'ST-DEVELOPER v20.1',
/* originating_system */ 'Autodesk Inventor 2026',
/* authorisation */ '');

FILE_SCHEMA (('AUTOMOTIVE_DESIGN { 1 0 10303 214 3 1 1 }'));
ENDSEC;

DATA;
#10=MECHANICAL_DESIGN_GEOMETRIC_PRESENTATION_REPRESENTATION('',(#13),#2598);
#11=SHAPE_REPRESENTATION_RELATIONSHIP('SRR','None',#2605,#12);
#12=ADVANCED_BREP_SHAPE_REPRESENTATION('',(#14),#2597);
#13=STYLED_ITEM('',(#2615),#14);
#14=MANIFOLD_SOLID_BREP('Volumenk\X\F6rper1',#1547);
#15=B_SPLINE_CURVE_WITH_KNOTS('',3,(#2454,#2455,#2456,#2457,#2458,#2459,
#2460,#2461,#2462,#2463,#2464,#2465,#2466,#2467,#2468,#2469,#2470,#2471,
#2472,#2473,#2474,#2475,#2476),.UNSPECIFIED.,.F.,.F.,(4,2,2,2,2,3,2,2,2,
2,4),(1.51125326404329,1.60491074904221,1.69856823404112,1.79737433686349,
1.90618934430725,2.01500435175101,2.12381935919477,2.23263436663854,2.3314404694609,
2.42509795445981,2.51875543945873),.UNSPECIFIED.);
#16=B_SPLINE_CURVE_WITH_KNOTS('',3,(#2477,#2478,#2479,#2480,#2481,#2482,
#2483,#2484,#2485,#2486,#2487,#2488,#2489,#2490,#2491,#2492,#2493,#2494,
#2495,#2496,#2497,#2498,#2499),.UNSPECIFIED.,.F.,.F.,(4,2,2,2,2,3,2,2,2,
2,4),(1.51125326399196,1.60491074899565,1.69856823399933,1.79737433682673,
1.90618934427604,2.01500435172534,2.12381935917465,2.23263436662395,2.33144046945135,
2.42509795445504,2.51875543945873),.UNSPECIFIED.);
#17=ELLIPSE('',#1610,4.52548339959389,3.20000000000005);
#18=ELLIPSE('',#1614,4.52548339959355,3.1999999999997);
#19=ELLIPSE('',#1615,4.52548339959355,3.1999999999997);
#20=FACE_BOUND('',#174,.T.);
#21=FACE_BOUND('',#175,.T.);
#22=FACE_BOUND('',#176,.T.);
#23=FACE_BOUND('',#177,.T.);
#24=FACE_BOUND('',#178,.T.);
#25=FACE_BOUND('',#195,.T.);
#26=FACE_BOUND('',#198,.T.);
#27=FACE_BOUND('',#201,.T.);
#28=FACE_BOUND('',#206,.T.);
#29=FACE_BOUND('',#209,.T.);
#30=FACE_BOUND('',#219,.T.);
#31=FACE_BOUND('',#251,.T.);
#32=FACE_BOUND('',#253,.T.);
#33=FACE_BOUND('',#254,.T.);
#34=FACE_BOUND('',#256,.T.);
#35=FACE_BOUND('',#263,.T.);
#36=FACE_BOUND('',#264,.T.);
#37=FACE_BOUND('',#265,.T.);
#38=FACE_BOUND('',#266,.T.);
#39=FACE_BOUND('',#267,.T.);
#40=FACE_BOUND('',#268,.T.);
#41=FACE_BOUND('',#269,.T.);
#42=PLANE('',#1573);
#43=PLANE('',#1581);
#44=PLANE('',#1584);
#45=PLANE('',#1587);
#46=PLANE('',#1590);
#47=PLANE('',#1599);
#48=PLANE('',#1600);
#49=PLANE('',#1601);
#50=PLANE('',#1602);
#51=PLANE('',#1603);
#52=PLANE('',#1605);
#53=PLANE('',#1606);
#54=PLANE('',#1608);
#55=PLANE('',#1609);
#56=PLANE('',#1611);
#57=PLANE('',#1613);
#58=PLANE('',#1616);
#59=PLANE('',#1617);
#60=PLANE('',#1619);
#61=PLANE('',#1620);
#62=PLANE('',#1622);
#63=PLANE('',#1623);
#64=PLANE('',#1624);
#65=PLANE('',#1625);
#66=PLANE('',#1626);
#67=PLANE('',#1627);
#68=PLANE('',#1628);
#69=PLANE('',#1629);
#70=PLANE('',#1630);
#71=PLANE('',#1635);
#72=PLANE('',#1647);
#73=PLANE('',#1659);
#74=PLANE('',#1660);
#75=PLANE('',#1661);
#76=PLANE('',#1662);
#77=PLANE('',#1663);
#78=PLANE('',#1664);
#79=PLANE('',#1666);
#80=PLANE('',#1667);
#81=PLANE('',#1668);
#82=PLANE('',#1670);
#83=PLANE('',#1672);
#84=PLANE('',#1673);
#85=PLANE('',#1674);
#86=PLANE('',#1676);
#87=PLANE('',#1677);
#88=PLANE('',#1678);
#89=PLANE('',#1679);
#90=PLANE('',#1681);
#91=PLANE('',#1682);
#92=PLANE('',#1684);
#93=PLANE('',#1685);
#94=PLANE('',#1688);
#95=PLANE('',#1693);
#96=FACE_OUTER_BOUND('',#172,.T.);
#97=FACE_OUTER_BOUND('',#173,.T.);
#98=FACE_OUTER_BOUND('',#179,.T.);
#99=FACE_OUTER_BOUND('',#180,.T.);
#100=FACE_OUTER_BOUND('',#181,.T.);
#101=FACE_OUTER_BOUND('',#182,.T.);
#102=FACE_OUTER_BOUND('',#183,.T.);
#103=FACE_OUTER_BOUND('',#184,.T.);
#104=FACE_OUTER_BOUND('',#185,.T.);
#105=FACE_OUTER_BOUND('',#186,.T.);
#106=FACE_OUTER_BOUND('',#187,.T.);
#107=FACE_OUTER_BOUND('',#188,.T.);
#108=FACE_OUTER_BOUND('',#189,.T.);
#109=FACE_OUTER_BOUND('',#190,.T.);
#110=FACE_OUTER_BOUND('',#191,.T.);
#111=FACE_OUTER_BOUND('',#192,.T.);
#112=FACE_OUTER_BOUND('',#193,.T.);
#113=FACE_OUTER_BOUND('',#194,.T.);
#114=FACE_OUTER_BOUND('',#196,.T.);
#115=FACE_OUTER_BOUND('',#197,.T.);
#116=FACE_OUTER_BOUND('',#199,.T.);
#117=FACE_OUTER_BOUND('',#200,.T.);
#118=FACE_OUTER_BOUND('',#202,.T.);
#119=FACE_OUTER_BOUND('',#203,.T.);
#120=FACE_OUTER_BOUND('',#204,.T.);
#121=FACE_OUTER_BOUND('',#205,.T.);
#122=FACE_OUTER_BOUND('',#207,.T.);
#123=FACE_OUTER_BOUND('',#208,.T.);
#124=FACE_OUTER_BOUND('',#210,.T.);
#125=FACE_OUTER_BOUND('',#211,.T.);
#126=FACE_OUTER_BOUND('',#212,.T.);
#127=FACE_OUTER_BOUND('',#213,.T.);
#128=FACE_OUTER_BOUND('',#214,.T.);
#129=FACE_OUTER_BOUND('',#215,.T.);
#130=FACE_OUTER_BOUND('',#216,.T.);
#131=FACE_OUTER_BOUND('',#217,.T.);
#132=FACE_OUTER_BOUND('',#218,.T.);
#133=FACE_OUTER_BOUND('',#220,.T.);
#134=FACE_OUTER_BOUND('',#221,.T.);
#135=FACE_OUTER_BOUND('',#222,.T.);
#136=FACE_OUTER_BOUND('',#223,.T.);
#137=FACE_OUTER_BOUND('',#224,.T.);
#138=FACE_OUTER_BOUND('',#225,.T.);
#139=FACE_OUTER_BOUND('',#226,.T.);
#140=FACE_OUTER_BOUND('',#227,.T.);
#141=FACE_OUTER_BOUND('',#228,.T.);
#142=FACE_OUTER_BOUND('',#229,.T.);
#143=FACE_OUTER_BOUND('',#230,.T.);
#144=FACE_OUTER_BOUND('',#231,.T.);
#145=FACE_OUTER_BOUND('',#232,.T.);
#146=FACE_OUTER_BOUND('',#233,.T.);
#147=FACE_OUTER_BOUND('',#234,.T.);
#148=FACE_OUTER_BOUND('',#235,.T.);
#149=FACE_OUTER_BOUND('',#236,.T.);
#150=FACE_OUTER_BOUND('',#237,.T.);
#151=FACE_OUTER_BOUND('',#238,.T.);
#152=FACE_OUTER_BOUND('',#239,.T.);
#153=FACE_OUTER_BOUND('',#240,.T.);
#154=FACE_OUTER_BOUND('',#241,.T.);
#155=FACE_OUTER_BOUND('',#242,.T.);
#156=FACE_OUTER_BOUND('',#243,.T.);
#157=FACE_OUTER_BOUND('',#244,.T.);
#158=FACE_OUTER_BOUND('',#245,.T.);
#159=FACE_OUTER_BOUND('',#246,.T.);
#160=FACE_OUTER_BOUND('',#247,.T.);
#161=FACE_OUTER_BOUND('',#248,.T.);
#162=FACE_OUTER_BOUND('',#249,.T.);
#163=FACE_OUTER_BOUND('',#250,.T.);
#164=FACE_OUTER_BOUND('',#252,.T.);
#165=FACE_OUTER_BOUND('',#255,.T.);
#166=FACE_OUTER_BOUND('',#257,.T.);
#167=FACE_OUTER_BOUND('',#258,.T.);
#168=FACE_OUTER_BOUND('',#259,.T.);
#169=FACE_OUTER_BOUND('',#260,.T.);
#170=FACE_OUTER_BOUND('',#261,.T.);
#171=FACE_OUTER_BOUND('',#262,.T.);
#172=EDGE_LOOP('',(#1013,#1014,#1015,#1016));
#173=EDGE_LOOP('',(#1017,#1018,#1019,#1020,#1021,#1022,#1023,#1024));
#174=EDGE_LOOP('',(#1025));
#175=EDGE_LOOP('',(#1026));
#176=EDGE_LOOP('',(#1027));
#177=EDGE_LOOP('',(#1028));
#178=EDGE_LOOP('',(#1029,#1030,#1031,#1032));
#179=EDGE_LOOP('',(#1033,#1034,#1035,#1036));
#180=EDGE_LOOP('',(#1037,#1038,#1039,#1040));
#181=EDGE_LOOP('',(#1041,#1042,#1043,#1044));
#182=EDGE_LOOP('',(#1045,#1046,#1047,#1048));
#183=EDGE_LOOP('',(#1049,#1050,#1051,#1052));
#184=EDGE_LOOP('',(#1053,#1054,#1055,#1056));
#185=EDGE_LOOP('',(#1057,#1058,#1059,#1060));
#186=EDGE_LOOP('',(#1061,#1062,#1063,#1064));
#187=EDGE_LOOP('',(#1065,#1066,#1067,#1068));
#188=EDGE_LOOP('',(#1069,#1070,#1071,#1072));
#189=EDGE_LOOP('',(#1073,#1074,#1075,#1076));
#190=EDGE_LOOP('',(#1077,#1078,#1079,#1080));
#191=EDGE_LOOP('',(#1081,#1082,#1083,#1084));
#192=EDGE_LOOP('',(#1085,#1086,#1087,#1088));
#193=EDGE_LOOP('',(#1089,#1090,#1091,#1092));
#194=EDGE_LOOP('',(#1093,#1094,#1095,#1096));
#195=EDGE_LOOP('',(#1097));
#196=EDGE_LOOP('',(#1098,#1099,#1100,#1101));
#197=EDGE_LOOP('',(#1102,#1103,#1104,#1105,#1106,#1107));
#198=EDGE_LOOP('',(#1108));
#199=EDGE_LOOP('',(#1109,#1110,#1111,#1112));
#200=EDGE_LOOP('',(#1113,#1114,#1115,#1116));
#201=EDGE_LOOP('',(#1117));
#202=EDGE_LOOP('',(#1118,#1119,#1120,#1121,#1122,#1123));
#203=EDGE_LOOP('',(#1124,#1125,#1126,#1127,#1128,#1129,#1130));
#204=EDGE_LOOP('',(#1131,#1132,#1133,#1134));
#205=EDGE_LOOP('',(#1135,#1136,#1137,#1138,#1139,#1140));
#206=EDGE_LOOP('',(#1141));
#207=EDGE_LOOP('',(#1142,#1143,#1144,#1145));
#208=EDGE_LOOP('',(#1146,#1147,#1148,#1149));
#209=EDGE_LOOP('',(#1150));
#210=EDGE_LOOP('',(#1151,#1152,#1153,#1154));
#211=EDGE_LOOP('',(#1155,#1156,#1157,#1158,#1159,#1160));
#212=EDGE_LOOP('',(#1161,#1162,#1163,#1164));
#213=EDGE_LOOP('',(#1165,#1166,#1167,#1168,#1169,#1170));
#214=EDGE_LOOP('',(#1171,#1172,#1173,#1174));
#215=EDGE_LOOP('',(#1175,#1176,#1177,#1178,#1179,#1180));
#216=EDGE_LOOP('',(#1181,#1182,#1183,#1184));
#217=EDGE_LOOP('',(#1185,#1186,#1187,#1188,#1189,#1190));
#218=EDGE_LOOP('',(#1191,#1192,#1193,#1194,#1195,#1196,#1197,#1198,#1199,
#1200,#1201,#1202,#1203));
#219=EDGE_LOOP('',(#1204,#1205,#1206,#1207,#1208,#1209,#1210,#1211));
#220=EDGE_LOOP('',(#1212,#1213,#1214,#1215,#1216,#1217,#1218,#1219,#1220,
#1221,#1222,#1223,#1224,#1225,#1226,#1227,#1228,#1229,#1230,#1231,#1232,
#1233,#1234,#1235,#1236,#1237,#1238,#1239,#1240));
#221=EDGE_LOOP('',(#1241,#1242,#1243,#1244));
#222=EDGE_LOOP('',(#1245,#1246,#1247,#1248,#1249,#1250,#1251,#1252,#1253,
#1254,#1255,#1256));
#223=EDGE_LOOP('',(#1257,#1258,#1259,#1260,#1261,#1262,#1263,#1264,#1265,
#1266));
#224=EDGE_LOOP('',(#1267,#1268,#1269,#1270));
#225=EDGE_LOOP('',(#1271,#1272,#1273,#1274));
#226=EDGE_LOOP('',(#1275,#1276,#1277,#1278));
#227=EDGE_LOOP('',(#1279,#1280,#1281,#1282,#1283,#1284));
#228=EDGE_LOOP('',(#1285,#1286,#1287,#1288));
#229=EDGE_LOOP('',(#1289,#1290,#1291,#1292));
#230=EDGE_LOOP('',(#1293,#1294,#1295,#1296));
#231=EDGE_LOOP('',(#1297,#1298,#1299,#1300));
#232=EDGE_LOOP('',(#1301,#1302,#1303,#1304));
#233=EDGE_LOOP('',(#1305,#1306,#1307,#1308));
#234=EDGE_LOOP('',(#1309,#1310,#1311,#1312));
#235=EDGE_LOOP('',(#1313,#1314,#1315,#1316));
#236=EDGE_LOOP('',(#1317,#1318,#1319,#1320));
#237=EDGE_LOOP('',(#1321,#1322,#1323,#1324));
#238=EDGE_LOOP('',(#1325,#1326,#1327,#1328));
#239=EDGE_LOOP('',(#1329,#1330,#1331,#1332));
#240=EDGE_LOOP('',(#1333,#1334,#1335,#1336));
#241=EDGE_LOOP('',(#1337,#1338,#1339,#1340,#1341,#1342,#1343,#1344));
#242=EDGE_LOOP('',(#1345,#1346,#1347,#1348));
#243=EDGE_LOOP('',(#1349,#1350,#1351,#1352));
#244=EDGE_LOOP('',(#1353,#1354,#1355,#1356));
#245=EDGE_LOOP('',(#1357,#1358,#1359,#1360));
#246=EDGE_LOOP('',(#1361,#1362,#1363,#1364));
#247=EDGE_LOOP('',(#1365,#1366,#1367,#1368));
#248=EDGE_LOOP('',(#1369,#1370,#1371,#1372));
#249=EDGE_LOOP('',(#1373,#1374,#1375,#1376));
#250=EDGE_LOOP('',(#1377,#1378,#1379,#1380));
#251=EDGE_LOOP('',(#1381));
#252=EDGE_LOOP('',(#1382,#1383,#1384,#1385));
#253=EDGE_LOOP('',(#1386));
#254=EDGE_LOOP('',(#1387));
#255=EDGE_LOOP('',(#1388,#1389,#1390,#1391));
#256=EDGE_LOOP('',(#1392));
#257=EDGE_LOOP('',(#1393,#1394,#1395,#1396));
#258=EDGE_LOOP('',(#1397,#1398,#1399));
#259=EDGE_LOOP('',(#1400,#1401,#1402));
#260=EDGE_LOOP('',(#1403,#1404,#1405,#1406,#1407,#1408));
#261=EDGE_LOOP('',(#1409,#1410,#1411,#1412,#1413,#1414));
#262=EDGE_LOOP('',(#1415,#1416,#1417,#1418,#1419,#1420,#1421,#1422,#1423,
#1424,#1425,#1426,#1427,#1428,#1429,#1430,#1431,#1432));
#263=EDGE_LOOP('',(#1433,#1434,#1435,#1436));
#264=EDGE_LOOP('',(#1437));
#265=EDGE_LOOP('',(#1438,#1439,#1440,#1441));
#266=EDGE_LOOP('',(#1442,#1443,#1444,#1445));
#267=EDGE_LOOP('',(#1446));
#268=EDGE_LOOP('',(#1447));
#269=EDGE_LOOP('',(#1448));
#270=LINE('',#2117,#438);
#271=LINE('',#2122,#439);
#272=LINE('',#2126,#440);
#273=LINE('',#2130,#441);
#274=LINE('',#2134,#442);
#275=LINE('',#2144,#443);
#276=LINE('',#2146,#444);
#277=LINE('',#2148,#445);
#278=LINE('',#2149,#446);
#279=LINE('',#2153,#447);
#280=LINE('',#2154,#448);
#281=LINE('',#2155,#449);
#282=LINE('',#2158,#450);
#283=LINE('',#2162,#451);
#284=LINE('',#2163,#452);
#285=LINE('',#2166,#453);
#286=LINE('',#2170,#454);
#287=LINE('',#2171,#455);
#288=LINE('',#2174,#456);
#289=LINE('',#2178,#457);
#290=LINE('',#2179,#458);
#291=LINE('',#2185,#459);
#292=LINE('',#2189,#460);
#293=LINE('',#2193,#461);
#294=LINE('',#2196,#462);
#295=LINE('',#2198,#463);
#296=LINE('',#2199,#464);
#297=LINE('',#2202,#465);
#298=LINE('',#2203,#466);
#299=LINE('',#2206,#467);
#300=LINE('',#2207,#468);
#301=LINE('',#2209,#469);
#302=LINE('',#2213,#470);
#303=LINE('',#2215,#471);
#304=LINE('',#2217,#472);
#305=LINE('',#2218,#473);
#306=LINE('',#2223,#474);
#307=LINE('',#2225,#475);
#308=LINE('',#2226,#476);
#309=LINE('',#2230,#477);
#310=LINE('',#2232,#478);
#311=LINE('',#2234,#479);
#312=LINE('',#2235,#480);
#313=LINE('',#2236,#481);
#314=LINE('',#2241,#482);
#315=LINE('',#2243,#483);
#316=LINE('',#2244,#484);
#317=LINE('',#2247,#485);
#318=LINE('',#2249,#486);
#319=LINE('',#2250,#487);
#320=LINE('',#2258,#488);
#321=LINE('',#2259,#489);
#322=LINE('',#2261,#490);
#323=LINE('',#2262,#491);
#324=LINE('',#2268,#492);
#325=LINE('',#2270,#493);
#326=LINE('',#2271,#494);
#327=LINE('',#2274,#495);
#328=LINE('',#2276,#496);
#329=LINE('',#2277,#497);
#330=LINE('',#2280,#498);
#331=LINE('',#2282,#499);
#332=LINE('',#2284,#500);
#333=LINE('',#2286,#501);
#334=LINE('',#2287,#502);
#335=LINE('',#2292,#503);
#336=LINE('',#2294,#504);
#337=LINE('',#2295,#505);
#338=LINE('',#2299,#506);
#339=LINE('',#2300,#507);
#340=LINE('',#2301,#508);
#341=LINE('',#2307,#509);
#342=LINE('',#2309,#510);
#343=LINE('',#2311,#511);
#344=LINE('',#2312,#512);
#345=LINE('',#2315,#513);
#346=LINE('',#2317,#514);
#347=LINE('',#2319,#515);
#348=LINE('',#2321,#516);
#349=LINE('',#2322,#517);
#350=LINE('',#2326,#518);
#351=LINE('',#2327,#519);
#352=LINE('',#2328,#520);
#353=LINE('',#2330,#521);
#354=LINE('',#2332,#522);
#355=LINE('',#2334,#523);
#356=LINE('',#2335,#524);
#357=LINE('',#2339,#525);
#358=LINE('',#2341,#526);
#359=LINE('',#2343,#527);
#360=LINE('',#2344,#528);
#361=LINE('',#2347,#529);
#362=LINE('',#2349,#530);
#363=LINE('',#2351,#531);
#364=LINE('',#2353,#532);
#365=LINE('',#2354,#533);
#366=LINE('',#2358,#534);
#367=LINE('',#2359,#535);
#368=LINE('',#2360,#536);
#369=LINE('',#2362,#537);
#370=LINE('',#2364,#538);
#371=LINE('',#2366,#539);
#372=LINE('',#2367,#540);
#373=LINE('',#2373,#541);
#374=LINE('',#2375,#542);
#375=LINE('',#2377,#543);
#376=LINE('',#2381,#544);
#377=LINE('',#2385,#545);
#378=LINE('',#2387,#546);
#379=LINE('',#2389,#547);
#380=LINE('',#2393,#548);
#381=LINE('',#2394,#549);
#382=LINE('',#2398,#550);
#383=LINE('',#2402,#551);
#384=LINE('',#2404,#552);
#385=LINE('',#2406,#553);
#386=LINE('',#2411,#554);
#387=LINE('',#2416,#555);
#388=LINE('',#2418,#556);
#389=LINE('',#2420,#557);
#390=LINE('',#2424,#558);
#391=LINE('',#2426,#559);
#392=LINE('',#2428,#560);
#393=LINE('',#2432,#561);
#394=LINE('',#2434,#562);
#395=LINE('',#2438,#563);
#396=LINE('',#2439,#564);
#397=LINE('',#2442,#565);
#398=LINE('',#2446,#566);
#399=LINE('',#2448,#567);
#400=LINE('',#2450,#568);
#401=LINE('',#2452,#569);
#402=LINE('',#2453,#570);
#403=LINE('',#2504,#571);
#404=LINE('',#2507,#572);
#405=LINE('',#2509,#573);
#406=LINE('',#2513,#574);
#407=LINE('',#2517,#575);
#408=LINE('',#2519,#576);
#409=LINE('',#2522,#577);
#410=LINE('',#2525,#578);
#411=LINE('',#2527,#579);
#412=LINE('',#2530,#580);
#413=LINE('',#2532,#581);
#414=LINE('',#2535,#582);
#415=LINE('',#2536,#583);
#416=LINE('',#2538,#584);
#417=LINE('',#2540,#585);
#418=LINE('',#2542,#586);
#419=LINE('',#2544,#587);
#420=LINE('',#2547,#588);
#421=LINE('',#2548,#589);
#422=LINE('',#2550,#590);
#423=LINE('',#2551,#591);
#424=LINE('',#2553,#592);
#425=LINE('',#2555,#593);
#426=LINE('',#2557,#594);
#427=LINE('',#2559,#595);
#428=LINE('',#2561,#596);
#429=LINE('',#2563,#597);
#430=LINE('',#2567,#598);
#431=LINE('',#2568,#599);
#432=LINE('',#2570,#600);
#433=LINE('',#2576,#601);
#434=LINE('',#2577,#602);
#435=LINE('',#2581,#603);
#436=LINE('',#2591,#604);
#437=LINE('',#2593,#605);
#438=VECTOR('',#1700,2.85);
#439=VECTOR('',#1705,10.);
#440=VECTOR('',#1708,10.);
#441=VECTOR('',#1711,10.);
#442=VECTOR('',#1714,10.);
#443=VECTOR('',#1723,10.);
#444=VECTOR('',#1724,10.);
#445=VECTOR('',#1725,10.);
#446=VECTOR('',#1726,10.);
#447=VECTOR('',#1729,10.);
#448=VECTOR('',#1730,10.);
#449=VECTOR('',#1731,10.);
#450=VECTOR('',#1734,1.);
#451=VECTOR('',#1739,10.);
#452=VECTOR('',#1740,10.);
#453=VECTOR('',#1743,1.);
#454=VECTOR('',#1748,10.);
#455=VECTOR('',#1749,10.);
#456=VECTOR('',#1752,1.);
#457=VECTOR('',#1757,10.);
#458=VECTOR('',#1758,10.);
#459=VECTOR('',#1767,2.85);
#460=VECTOR('',#1772,2.85);
#461=VECTOR('',#1777,2.85);
#462=VECTOR('',#1780,10.);
#463=VECTOR('',#1781,10.);
#464=VECTOR('',#1782,10.);
#465=VECTOR('',#1785,10.);
#466=VECTOR('',#1786,10.);
#467=VECTOR('',#1789,10.);
#468=VECTOR('',#1790,10.);
#469=VECTOR('',#1793,10.);
#470=VECTOR('',#1796,10.);
#471=VECTOR('',#1797,10.);
#472=VECTOR('',#1798,10.);
#473=VECTOR('',#1799,10.);
#474=VECTOR('',#1804,10.);
#475=VECTOR('',#1805,10.);
#476=VECTOR('',#1806,10.);
#477=VECTOR('',#1809,10.);
#478=VECTOR('',#1810,10.);
#479=VECTOR('',#1811,10.);
#480=VECTOR('',#1812,10.);
#481=VECTOR('',#1813,10.);
#482=VECTOR('',#1818,10.);
#483=VECTOR('',#1819,10.);
#484=VECTOR('',#1820,10.);
#485=VECTOR('',#1823,10.);
#486=VECTOR('',#1824,10.);
#487=VECTOR('',#1825,10.);
#488=VECTOR('',#1832,10.);
#489=VECTOR('',#1833,10.);
#490=VECTOR('',#1834,10.);
#491=VECTOR('',#1835,10.);
#492=VECTOR('',#1842,10.);
#493=VECTOR('',#1843,10.);
#494=VECTOR('',#1844,10.);
#495=VECTOR('',#1847,10.);
#496=VECTOR('',#1848,10.);
#497=VECTOR('',#1849,10.);
#498=VECTOR('',#1852,10.);
#499=VECTOR('',#1853,10.);
#500=VECTOR('',#1854,10.);
#501=VECTOR('',#1855,10.);
#502=VECTOR('',#1856,10.);
#503=VECTOR('',#1861,10.);
#504=VECTOR('',#1862,10.);
#505=VECTOR('',#1863,10.);
#506=VECTOR('',#1866,10.);
#507=VECTOR('',#1867,10.);
#508=VECTOR('',#1868,10.);
#509=VECTOR('',#1873,10.);
#510=VECTOR('',#1874,10.);
#511=VECTOR('',#1875,10.);
#512=VECTOR('',#1876,10.);
#513=VECTOR('',#1879,10.);
#514=VECTOR('',#1880,10.);
#515=VECTOR('',#1881,10.);
#516=VECTOR('',#1882,10.);
#517=VECTOR('',#1883,10.);
#518=VECTOR('',#1886,10.);
#519=VECTOR('',#1887,10.);
#520=VECTOR('',#1888,10.);
#521=VECTOR('',#1891,10.);
#522=VECTOR('',#1892,10.);
#523=VECTOR('',#1893,10.);
#524=VECTOR('',#1894,10.);
#525=VECTOR('',#1897,10.);
#526=VECTOR('',#1898,10.);
#527=VECTOR('',#1899,10.);
#528=VECTOR('',#1900,10.);
#529=VECTOR('',#1903,10.);
#530=VECTOR('',#1904,10.);
#531=VECTOR('',#1905,10.);
#532=VECTOR('',#1906,10.);
#533=VECTOR('',#1907,10.);
#534=VECTOR('',#1910,10.);
#535=VECTOR('',#1911,10.);
#536=VECTOR('',#1912,10.);
#537=VECTOR('',#1915,10.);
#538=VECTOR('',#1916,10.);
#539=VECTOR('',#1917,10.);
#540=VECTOR('',#1918,10.);
#541=VECTOR('',#1923,10.);
#542=VECTOR('',#1924,10.);
#543=VECTOR('',#1925,10.);
#544=VECTOR('',#1928,10.);
#545=VECTOR('',#1931,10.);
#546=VECTOR('',#1932,10.);
#547=VECTOR('',#1933,10.);
#548=VECTOR('',#1936,10.);
#549=VECTOR('',#1937,10.);
#550=VECTOR('',#1940,10.);
#551=VECTOR('',#1943,10.);
#552=VECTOR('',#1944,10.);
#553=VECTOR('',#1945,10.);
#554=VECTOR('',#1950,10.);
#555=VECTOR('',#1955,10.);
#556=VECTOR('',#1956,10.);
#557=VECTOR('',#1957,10.);
#558=VECTOR('',#1960,10.);
#559=VECTOR('',#1961,10.);
#560=VECTOR('',#1962,10.);
#561=VECTOR('',#1965,10.);
#562=VECTOR('',#1966,10.);
#563=VECTOR('',#1969,10.);
#564=VECTOR('',#1970,10.);
#565=VECTOR('',#1973,1.);
#566=VECTOR('',#1978,3.2);
#567=VECTOR('',#1979,1.);
#568=VECTOR('',#1980,3.2);
#569=VECTOR('',#1981,10.);
#570=VECTOR('',#1982,3.2);
#571=VECTOR('',#1987,10.);
#572=VECTOR('',#1992,1.);
#573=VECTOR('',#1995,3.2);
#574=VECTOR('',#2000,3.2);
#575=VECTOR('',#2005,3.2);
#576=VECTOR('',#2008,1.);
#577=VECTOR('',#2011,1.);
#578=VECTOR('',#2016,10.);
#579=VECTOR('',#2019,10.);
#580=VECTOR('',#2024,10.);
#581=VECTOR('',#2027,10.);
#582=VECTOR('',#2032,1.);
#583=VECTOR('',#2033,1.);
#584=VECTOR('',#2036,10.);
#585=VECTOR('',#2039,10.);
#586=VECTOR('',#2042,10.);
#587=VECTOR('',#2045,1.);
#588=VECTOR('',#2048,10.);
#589=VECTOR('',#2049,10.);
#590=VECTOR('',#2050,10.);
#591=VECTOR('',#2051,1.);
#592=VECTOR('',#2054,1.);
#593=VECTOR('',#2057,10.);
#594=VECTOR('',#2060,10.);
#595=VECTOR('',#2063,10.);
#596=VECTOR('',#2066,1.);
#597=VECTOR('',#2069,10.);
#598=VECTOR('',#2074,10.);
#599=VECTOR('',#2075,1.);
#600=VECTOR('',#2078,1.);
#601=VECTOR('',#2085,10.);
#602=VECTOR('',#2086,1.);
#603=VECTOR('',#2091,1.);
#604=VECTOR('',#2106,2.8);
#605=VECTOR('',#2109,2.8);
#606=CIRCLE('',#1571,2.85);
#607=CIRCLE('',#1572,2.85);
#608=CIRCLE('',#1574,4.49999999999999);
#609=CIRCLE('',#1575,4.49999999999997);
#610=CIRCLE('',#1576,4.49999999999998);
#611=CIRCLE('',#1577,4.50000000000003);
#612=CIRCLE('',#1578,2.85);
#613=CIRCLE('',#1579,2.85);
#614=CIRCLE('',#1580,2.85);
#615=CIRCLE('',#1583,4.5);
#616=CIRCLE('',#1586,4.5);
#617=CIRCLE('',#1589,4.5);
#618=CIRCLE('',#1592,4.5);
#619=CIRCLE('',#1594,2.84999999999999);
#620=CIRCLE('',#1596,2.84999999999999);
#621=CIRCLE('',#1598,2.85);
#622=CIRCLE('',#1604,3.2);
#623=CIRCLE('',#1607,3.2);
#624=CIRCLE('',#1612,3.20000000000002);
#625=CIRCLE('',#1618,3.2);
#626=CIRCLE('',#1621,3.2);
#627=CIRCLE('',#1631,6.00000000000003);
#628=CIRCLE('',#1632,3.99999999999997);
#629=CIRCLE('',#1633,3.99999999999999);
#630=CIRCLE('',#1634,6.00000000000001);
#631=CIRCLE('',#1636,4.);
#632=CIRCLE('',#1637,1.99999999999999);
#633=CIRCLE('',#1638,3.00000000000001);
#634=CIRCLE('',#1639,3.00000000000001);
#635=CIRCLE('',#1640,2.00000000000003);
#636=CIRCLE('',#1641,3.99999999999999);
#637=CIRCLE('',#1642,6.00000000000007);
#638=CIRCLE('',#1643,6.00000000000001);
#639=CIRCLE('',#1645,2.);
#640=CIRCLE('',#1648,3.00000000000003);
#641=CIRCLE('',#1649,3.00000000000001);
#642=CIRCLE('',#1653,3.2);
#643=CIRCLE('',#1655,3.2);
#644=CIRCLE('',#1658,2.);
#645=CIRCLE('',#1680,2.79999999999999);
#646=CIRCLE('',#1683,2.79999999999999);
#647=CIRCLE('',#1686,2.79999999999978);
#648=CIRCLE('',#1687,2.79999999999978);
#649=CIRCLE('',#1689,2.79999999999802);
#650=CIRCLE('',#1690,2.79999999999802);
#651=VERTEX_POINT('',#2114);
#652=VERTEX_POINT('',#2116);
#653=VERTEX_POINT('',#2120);
#654=VERTEX_POINT('',#2121);
#655=VERTEX_POINT('',#2123);
#656=VERTEX_POINT('',#2125);
#657=VERTEX_POINT('',#2127);
#658=VERTEX_POINT('',#2129);
#659=VERTEX_POINT('',#2131);
#660=VERTEX_POINT('',#2133);
#661=VERTEX_POINT('',#2136);
#662=VERTEX_POINT('',#2138);
#663=VERTEX_POINT('',#2140);
#664=VERTEX_POINT('',#2142);
#665=VERTEX_POINT('',#2143);
#666=VERTEX_POINT('',#2145);
#667=VERTEX_POINT('',#2147);
#668=VERTEX_POINT('',#2151);
#669=VERTEX_POINT('',#2152);
#670=VERTEX_POINT('',#2157);
#671=VERTEX_POINT('',#2161);
#672=VERTEX_POINT('',#2165);
#673=VERTEX_POINT('',#2169);
#674=VERTEX_POINT('',#2173);
#675=VERTEX_POINT('',#2177);
#676=VERTEX_POINT('',#2183);
#677=VERTEX_POINT('',#2187);
#678=VERTEX_POINT('',#2191);
#679=VERTEX_POINT('',#2195);
#680=VERTEX_POINT('',#2197);
#681=VERTEX_POINT('',#2201);
#682=VERTEX_POINT('',#2205);
#683=VERTEX_POINT('',#2211);
#684=VERTEX_POINT('',#2212);
#685=VERTEX_POINT('',#2214);
#686=VERTEX_POINT('',#2216);
#687=VERTEX_POINT('',#2219);
#688=VERTEX_POINT('',#2222);
#689=VERTEX_POINT('',#2224);
#690=VERTEX_POINT('',#2228);
#691=VERTEX_POINT('',#2229);
#692=VERTEX_POINT('',#2231);
#693=VERTEX_POINT('',#2233);
#694=VERTEX_POINT('',#2237);
#695=VERTEX_POINT('',#2240);
#696=VERTEX_POINT('',#2242);
#697=VERTEX_POINT('',#2246);
#698=VERTEX_POINT('',#2248);
#699=VERTEX_POINT('',#2251);
#700=VERTEX_POINT('',#2254);
#701=VERTEX_POINT('',#2255);
#702=VERTEX_POINT('',#2257);
#703=VERTEX_POINT('',#2260);
#704=VERTEX_POINT('',#2264);
#705=VERTEX_POINT('',#2267);
#706=VERTEX_POINT('',#2269);
#707=VERTEX_POINT('',#2273);
#708=VERTEX_POINT('',#2275);
#709=VERTEX_POINT('',#2279);
#710=VERTEX_POINT('',#2281);
#711=VERTEX_POINT('',#2283);
#712=VERTEX_POINT('',#2285);
#713=VERTEX_POINT('',#2288);
#714=VERTEX_POINT('',#2291);
#715=VERTEX_POINT('',#2293);
#716=VERTEX_POINT('',#2297);
#717=VERTEX_POINT('',#2298);
#718=VERTEX_POINT('',#2302);
#719=VERTEX_POINT('',#2305);
#720=VERTEX_POINT('',#2306);
#721=VERTEX_POINT('',#2308);
#722=VERTEX_POINT('',#2310);
#723=VERTEX_POINT('',#2314);
#724=VERTEX_POINT('',#2316);
#725=VERTEX_POINT('',#2318);
#726=VERTEX_POINT('',#2320);
#727=VERTEX_POINT('',#2324);
#728=VERTEX_POINT('',#2325);
#729=VERTEX_POINT('',#2331);
#730=VERTEX_POINT('',#2333);
#731=VERTEX_POINT('',#2337);
#732=VERTEX_POINT('',#2338);
#733=VERTEX_POINT('',#2340);
#734=VERTEX_POINT('',#2342);
#735=VERTEX_POINT('',#2346);
#736=VERTEX_POINT('',#2348);
#737=VERTEX_POINT('',#2350);
#738=VERTEX_POINT('',#2352);
#739=VERTEX_POINT('',#2356);
#740=VERTEX_POINT('',#2357);
#741=VERTEX_POINT('',#2363);
#742=VERTEX_POINT('',#2365);
#743=VERTEX_POINT('',#2369);
#744=VERTEX_POINT('',#2370);
#745=VERTEX_POINT('',#2372);
#746=VERTEX_POINT('',#2374);
#747=VERTEX_POINT('',#2376);
#748=VERTEX_POINT('',#2378);
#749=VERTEX_POINT('',#2380);
#750=VERTEX_POINT('',#2382);
#751=VERTEX_POINT('',#2384);
#752=VERTEX_POINT('',#2386);
#753=VERTEX_POINT('',#2388);
#754=VERTEX_POINT('',#2390);
#755=VERTEX_POINT('',#2392);
#756=VERTEX_POINT('',#2396);
#757=VERTEX_POINT('',#2397);
#758=VERTEX_POINT('',#2399);
#759=VERTEX_POINT('',#2401);
#760=VERTEX_POINT('',#2403);
#761=VERTEX_POINT('',#2405);
#762=VERTEX_POINT('',#2408);
#763=VERTEX_POINT('',#2410);
#764=VERTEX_POINT('',#2413);
#765=VERTEX_POINT('',#2415);
#766=VERTEX_POINT('',#2417);
#767=VERTEX_POINT('',#2419);
#768=VERTEX_POINT('',#2421);
#769=VERTEX_POINT('',#2423);
#770=VERTEX_POINT('',#2425);
#771=VERTEX_POINT('',#2427);
#772=VERTEX_POINT('',#2429);
#773=VERTEX_POINT('',#2431);
#774=VERTEX_POINT('',#2433);
#775=VERTEX_POINT('',#2435);
#776=VERTEX_POINT('',#2437);
#777=VERTEX_POINT('',#2441);
#778=VERTEX_POINT('',#2445);
#779=VERTEX_POINT('',#2447);
#780=VERTEX_POINT('',#2449);
#781=VERTEX_POINT('',#2451);
#782=VERTEX_POINT('',#2501);
#783=VERTEX_POINT('',#2503);
#784=VERTEX_POINT('',#2511);
#785=VERTEX_POINT('',#2515);
#786=VERTEX_POINT('',#2521);
#787=VERTEX_POINT('',#2546);
#788=VERTEX_POINT('',#2549);
#789=VERTEX_POINT('',#2566);
#790=VERTEX_POINT('',#2571);
#791=VERTEX_POINT('',#2575);
#792=VERTEX_POINT('',#2578);
#793=VERTEX_POINT('',#2583);
#794=VERTEX_POINT('',#2587);
#795=EDGE_CURVE('',#651,#651,#606,.T.);
#796=EDGE_CURVE('',#651,#652,#270,.T.);
#797=EDGE_CURVE('',#652,#652,#607,.T.);
#798=EDGE_CURVE('',#653,#654,#271,.T.);
#799=EDGE_CURVE('',#653,#655,#608,.T.);
#800=EDGE_CURVE('',#656,#655,#272,.T.);
#801=EDGE_CURVE('',#656,#657,#609,.T.);
#802=EDGE_CURVE('',#658,#657,#273,.T.);
#803=EDGE_CURVE('',#658,#659,#610,.T.);
#804=EDGE_CURVE('',#660,#659,#274,.T.);
#805=EDGE_CURVE('',#660,#654,#611,.T.);
#806=EDGE_CURVE('',#661,#661,#612,.T.);
#807=EDGE_CURVE('',#662,#662,#613,.T.);
#808=EDGE_CURVE('',#663,#663,#614,.T.);
#809=EDGE_CURVE('',#664,#665,#275,.T.);
#810=EDGE_CURVE('',#665,#666,#276,.T.);
#811=EDGE_CURVE('',#666,#667,#277,.T.);
#812=EDGE_CURVE('',#667,#664,#278,.T.);
#813=EDGE_CURVE('',#668,#669,#279,.T.);
#814=EDGE_CURVE('',#653,#668,#280,.T.);
#815=EDGE_CURVE('',#669,#654,#281,.T.);
#816=EDGE_CURVE('',#660,#670,#282,.T.);
#817=EDGE_CURVE('',#669,#670,#615,.T.);
#818=EDGE_CURVE('',#671,#659,#283,.T.);
#819=EDGE_CURVE('',#670,#671,#284,.T.);
#820=EDGE_CURVE('',#658,#672,#285,.T.);
#821=EDGE_CURVE('',#671,#672,#616,.T.);
#822=EDGE_CURVE('',#673,#657,#286,.T.);
#823=EDGE_CURVE('',#672,#673,#287,.T.);
#824=EDGE_CURVE('',#656,#674,#288,.T.);
#825=EDGE_CURVE('',#673,#674,#617,.T.);
#826=EDGE_CURVE('',#675,#655,#289,.T.);
#827=EDGE_CURVE('',#674,#675,#290,.T.);
#828=EDGE_CURVE('',#675,#668,#618,.T.);
#829=EDGE_CURVE('',#676,#676,#619,.T.);
#830=EDGE_CURVE('',#676,#661,#291,.T.);
#831=EDGE_CURVE('',#677,#677,#620,.T.);
#832=EDGE_CURVE('',#677,#662,#292,.T.);
#833=EDGE_CURVE('',#678,#678,#621,.T.);
#834=EDGE_CURVE('',#678,#663,#293,.T.);
#835=EDGE_CURVE('',#664,#679,#294,.T.);
#836=EDGE_CURVE('',#680,#679,#295,.T.);
#837=EDGE_CURVE('',#665,#680,#296,.T.);
#838=EDGE_CURVE('',#667,#681,#297,.T.);
#839=EDGE_CURVE('',#679,#681,#298,.T.);
#840=EDGE_CURVE('',#666,#682,#299,.T.);
#841=EDGE_CURVE('',#681,#682,#300,.T.);
#842=EDGE_CURVE('',#682,#680,#301,.T.);
#843=EDGE_CURVE('',#683,#684,#302,.T.);
#844=EDGE_CURVE('',#685,#683,#303,.T.);
#845=EDGE_CURVE('',#686,#685,#304,.T.);
#846=EDGE_CURVE('',#686,#684,#305,.T.);
#847=EDGE_CURVE('',#687,#687,#622,.T.);
#848=EDGE_CURVE('',#688,#683,#306,.T.);
#849=EDGE_CURVE('',#689,#688,#307,.T.);
#850=EDGE_CURVE('',#689,#685,#308,.T.);
#851=EDGE_CURVE('',#690,#691,#309,.T.);
#852=EDGE_CURVE('',#692,#690,#310,.T.);
#853=EDGE_CURVE('',#693,#692,#311,.T.);
#854=EDGE_CURVE('',#689,#693,#312,.T.);
#855=EDGE_CURVE('',#691,#688,#313,.T.);
#856=EDGE_CURVE('',#694,#694,#623,.T.);
#857=EDGE_CURVE('',#695,#690,#314,.T.);
#858=EDGE_CURVE('',#691,#696,#315,.T.);
#859=EDGE_CURVE('',#696,#695,#316,.T.);
#860=EDGE_CURVE('',#697,#696,#317,.T.);
#861=EDGE_CURVE('',#697,#698,#318,.T.);
#862=EDGE_CURVE('',#695,#698,#319,.T.);
#863=EDGE_CURVE('',#699,#699,#17,.T.);
#864=EDGE_CURVE('',#700,#701,#624,.T.);
#865=EDGE_CURVE('',#701,#702,#320,.T.);
#866=EDGE_CURVE('',#698,#702,#321,.T.);
#867=EDGE_CURVE('',#703,#697,#322,.T.);
#868=EDGE_CURVE('',#703,#700,#323,.T.);
#869=EDGE_CURVE('',#701,#704,#18,.T.);
#870=EDGE_CURVE('',#704,#700,#19,.T.);
#871=EDGE_CURVE('',#705,#703,#324,.T.);
#872=EDGE_CURVE('',#706,#705,#325,.T.);
#873=EDGE_CURVE('',#702,#706,#326,.T.);
#874=EDGE_CURVE('',#707,#706,#327,.T.);
#875=EDGE_CURVE('',#705,#708,#328,.T.);
#876=EDGE_CURVE('',#708,#707,#329,.T.);
#877=EDGE_CURVE('',#709,#708,#330,.T.);
#878=EDGE_CURVE('',#709,#710,#331,.T.);
#879=EDGE_CURVE('',#711,#710,#332,.T.);
#880=EDGE_CURVE('',#711,#712,#333,.T.);
#881=EDGE_CURVE('',#707,#712,#334,.T.);
#882=EDGE_CURVE('',#713,#713,#625,.T.);
#883=EDGE_CURVE('',#710,#714,#335,.T.);
#884=EDGE_CURVE('',#715,#709,#336,.T.);
#885=EDGE_CURVE('',#715,#714,#337,.T.);
#886=EDGE_CURVE('',#716,#717,#338,.T.);
#887=EDGE_CURVE('',#714,#716,#339,.T.);
#888=EDGE_CURVE('',#717,#715,#340,.T.);
#889=EDGE_CURVE('',#718,#718,#626,.T.);
#890=EDGE_CURVE('',#719,#720,#341,.T.);
#891=EDGE_CURVE('',#720,#721,#342,.T.);
#892=EDGE_CURVE('',#721,#722,#343,.T.);
#893=EDGE_CURVE('',#722,#719,#344,.T.);
#894=EDGE_CURVE('',#723,#719,#345,.T.);
#895=EDGE_CURVE('',#724,#723,#346,.T.);
#896=EDGE_CURVE('',#724,#725,#347,.T.);
#897=EDGE_CURVE('',#725,#726,#348,.T.);
#898=EDGE_CURVE('',#720,#726,#349,.T.);
#899=EDGE_CURVE('',#727,#728,#350,.T.);
#900=EDGE_CURVE('',#728,#724,#351,.T.);
#901=EDGE_CURVE('',#723,#727,#352,.T.);
#902=EDGE_CURVE('',#722,#727,#353,.T.);
#903=EDGE_CURVE('',#721,#729,#354,.T.);
#904=EDGE_CURVE('',#729,#730,#355,.T.);
#905=EDGE_CURVE('',#728,#730,#356,.T.);
#906=EDGE_CURVE('',#731,#732,#357,.T.);
#907=EDGE_CURVE('',#732,#733,#358,.T.);
#908=EDGE_CURVE('',#733,#734,#359,.T.);
#909=EDGE_CURVE('',#734,#731,#360,.T.);
#910=EDGE_CURVE('',#735,#731,#361,.T.);
#911=EDGE_CURVE('',#736,#735,#362,.T.);
#912=EDGE_CURVE('',#736,#737,#363,.T.);
#913=EDGE_CURVE('',#737,#738,#364,.T.);
#914=EDGE_CURVE('',#732,#738,#365,.T.);
#915=EDGE_CURVE('',#739,#740,#366,.T.);
#916=EDGE_CURVE('',#740,#736,#367,.T.);
#917=EDGE_CURVE('',#735,#739,#368,.T.);
#918=EDGE_CURVE('',#734,#739,#369,.T.);
#919=EDGE_CURVE('',#733,#741,#370,.T.);
#920=EDGE_CURVE('',#741,#742,#371,.T.);
#921=EDGE_CURVE('',#740,#742,#372,.T.);
#922=EDGE_CURVE('',#743,#744,#627,.T.);
#923=EDGE_CURVE('',#744,#745,#373,.T.);
#924=EDGE_CURVE('',#745,#746,#374,.T.);
#925=EDGE_CURVE('',#747,#746,#375,.T.);
#926=EDGE_CURVE('',#748,#747,#628,.T.);
#927=EDGE_CURVE('',#749,#748,#376,.T.);
#928=EDGE_CURVE('',#750,#749,#629,.T.);
#929=EDGE_CURVE('',#751,#750,#377,.T.);
#930=EDGE_CURVE('',#751,#752,#378,.T.);
#931=EDGE_CURVE('',#752,#753,#379,.T.);
#932=EDGE_CURVE('',#753,#754,#630,.T.);
#933=EDGE_CURVE('',#754,#755,#380,.T.);
#934=EDGE_CURVE('',#755,#743,#381,.T.);
#935=EDGE_CURVE('',#756,#757,#382,.T.);
#936=EDGE_CURVE('',#758,#756,#631,.T.);
#937=EDGE_CURVE('',#759,#758,#383,.T.);
#938=EDGE_CURVE('',#759,#760,#384,.T.);
#939=EDGE_CURVE('',#760,#761,#385,.T.);
#940=EDGE_CURVE('',#761,#686,#632,.T.);
#941=EDGE_CURVE('',#693,#762,#633,.T.);
#942=EDGE_CURVE('',#762,#763,#386,.T.);
#943=EDGE_CURVE('',#763,#711,#634,.T.);
#944=EDGE_CURVE('',#716,#764,#635,.T.);
#945=EDGE_CURVE('',#764,#765,#387,.T.);
#946=EDGE_CURVE('',#765,#766,#388,.T.);
#947=EDGE_CURVE('',#767,#766,#389,.T.);
#948=EDGE_CURVE('',#768,#767,#636,.T.);
#949=EDGE_CURVE('',#769,#768,#390,.T.);
#950=EDGE_CURVE('',#770,#769,#391,.T.);
#951=EDGE_CURVE('',#771,#770,#392,.T.);
#952=EDGE_CURVE('',#772,#771,#637,.T.);
#953=EDGE_CURVE('',#772,#773,#393,.T.);
#954=EDGE_CURVE('',#773,#774,#394,.T.);
#955=EDGE_CURVE('',#774,#775,#638,.T.);
#956=EDGE_CURVE('',#776,#775,#395,.T.);
#957=EDGE_CURVE('',#757,#776,#396,.T.);
#958=EDGE_CURVE('',#761,#777,#397,.T.);
#959=EDGE_CURVE('',#777,#684,#639,.T.);
#960=EDGE_CURVE('',#718,#778,#398,.T.);
#961=EDGE_CURVE('',#778,#779,#399,.T.);
#962=EDGE_CURVE('',#779,#780,#400,.T.);
#963=EDGE_CURVE('',#780,#781,#401,.T.);
#964=EDGE_CURVE('',#781,#687,#402,.T.);
#965=EDGE_CURVE('',#781,#780,#15,.T.);
#966=EDGE_CURVE('',#779,#778,#16,.T.);
#967=EDGE_CURVE('',#712,#782,#640,.T.);
#968=EDGE_CURVE('',#782,#783,#403,.T.);
#969=EDGE_CURVE('',#783,#692,#641,.T.);
#970=EDGE_CURVE('',#762,#783,#404,.T.);
#971=EDGE_CURVE('',#694,#713,#405,.T.);
#972=EDGE_CURVE('',#784,#784,#642,.T.);
#973=EDGE_CURVE('',#784,#699,#406,.T.);
#974=EDGE_CURVE('',#785,#785,#643,.T.);
#975=EDGE_CURVE('',#785,#704,#407,.T.);
#976=EDGE_CURVE('',#763,#782,#408,.T.);
#977=EDGE_CURVE('',#764,#786,#409,.T.);
#978=EDGE_CURVE('',#717,#786,#644,.T.);
#979=EDGE_CURVE('',#726,#729,#410,.T.);
#980=EDGE_CURVE('',#730,#725,#411,.T.);
#981=EDGE_CURVE('',#738,#741,#412,.T.);
#982=EDGE_CURVE('',#742,#737,#413,.T.);
#983=EDGE_CURVE('',#771,#744,#414,.T.);
#984=EDGE_CURVE('',#772,#743,#415,.T.);
#985=EDGE_CURVE('',#770,#745,#416,.T.);
#986=EDGE_CURVE('',#769,#746,#417,.T.);
#987=EDGE_CURVE('',#768,#747,#418,.T.);
#988=EDGE_CURVE('',#767,#748,#419,.T.);
#989=EDGE_CURVE('',#759,#787,#420,.T.);
#990=EDGE_CURVE('',#758,#749,#421,.T.);
#991=EDGE_CURVE('',#788,#766,#422,.T.);
#992=EDGE_CURVE('',#787,#788,#423,.T.);
#993=EDGE_CURVE('',#756,#750,#424,.T.);
#994=EDGE_CURVE('',#751,#757,#425,.T.);
#995=EDGE_CURVE('',#776,#752,#426,.T.);
#996=EDGE_CURVE('',#753,#775,#427,.T.);
#997=EDGE_CURVE('',#754,#774,#428,.T.);
#998=EDGE_CURVE('',#755,#773,#429,.T.);
#999=EDGE_CURVE('',#789,#765,#430,.T.);
#1000=EDGE_CURVE('',#788,#789,#431,.T.);
#1001=EDGE_CURVE('',#789,#786,#432,.T.);
#1002=EDGE_CURVE('',#790,#790,#645,.T.);
#1003=EDGE_CURVE('',#760,#791,#433,.T.);
#1004=EDGE_CURVE('',#777,#791,#434,.T.);
#1005=EDGE_CURVE('',#792,#792,#646,.T.);
#1006=EDGE_CURVE('',#787,#791,#435,.T.);
#1007=EDGE_CURVE('',#793,#780,#647,.T.);
#1008=EDGE_CURVE('',#781,#793,#648,.T.);
#1009=EDGE_CURVE('',#794,#778,#649,.T.);
#1010=EDGE_CURVE('',#779,#794,#650,.T.);
#1011=EDGE_CURVE('',#790,#794,#436,.T.);
#1012=EDGE_CURVE('',#792,#793,#437,.T.);
#1013=ORIENTED_EDGE('',*,*,#795,.F.);
#1014=ORIENTED_EDGE('',*,*,#796,.T.);
#1015=ORIENTED_EDGE('',*,*,#797,.F.);
#1016=ORIENTED_EDGE('',*,*,#796,.F.);
#1017=ORIENTED_EDGE('',*,*,#798,.F.);
#1018=ORIENTED_EDGE('',*,*,#799,.T.);
#1019=ORIENTED_EDGE('',*,*,#800,.F.);
#1020=ORIENTED_EDGE('',*,*,#801,.T.);
#1021=ORIENTED_EDGE('',*,*,#802,.F.);
#1022=ORIENTED_EDGE('',*,*,#803,.T.);
#1023=ORIENTED_EDGE('',*,*,#804,.F.);
#1024=ORIENTED_EDGE('',*,*,#805,.T.);
#1025=ORIENTED_EDGE('',*,*,#806,.T.);
#1026=ORIENTED_EDGE('',*,*,#807,.T.);
#1027=ORIENTED_EDGE('',*,*,#808,.T.);
#1028=ORIENTED_EDGE('',*,*,#797,.T.);
#1029=ORIENTED_EDGE('',*,*,#809,.T.);
#1030=ORIENTED_EDGE('',*,*,#810,.T.);
#1031=ORIENTED_EDGE('',*,*,#811,.T.);
#1032=ORIENTED_EDGE('',*,*,#812,.T.);
#1033=ORIENTED_EDGE('',*,*,#813,.F.);
#1034=ORIENTED_EDGE('',*,*,#814,.F.);
#1035=ORIENTED_EDGE('',*,*,#798,.T.);
#1036=ORIENTED_EDGE('',*,*,#815,.F.);
#1037=ORIENTED_EDGE('',*,*,#815,.T.);
#1038=ORIENTED_EDGE('',*,*,#805,.F.);
#1039=ORIENTED_EDGE('',*,*,#816,.T.);
#1040=ORIENTED_EDGE('',*,*,#817,.F.);
#1041=ORIENTED_EDGE('',*,*,#804,.T.);
#1042=ORIENTED_EDGE('',*,*,#818,.F.);
#1043=ORIENTED_EDGE('',*,*,#819,.F.);
#1044=ORIENTED_EDGE('',*,*,#816,.F.);
#1045=ORIENTED_EDGE('',*,*,#818,.T.);
#1046=ORIENTED_EDGE('',*,*,#803,.F.);
#1047=ORIENTED_EDGE('',*,*,#820,.T.);
#1048=ORIENTED_EDGE('',*,*,#821,.F.);
#1049=ORIENTED_EDGE('',*,*,#802,.T.);
#1050=ORIENTED_EDGE('',*,*,#822,.F.);
#1051=ORIENTED_EDGE('',*,*,#823,.F.);
#1052=ORIENTED_EDGE('',*,*,#820,.F.);
#1053=ORIENTED_EDGE('',*,*,#822,.T.);
#1054=ORIENTED_EDGE('',*,*,#801,.F.);
#1055=ORIENTED_EDGE('',*,*,#824,.T.);
#1056=ORIENTED_EDGE('',*,*,#825,.F.);
#1057=ORIENTED_EDGE('',*,*,#800,.T.);
#1058=ORIENTED_EDGE('',*,*,#826,.F.);
#1059=ORIENTED_EDGE('',*,*,#827,.F.);
#1060=ORIENTED_EDGE('',*,*,#824,.F.);
#1061=ORIENTED_EDGE('',*,*,#826,.T.);
#1062=ORIENTED_EDGE('',*,*,#799,.F.);
#1063=ORIENTED_EDGE('',*,*,#814,.T.);
#1064=ORIENTED_EDGE('',*,*,#828,.F.);
#1065=ORIENTED_EDGE('',*,*,#829,.F.);
#1066=ORIENTED_EDGE('',*,*,#830,.T.);
#1067=ORIENTED_EDGE('',*,*,#806,.F.);
#1068=ORIENTED_EDGE('',*,*,#830,.F.);
#1069=ORIENTED_EDGE('',*,*,#831,.F.);
#1070=ORIENTED_EDGE('',*,*,#832,.T.);
#1071=ORIENTED_EDGE('',*,*,#807,.F.);
#1072=ORIENTED_EDGE('',*,*,#832,.F.);
#1073=ORIENTED_EDGE('',*,*,#833,.F.);
#1074=ORIENTED_EDGE('',*,*,#834,.T.);
#1075=ORIENTED_EDGE('',*,*,#808,.F.);
#1076=ORIENTED_EDGE('',*,*,#834,.F.);
#1077=ORIENTED_EDGE('',*,*,#835,.T.);
#1078=ORIENTED_EDGE('',*,*,#836,.F.);
#1079=ORIENTED_EDGE('',*,*,#837,.F.);
#1080=ORIENTED_EDGE('',*,*,#809,.F.);
#1081=ORIENTED_EDGE('',*,*,#838,.T.);
#1082=ORIENTED_EDGE('',*,*,#839,.F.);
#1083=ORIENTED_EDGE('',*,*,#835,.F.);
#1084=ORIENTED_EDGE('',*,*,#812,.F.);
#1085=ORIENTED_EDGE('',*,*,#840,.T.);
#1086=ORIENTED_EDGE('',*,*,#841,.F.);
#1087=ORIENTED_EDGE('',*,*,#838,.F.);
#1088=ORIENTED_EDGE('',*,*,#811,.F.);
#1089=ORIENTED_EDGE('',*,*,#837,.T.);
#1090=ORIENTED_EDGE('',*,*,#842,.F.);
#1091=ORIENTED_EDGE('',*,*,#840,.F.);
#1092=ORIENTED_EDGE('',*,*,#810,.F.);
#1093=ORIENTED_EDGE('',*,*,#843,.F.);
#1094=ORIENTED_EDGE('',*,*,#844,.F.);
#1095=ORIENTED_EDGE('',*,*,#845,.F.);
#1096=ORIENTED_EDGE('',*,*,#846,.T.);
#1097=ORIENTED_EDGE('',*,*,#847,.T.);
#1098=ORIENTED_EDGE('',*,*,#848,.F.);
#1099=ORIENTED_EDGE('',*,*,#849,.F.);
#1100=ORIENTED_EDGE('',*,*,#850,.T.);
#1101=ORIENTED_EDGE('',*,*,#844,.T.);
#1102=ORIENTED_EDGE('',*,*,#851,.F.);
#1103=ORIENTED_EDGE('',*,*,#852,.F.);
#1104=ORIENTED_EDGE('',*,*,#853,.F.);
#1105=ORIENTED_EDGE('',*,*,#854,.F.);
#1106=ORIENTED_EDGE('',*,*,#849,.T.);
#1107=ORIENTED_EDGE('',*,*,#855,.F.);
#1108=ORIENTED_EDGE('',*,*,#856,.T.);
#1109=ORIENTED_EDGE('',*,*,#857,.T.);
#1110=ORIENTED_EDGE('',*,*,#851,.T.);
#1111=ORIENTED_EDGE('',*,*,#858,.T.);
#1112=ORIENTED_EDGE('',*,*,#859,.T.);
#1113=ORIENTED_EDGE('',*,*,#859,.F.);
#1114=ORIENTED_EDGE('',*,*,#860,.F.);
#1115=ORIENTED_EDGE('',*,*,#861,.T.);
#1116=ORIENTED_EDGE('',*,*,#862,.F.);
#1117=ORIENTED_EDGE('',*,*,#863,.T.);
#1118=ORIENTED_EDGE('',*,*,#864,.T.);
#1119=ORIENTED_EDGE('',*,*,#865,.T.);
#1120=ORIENTED_EDGE('',*,*,#866,.F.);
#1121=ORIENTED_EDGE('',*,*,#861,.F.);
#1122=ORIENTED_EDGE('',*,*,#867,.F.);
#1123=ORIENTED_EDGE('',*,*,#868,.T.);
#1124=ORIENTED_EDGE('',*,*,#869,.T.);
#1125=ORIENTED_EDGE('',*,*,#870,.T.);
#1126=ORIENTED_EDGE('',*,*,#868,.F.);
#1127=ORIENTED_EDGE('',*,*,#871,.F.);
#1128=ORIENTED_EDGE('',*,*,#872,.F.);
#1129=ORIENTED_EDGE('',*,*,#873,.F.);
#1130=ORIENTED_EDGE('',*,*,#865,.F.);
#1131=ORIENTED_EDGE('',*,*,#874,.T.);
#1132=ORIENTED_EDGE('',*,*,#872,.T.);
#1133=ORIENTED_EDGE('',*,*,#875,.T.);
#1134=ORIENTED_EDGE('',*,*,#876,.T.);
#1135=ORIENTED_EDGE('',*,*,#876,.F.);
#1136=ORIENTED_EDGE('',*,*,#877,.F.);
#1137=ORIENTED_EDGE('',*,*,#878,.T.);
#1138=ORIENTED_EDGE('',*,*,#879,.F.);
#1139=ORIENTED_EDGE('',*,*,#880,.T.);
#1140=ORIENTED_EDGE('',*,*,#881,.F.);
#1141=ORIENTED_EDGE('',*,*,#882,.T.);
#1142=ORIENTED_EDGE('',*,*,#883,.F.);
#1143=ORIENTED_EDGE('',*,*,#878,.F.);
#1144=ORIENTED_EDGE('',*,*,#884,.F.);
#1145=ORIENTED_EDGE('',*,*,#885,.T.);
#1146=ORIENTED_EDGE('',*,*,#886,.F.);
#1147=ORIENTED_EDGE('',*,*,#887,.F.);
#1148=ORIENTED_EDGE('',*,*,#885,.F.);
#1149=ORIENTED_EDGE('',*,*,#888,.F.);
#1150=ORIENTED_EDGE('',*,*,#889,.T.);
#1151=ORIENTED_EDGE('',*,*,#890,.T.);
#1152=ORIENTED_EDGE('',*,*,#891,.T.);
#1153=ORIENTED_EDGE('',*,*,#892,.T.);
#1154=ORIENTED_EDGE('',*,*,#893,.T.);
#1155=ORIENTED_EDGE('',*,*,#890,.F.);
#1156=ORIENTED_EDGE('',*,*,#894,.F.);
#1157=ORIENTED_EDGE('',*,*,#895,.F.);
#1158=ORIENTED_EDGE('',*,*,#896,.T.);
#1159=ORIENTED_EDGE('',*,*,#897,.T.);
#1160=ORIENTED_EDGE('',*,*,#898,.F.);
#1161=ORIENTED_EDGE('',*,*,#899,.T.);
#1162=ORIENTED_EDGE('',*,*,#900,.T.);
#1163=ORIENTED_EDGE('',*,*,#895,.T.);
#1164=ORIENTED_EDGE('',*,*,#901,.T.);
#1165=ORIENTED_EDGE('',*,*,#899,.F.);
#1166=ORIENTED_EDGE('',*,*,#902,.F.);
#1167=ORIENTED_EDGE('',*,*,#892,.F.);
#1168=ORIENTED_EDGE('',*,*,#903,.T.);
#1169=ORIENTED_EDGE('',*,*,#904,.T.);
#1170=ORIENTED_EDGE('',*,*,#905,.F.);
#1171=ORIENTED_EDGE('',*,*,#906,.T.);
#1172=ORIENTED_EDGE('',*,*,#907,.T.);
#1173=ORIENTED_EDGE('',*,*,#908,.T.);
#1174=ORIENTED_EDGE('',*,*,#909,.T.);
#1175=ORIENTED_EDGE('',*,*,#906,.F.);
#1176=ORIENTED_EDGE('',*,*,#910,.F.);
#1177=ORIENTED_EDGE('',*,*,#911,.F.);
#1178=ORIENTED_EDGE('',*,*,#912,.T.);
#1179=ORIENTED_EDGE('',*,*,#913,.T.);
#1180=ORIENTED_EDGE('',*,*,#914,.F.);
#1181=ORIENTED_EDGE('',*,*,#915,.T.);
#1182=ORIENTED_EDGE('',*,*,#916,.T.);
#1183=ORIENTED_EDGE('',*,*,#911,.T.);
#1184=ORIENTED_EDGE('',*,*,#917,.T.);
#1185=ORIENTED_EDGE('',*,*,#915,.F.);
#1186=ORIENTED_EDGE('',*,*,#918,.F.);
#1187=ORIENTED_EDGE('',*,*,#908,.F.);
#1188=ORIENTED_EDGE('',*,*,#919,.T.);
#1189=ORIENTED_EDGE('',*,*,#920,.T.);
#1190=ORIENTED_EDGE('',*,*,#921,.F.);
#1191=ORIENTED_EDGE('',*,*,#922,.T.);
#1192=ORIENTED_EDGE('',*,*,#923,.T.);
#1193=ORIENTED_EDGE('',*,*,#924,.T.);
#1194=ORIENTED_EDGE('',*,*,#925,.F.);
#1195=ORIENTED_EDGE('',*,*,#926,.F.);
#1196=ORIENTED_EDGE('',*,*,#927,.F.);
#1197=ORIENTED_EDGE('',*,*,#928,.F.);
#1198=ORIENTED_EDGE('',*,*,#929,.F.);
#1199=ORIENTED_EDGE('',*,*,#930,.T.);
#1200=ORIENTED_EDGE('',*,*,#931,.T.);
#1201=ORIENTED_EDGE('',*,*,#932,.T.);
#1202=ORIENTED_EDGE('',*,*,#933,.T.);
#1203=ORIENTED_EDGE('',*,*,#934,.T.);
#1204=ORIENTED_EDGE('',*,*,#827,.T.);
#1205=ORIENTED_EDGE('',*,*,#828,.T.);
#1206=ORIENTED_EDGE('',*,*,#813,.T.);
#1207=ORIENTED_EDGE('',*,*,#817,.T.);
#1208=ORIENTED_EDGE('',*,*,#819,.T.);
#1209=ORIENTED_EDGE('',*,*,#821,.T.);
#1210=ORIENTED_EDGE('',*,*,#823,.T.);
#1211=ORIENTED_EDGE('',*,*,#825,.T.);
#1212=ORIENTED_EDGE('',*,*,#935,.F.);
#1213=ORIENTED_EDGE('',*,*,#936,.F.);
#1214=ORIENTED_EDGE('',*,*,#937,.F.);
#1215=ORIENTED_EDGE('',*,*,#938,.T.);
#1216=ORIENTED_EDGE('',*,*,#939,.T.);
#1217=ORIENTED_EDGE('',*,*,#940,.T.);
#1218=ORIENTED_EDGE('',*,*,#845,.T.);
#1219=ORIENTED_EDGE('',*,*,#850,.F.);
#1220=ORIENTED_EDGE('',*,*,#854,.T.);
#1221=ORIENTED_EDGE('',*,*,#941,.T.);
#1222=ORIENTED_EDGE('',*,*,#942,.T.);
#1223=ORIENTED_EDGE('',*,*,#943,.T.);
#1224=ORIENTED_EDGE('',*,*,#879,.T.);
#1225=ORIENTED_EDGE('',*,*,#883,.T.);
#1226=ORIENTED_EDGE('',*,*,#887,.T.);
#1227=ORIENTED_EDGE('',*,*,#944,.T.);
#1228=ORIENTED_EDGE('',*,*,#945,.T.);
#1229=ORIENTED_EDGE('',*,*,#946,.T.);
#1230=ORIENTED_EDGE('',*,*,#947,.F.);
#1231=ORIENTED_EDGE('',*,*,#948,.F.);
#1232=ORIENTED_EDGE('',*,*,#949,.F.);
#1233=ORIENTED_EDGE('',*,*,#950,.F.);
#1234=ORIENTED_EDGE('',*,*,#951,.F.);
#1235=ORIENTED_EDGE('',*,*,#952,.F.);
#1236=ORIENTED_EDGE('',*,*,#953,.T.);
#1237=ORIENTED_EDGE('',*,*,#954,.T.);
#1238=ORIENTED_EDGE('',*,*,#955,.T.);
#1239=ORIENTED_EDGE('',*,*,#956,.F.);
#1240=ORIENTED_EDGE('',*,*,#957,.F.);
#1241=ORIENTED_EDGE('',*,*,#846,.F.);
#1242=ORIENTED_EDGE('',*,*,#940,.F.);
#1243=ORIENTED_EDGE('',*,*,#958,.T.);
#1244=ORIENTED_EDGE('',*,*,#959,.T.);
#1245=ORIENTED_EDGE('',*,*,#889,.F.);
#1246=ORIENTED_EDGE('',*,*,#960,.T.);
#1247=ORIENTED_EDGE('',*,*,#961,.T.);
#1248=ORIENTED_EDGE('',*,*,#962,.T.);
#1249=ORIENTED_EDGE('',*,*,#963,.T.);
#1250=ORIENTED_EDGE('',*,*,#964,.T.);
#1251=ORIENTED_EDGE('',*,*,#847,.F.);
#1252=ORIENTED_EDGE('',*,*,#964,.F.);
#1253=ORIENTED_EDGE('',*,*,#965,.T.);
#1254=ORIENTED_EDGE('',*,*,#962,.F.);
#1255=ORIENTED_EDGE('',*,*,#966,.T.);
#1256=ORIENTED_EDGE('',*,*,#960,.F.);
#1257=ORIENTED_EDGE('',*,*,#857,.F.);
#1258=ORIENTED_EDGE('',*,*,#862,.T.);
#1259=ORIENTED_EDGE('',*,*,#866,.T.);
#1260=ORIENTED_EDGE('',*,*,#873,.T.);
#1261=ORIENTED_EDGE('',*,*,#874,.F.);
#1262=ORIENTED_EDGE('',*,*,#881,.T.);
#1263=ORIENTED_EDGE('',*,*,#967,.T.);
#1264=ORIENTED_EDGE('',*,*,#968,.T.);
#1265=ORIENTED_EDGE('',*,*,#969,.T.);
#1266=ORIENTED_EDGE('',*,*,#852,.T.);
#1267=ORIENTED_EDGE('',*,*,#941,.F.);
#1268=ORIENTED_EDGE('',*,*,#853,.T.);
#1269=ORIENTED_EDGE('',*,*,#969,.F.);
#1270=ORIENTED_EDGE('',*,*,#970,.F.);
#1271=ORIENTED_EDGE('',*,*,#856,.F.);
#1272=ORIENTED_EDGE('',*,*,#971,.T.);
#1273=ORIENTED_EDGE('',*,*,#882,.F.);
#1274=ORIENTED_EDGE('',*,*,#971,.F.);
#1275=ORIENTED_EDGE('',*,*,#972,.F.);
#1276=ORIENTED_EDGE('',*,*,#973,.T.);
#1277=ORIENTED_EDGE('',*,*,#863,.F.);
#1278=ORIENTED_EDGE('',*,*,#973,.F.);
#1279=ORIENTED_EDGE('',*,*,#974,.F.);
#1280=ORIENTED_EDGE('',*,*,#975,.T.);
#1281=ORIENTED_EDGE('',*,*,#869,.F.);
#1282=ORIENTED_EDGE('',*,*,#864,.F.);
#1283=ORIENTED_EDGE('',*,*,#870,.F.);
#1284=ORIENTED_EDGE('',*,*,#975,.F.);
#1285=ORIENTED_EDGE('',*,*,#943,.F.);
#1286=ORIENTED_EDGE('',*,*,#976,.T.);
#1287=ORIENTED_EDGE('',*,*,#967,.F.);
#1288=ORIENTED_EDGE('',*,*,#880,.F.);
#1289=ORIENTED_EDGE('',*,*,#977,.F.);
#1290=ORIENTED_EDGE('',*,*,#944,.F.);
#1291=ORIENTED_EDGE('',*,*,#886,.T.);
#1292=ORIENTED_EDGE('',*,*,#978,.T.);
#1293=ORIENTED_EDGE('',*,*,#903,.F.);
#1294=ORIENTED_EDGE('',*,*,#891,.F.);
#1295=ORIENTED_EDGE('',*,*,#898,.T.);
#1296=ORIENTED_EDGE('',*,*,#979,.T.);
#1297=ORIENTED_EDGE('',*,*,#980,.F.);
#1298=ORIENTED_EDGE('',*,*,#904,.F.);
#1299=ORIENTED_EDGE('',*,*,#979,.F.);
#1300=ORIENTED_EDGE('',*,*,#897,.F.);
#1301=ORIENTED_EDGE('',*,*,#896,.F.);
#1302=ORIENTED_EDGE('',*,*,#900,.F.);
#1303=ORIENTED_EDGE('',*,*,#905,.T.);
#1304=ORIENTED_EDGE('',*,*,#980,.T.);
#1305=ORIENTED_EDGE('',*,*,#919,.F.);
#1306=ORIENTED_EDGE('',*,*,#907,.F.);
#1307=ORIENTED_EDGE('',*,*,#914,.T.);
#1308=ORIENTED_EDGE('',*,*,#981,.T.);
#1309=ORIENTED_EDGE('',*,*,#920,.F.);
#1310=ORIENTED_EDGE('',*,*,#981,.F.);
#1311=ORIENTED_EDGE('',*,*,#913,.F.);
#1312=ORIENTED_EDGE('',*,*,#982,.F.);
#1313=ORIENTED_EDGE('',*,*,#912,.F.);
#1314=ORIENTED_EDGE('',*,*,#916,.F.);
#1315=ORIENTED_EDGE('',*,*,#921,.T.);
#1316=ORIENTED_EDGE('',*,*,#982,.T.);
#1317=ORIENTED_EDGE('',*,*,#952,.T.);
#1318=ORIENTED_EDGE('',*,*,#983,.T.);
#1319=ORIENTED_EDGE('',*,*,#922,.F.);
#1320=ORIENTED_EDGE('',*,*,#984,.F.);
#1321=ORIENTED_EDGE('',*,*,#951,.T.);
#1322=ORIENTED_EDGE('',*,*,#985,.T.);
#1323=ORIENTED_EDGE('',*,*,#923,.F.);
#1324=ORIENTED_EDGE('',*,*,#983,.F.);
#1325=ORIENTED_EDGE('',*,*,#986,.T.);
#1326=ORIENTED_EDGE('',*,*,#924,.F.);
#1327=ORIENTED_EDGE('',*,*,#985,.F.);
#1328=ORIENTED_EDGE('',*,*,#950,.T.);
#1329=ORIENTED_EDGE('',*,*,#925,.T.);
#1330=ORIENTED_EDGE('',*,*,#986,.F.);
#1331=ORIENTED_EDGE('',*,*,#949,.T.);
#1332=ORIENTED_EDGE('',*,*,#987,.T.);
#1333=ORIENTED_EDGE('',*,*,#926,.T.);
#1334=ORIENTED_EDGE('',*,*,#987,.F.);
#1335=ORIENTED_EDGE('',*,*,#948,.T.);
#1336=ORIENTED_EDGE('',*,*,#988,.T.);
#1337=ORIENTED_EDGE('',*,*,#989,.F.);
#1338=ORIENTED_EDGE('',*,*,#937,.T.);
#1339=ORIENTED_EDGE('',*,*,#990,.T.);
#1340=ORIENTED_EDGE('',*,*,#927,.T.);
#1341=ORIENTED_EDGE('',*,*,#988,.F.);
#1342=ORIENTED_EDGE('',*,*,#947,.T.);
#1343=ORIENTED_EDGE('',*,*,#991,.F.);
#1344=ORIENTED_EDGE('',*,*,#992,.F.);
#1345=ORIENTED_EDGE('',*,*,#928,.T.);
#1346=ORIENTED_EDGE('',*,*,#990,.F.);
#1347=ORIENTED_EDGE('',*,*,#936,.T.);
#1348=ORIENTED_EDGE('',*,*,#993,.T.);
#1349=ORIENTED_EDGE('',*,*,#929,.T.);
#1350=ORIENTED_EDGE('',*,*,#993,.F.);
#1351=ORIENTED_EDGE('',*,*,#935,.T.);
#1352=ORIENTED_EDGE('',*,*,#994,.F.);
#1353=ORIENTED_EDGE('',*,*,#994,.T.);
#1354=ORIENTED_EDGE('',*,*,#957,.T.);
#1355=ORIENTED_EDGE('',*,*,#995,.T.);
#1356=ORIENTED_EDGE('',*,*,#930,.F.);
#1357=ORIENTED_EDGE('',*,*,#931,.F.);
#1358=ORIENTED_EDGE('',*,*,#995,.F.);
#1359=ORIENTED_EDGE('',*,*,#956,.T.);
#1360=ORIENTED_EDGE('',*,*,#996,.F.);
#1361=ORIENTED_EDGE('',*,*,#955,.F.);
#1362=ORIENTED_EDGE('',*,*,#997,.F.);
#1363=ORIENTED_EDGE('',*,*,#932,.F.);
#1364=ORIENTED_EDGE('',*,*,#996,.T.);
#1365=ORIENTED_EDGE('',*,*,#954,.F.);
#1366=ORIENTED_EDGE('',*,*,#998,.F.);
#1367=ORIENTED_EDGE('',*,*,#933,.F.);
#1368=ORIENTED_EDGE('',*,*,#997,.T.);
#1369=ORIENTED_EDGE('',*,*,#953,.F.);
#1370=ORIENTED_EDGE('',*,*,#984,.T.);
#1371=ORIENTED_EDGE('',*,*,#934,.F.);
#1372=ORIENTED_EDGE('',*,*,#998,.T.);
#1373=ORIENTED_EDGE('',*,*,#991,.T.);
#1374=ORIENTED_EDGE('',*,*,#946,.F.);
#1375=ORIENTED_EDGE('',*,*,#999,.F.);
#1376=ORIENTED_EDGE('',*,*,#1000,.F.);
#1377=ORIENTED_EDGE('',*,*,#999,.T.);
#1378=ORIENTED_EDGE('',*,*,#945,.F.);
#1379=ORIENTED_EDGE('',*,*,#977,.T.);
#1380=ORIENTED_EDGE('',*,*,#1001,.F.);
#1381=ORIENTED_EDGE('',*,*,#1002,.T.);
#1382=ORIENTED_EDGE('',*,*,#942,.F.);
#1383=ORIENTED_EDGE('',*,*,#970,.T.);
#1384=ORIENTED_EDGE('',*,*,#968,.F.);
#1385=ORIENTED_EDGE('',*,*,#976,.F.);
#1386=ORIENTED_EDGE('',*,*,#972,.T.);
#1387=ORIENTED_EDGE('',*,*,#974,.T.);
#1388=ORIENTED_EDGE('',*,*,#958,.F.);
#1389=ORIENTED_EDGE('',*,*,#939,.F.);
#1390=ORIENTED_EDGE('',*,*,#1003,.T.);
#1391=ORIENTED_EDGE('',*,*,#1004,.F.);
#1392=ORIENTED_EDGE('',*,*,#1005,.T.);
#1393=ORIENTED_EDGE('',*,*,#1003,.F.);
#1394=ORIENTED_EDGE('',*,*,#938,.F.);
#1395=ORIENTED_EDGE('',*,*,#989,.T.);
#1396=ORIENTED_EDGE('',*,*,#1006,.T.);
#1397=ORIENTED_EDGE('',*,*,#963,.F.);
#1398=ORIENTED_EDGE('',*,*,#1007,.F.);
#1399=ORIENTED_EDGE('',*,*,#1008,.F.);
#1400=ORIENTED_EDGE('',*,*,#961,.F.);
#1401=ORIENTED_EDGE('',*,*,#1009,.F.);
#1402=ORIENTED_EDGE('',*,*,#1010,.F.);
#1403=ORIENTED_EDGE('',*,*,#1002,.F.);
#1404=ORIENTED_EDGE('',*,*,#1011,.T.);
#1405=ORIENTED_EDGE('',*,*,#1009,.T.);
#1406=ORIENTED_EDGE('',*,*,#966,.F.);
#1407=ORIENTED_EDGE('',*,*,#1010,.T.);
#1408=ORIENTED_EDGE('',*,*,#1011,.F.);
#1409=ORIENTED_EDGE('',*,*,#1005,.F.);
#1410=ORIENTED_EDGE('',*,*,#1012,.T.);
#1411=ORIENTED_EDGE('',*,*,#1007,.T.);
#1412=ORIENTED_EDGE('',*,*,#965,.F.);
#1413=ORIENTED_EDGE('',*,*,#1008,.T.);
#1414=ORIENTED_EDGE('',*,*,#1012,.F.);
#1415=ORIENTED_EDGE('',*,*,#1006,.F.);
#1416=ORIENTED_EDGE('',*,*,#992,.T.);
#1417=ORIENTED_EDGE('',*,*,#1000,.T.);
#1418=ORIENTED_EDGE('',*,*,#1001,.T.);
#1419=ORIENTED_EDGE('',*,*,#978,.F.);
#1420=ORIENTED_EDGE('',*,*,#888,.T.);
#1421=ORIENTED_EDGE('',*,*,#884,.T.);
#1422=ORIENTED_EDGE('',*,*,#877,.T.);
#1423=ORIENTED_EDGE('',*,*,#875,.F.);
#1424=ORIENTED_EDGE('',*,*,#871,.T.);
#1425=ORIENTED_EDGE('',*,*,#867,.T.);
#1426=ORIENTED_EDGE('',*,*,#860,.T.);
#1427=ORIENTED_EDGE('',*,*,#858,.F.);
#1428=ORIENTED_EDGE('',*,*,#855,.T.);
#1429=ORIENTED_EDGE('',*,*,#848,.T.);
#1430=ORIENTED_EDGE('',*,*,#843,.T.);
#1431=ORIENTED_EDGE('',*,*,#959,.F.);
#1432=ORIENTED_EDGE('',*,*,#1004,.T.);
#1433=ORIENTED_EDGE('',*,*,#841,.T.);
#1434=ORIENTED_EDGE('',*,*,#842,.T.);
#1435=ORIENTED_EDGE('',*,*,#836,.T.);
#1436=ORIENTED_EDGE('',*,*,#839,.T.);
#1437=ORIENTED_EDGE('',*,*,#831,.T.);
#1438=ORIENTED_EDGE('',*,*,#909,.F.);
#1439=ORIENTED_EDGE('',*,*,#918,.T.);
#1440=ORIENTED_EDGE('',*,*,#917,.F.);
#1441=ORIENTED_EDGE('',*,*,#910,.T.);
#1442=ORIENTED_EDGE('',*,*,#893,.F.);
#1443=ORIENTED_EDGE('',*,*,#902,.T.);
#1444=ORIENTED_EDGE('',*,*,#901,.F.);
#1445=ORIENTED_EDGE('',*,*,#894,.T.);
#1446=ORIENTED_EDGE('',*,*,#795,.T.);
#1447=ORIENTED_EDGE('',*,*,#833,.T.);
#1448=ORIENTED_EDGE('',*,*,#829,.T.);
#1449=CYLINDRICAL_SURFACE('',#1570,2.85);
#1450=CYLINDRICAL_SURFACE('',#1582,4.5);
#1451=CYLINDRICAL_SURFACE('',#1585,4.5);
#1452=CYLINDRICAL_SURFACE('',#1588,4.5);
#1453=CYLINDRICAL_SURFACE('',#1591,4.5);
#1454=CYLINDRICAL_SURFACE('',#1593,2.85);
#1455=CYLINDRICAL_SURFACE('',#1595,2.85);
#1456=CYLINDRICAL_SURFACE('',#1597,2.85);
#1457=CYLINDRICAL_SURFACE('',#1644,2.);
#1458=CYLINDRICAL_SURFACE('',#1646,3.2);
#1459=CYLINDRICAL_SURFACE('',#1650,3.);
#1460=CYLINDRICAL_SURFACE('',#1651,3.2);
#1461=CYLINDRICAL_SURFACE('',#1652,3.2);
#1462=CYLINDRICAL_SURFACE('',#1654,3.2);
#1463=CYLINDRICAL_SURFACE('',#1656,2.99999999999999);
#1464=CYLINDRICAL_SURFACE('',#1657,2.);
#1465=CYLINDRICAL_SURFACE('',#1665,6.);
#1466=CYLINDRICAL_SURFACE('',#1669,4.);
#1467=CYLINDRICAL_SURFACE('',#1671,4.);
#1468=CYLINDRICAL_SURFACE('',#1675,6.);
#1469=CYLINDRICAL_SURFACE('',#1691,2.8);
#1470=CYLINDRICAL_SURFACE('',#1692,2.8);
#1471=ADVANCED_FACE('',(#96),#1449,.F.);
#1472=ADVANCED_FACE('',(#97,#20,#21,#22,#23,#24),#42,.F.);
#1473=ADVANCED_FACE('',(#98),#43,.F.);
#1474=ADVANCED_FACE('',(#99),#1450,.F.);
#1475=ADVANCED_FACE('',(#100),#44,.F.);
#1476=ADVANCED_FACE('',(#101),#1451,.F.);
#1477=ADVANCED_FACE('',(#102),#45,.F.);
#1478=ADVANCED_FACE('',(#103),#1452,.F.);
#1479=ADVANCED_FACE('',(#104),#46,.F.);
#1480=ADVANCED_FACE('',(#105),#1453,.F.);
#1481=ADVANCED_FACE('',(#106),#1454,.F.);
#1482=ADVANCED_FACE('',(#107),#1455,.F.);
#1483=ADVANCED_FACE('',(#108),#1456,.F.);
#1484=ADVANCED_FACE('',(#109),#47,.F.);
#1485=ADVANCED_FACE('',(#110),#48,.F.);
#1486=ADVANCED_FACE('',(#111),#49,.F.);
#1487=ADVANCED_FACE('',(#112),#50,.F.);
#1488=ADVANCED_FACE('',(#113,#25),#51,.T.);
#1489=ADVANCED_FACE('',(#114),#52,.F.);
#1490=ADVANCED_FACE('',(#115,#26),#53,.T.);
#1491=ADVANCED_FACE('',(#116),#54,.T.);
#1492=ADVANCED_FACE('',(#117,#27),#55,.T.);
#1493=ADVANCED_FACE('',(#118),#56,.T.);
#1494=ADVANCED_FACE('',(#119),#57,.T.);
#1495=ADVANCED_FACE('',(#120),#58,.T.);
#1496=ADVANCED_FACE('',(#121,#28),#59,.T.);
#1497=ADVANCED_FACE('',(#122),#60,.F.);
#1498=ADVANCED_FACE('',(#123,#29),#61,.T.);
#1499=ADVANCED_FACE('',(#124),#62,.T.);
#1500=ADVANCED_FACE('',(#125),#63,.F.);
#1501=ADVANCED_FACE('',(#126),#64,.T.);
#1502=ADVANCED_FACE('',(#127),#65,.F.);
#1503=ADVANCED_FACE('',(#128),#66,.T.);
#1504=ADVANCED_FACE('',(#129),#67,.F.);
#1505=ADVANCED_FACE('',(#130),#68,.T.);
#1506=ADVANCED_FACE('',(#131),#69,.F.);
#1507=ADVANCED_FACE('',(#132,#30),#70,.T.);
#1508=ADVANCED_FACE('',(#133),#71,.F.);
#1509=ADVANCED_FACE('',(#134),#1457,.T.);
#1510=ADVANCED_FACE('',(#135),#1458,.F.);
#1511=ADVANCED_FACE('',(#136),#72,.T.);
#1512=ADVANCED_FACE('',(#137),#1459,.T.);
#1513=ADVANCED_FACE('',(#138),#1460,.F.);
#1514=ADVANCED_FACE('',(#139),#1461,.F.);
#1515=ADVANCED_FACE('',(#140),#1462,.F.);
#1516=ADVANCED_FACE('',(#141),#1463,.T.);
#1517=ADVANCED_FACE('',(#142),#1464,.T.);
#1518=ADVANCED_FACE('',(#143),#73,.F.);
#1519=ADVANCED_FACE('',(#144),#74,.F.);
#1520=ADVANCED_FACE('',(#145),#75,.F.);
#1521=ADVANCED_FACE('',(#146),#76,.F.);
#1522=ADVANCED_FACE('',(#147),#77,.F.);
#1523=ADVANCED_FACE('',(#148),#78,.F.);
#1524=ADVANCED_FACE('',(#149),#1465,.T.);
#1525=ADVANCED_FACE('',(#150),#79,.T.);
#1526=ADVANCED_FACE('',(#151),#80,.T.);
#1527=ADVANCED_FACE('',(#152),#81,.T.);
#1528=ADVANCED_FACE('',(#153),#1466,.T.);
#1529=ADVANCED_FACE('',(#154),#82,.T.);
#1530=ADVANCED_FACE('',(#155),#1467,.T.);
#1531=ADVANCED_FACE('',(#156),#83,.T.);
#1532=ADVANCED_FACE('',(#157),#84,.T.);
#1533=ADVANCED_FACE('',(#158),#85,.T.);
#1534=ADVANCED_FACE('',(#159),#1468,.T.);
#1535=ADVANCED_FACE('',(#160),#86,.T.);
#1536=ADVANCED_FACE('',(#161),#87,.T.);
#1537=ADVANCED_FACE('',(#162),#88,.T.);
#1538=ADVANCED_FACE('',(#163,#31),#89,.T.);
#1539=ADVANCED_FACE('',(#164,#32,#33),#90,.T.);
#1540=ADVANCED_FACE('',(#165,#34),#91,.T.);
#1541=ADVANCED_FACE('',(#166),#92,.T.);
#1542=ADVANCED_FACE('',(#167),#93,.T.);
#1543=ADVANCED_FACE('',(#168),#94,.T.);
#1544=ADVANCED_FACE('',(#169),#1469,.F.);
#1545=ADVANCED_FACE('',(#170),#1470,.F.);
#1546=ADVANCED_FACE('',(#171,#35,#36,#37,#38,#39,#40,#41),#95,.F.);
#1547=CLOSED_SHELL('',(#1471,#1472,#1473,#1474,#1475,#1476,#1477,#1478,
#1479,#1480,#1481,#1482,#1483,#1484,#1485,#1486,#1487,#1488,#1489,#1490,
#1491,#1492,#1493,#1494,#1495,#1496,#1497,#1498,#1499,#1500,#1501,#1502,
#1503,#1504,#1505,#1506,#1507,#1508,#1509,#1510,#1511,#1512,#1513,#1514,
#1515,#1516,#1517,#1518,#1519,#1520,#1521,#1522,#1523,#1524,#1525,#1526,
#1527,#1528,#1529,#1530,#1531,#1532,#1533,#1534,#1535,#1536,#1537,#1538,
#1539,#1540,#1541,#1542,#1543,#1544,#1545,#1546));
#1548=DERIVED_UNIT_ELEMENT(#1551,1.);
#1549=DERIVED_UNIT_ELEMENT(#2600,-3.);
#1550=DIMENSIONAL_EXPONENTS(0.,1.,0.,0.,0.,0.,0.);
#1551=(
CONVERSION_BASED_UNIT('gram',#1553)
MASS_UNIT()
NAMED_UNIT(#1550)
);
#1552=(
MASS_UNIT()
NAMED_UNIT(*)
SI_UNIT(.KILO.,.GRAM.)
);
#1553=MASS_MEASURE_WITH_UNIT(MASS_MEASURE(0.001),#1552);
#1554=DERIVED_UNIT((#1548,#1549));
#1555=MEASURE_REPRESENTATION_ITEM('density measure',
POSITIVE_RATIO_MEASURE(1.),#1554);
#1556=PROPERTY_DEFINITION_REPRESENTATION(#1561,#1558);
#1557=PROPERTY_DEFINITION_REPRESENTATION(#1562,#1559);
#1558=REPRESENTATION('material name',(#1560),#2597);
#1559=REPRESENTATION('density',(#1555),#2597);
#1560=DESCRIPTIVE_REPRESENTATION_ITEM('Generisch','Generisch');
#1561=PROPERTY_DEFINITION('material property','material name',#2607);
#1562=PROPERTY_DEFINITION('material property','density of part',#2607);
#1563=DATE_TIME_ROLE('creation_date');
#1564=APPLIED_DATE_AND_TIME_ASSIGNMENT(#1565,#1563,(#2607));
#1565=DATE_AND_TIME(#1566,#1567);
#1566=CALENDAR_DATE(2026,7,3);
#1567=LOCAL_TIME(0,0,0.,#1568);
#1568=COORDINATED_UNIVERSAL_TIME_OFFSET(0,0,.BEHIND.);
#1569=AXIS2_PLACEMENT_3D('',#2112,#1694,#1695);
#1570=AXIS2_PLACEMENT_3D('',#2113,#1696,#1697);
#1571=AXIS2_PLACEMENT_3D('',#2115,#1698,#1699);
#1572=AXIS2_PLACEMENT_3D('',#2118,#1701,#1702);
#1573=AXIS2_PLACEMENT_3D('',#2119,#1703,#1704);
#1574=AXIS2_PLACEMENT_3D('',#2124,#1706,#1707);
#1575=AXIS2_PLACEMENT_3D('',#2128,#1709,#1710);
#1576=AXIS2_PLACEMENT_3D('',#2132,#1712,#1713);
#1577=AXIS2_PLACEMENT_3D('',#2135,#1715,#1716);
#1578=AXIS2_PLACEMENT_3D('',#2137,#1717,#1718);
#1579=AXIS2_PLACEMENT_3D('',#2139,#1719,#1720);
#1580=AXIS2_PLACEMENT_3D('',#2141,#1721,#1722);
#1581=AXIS2_PLACEMENT_3D('',#2150,#1727,#1728);
#1582=AXIS2_PLACEMENT_3D('',#2156,#1732,#1733);
#1583=AXIS2_PLACEMENT_3D('',#2159,#1735,#1736);
#1584=AXIS2_PLACEMENT_3D('',#2160,#1737,#1738);
#1585=AXIS2_PLACEMENT_3D('',#2164,#1741,#1742);
#1586=AXIS2_PLACEMENT_3D('',#2167,#1744,#1745);
#1587=AXIS2_PLACEMENT_3D('',#2168,#1746,#1747);
#1588=AXIS2_PLACEMENT_3D('',#2172,#1750,#1751);
#1589=AXIS2_PLACEMENT_3D('',#2175,#1753,#1754);
#1590=AXIS2_PLACEMENT_3D('',#2176,#1755,#1756);
#1591=AXIS2_PLACEMENT_3D('',#2180,#1759,#1760);
#1592=AXIS2_PLACEMENT_3D('',#2181,#1761,#1762);
#1593=AXIS2_PLACEMENT_3D('',#2182,#1763,#1764);
#1594=AXIS2_PLACEMENT_3D('',#2184,#1765,#1766);
#1595=AXIS2_PLACEMENT_3D('',#2186,#1768,#1769);
#1596=AXIS2_PLACEMENT_3D('',#2188,#1770,#1771);
#1597=AXIS2_PLACEMENT_3D('',#2190,#1773,#1774);
#1598=AXIS2_PLACEMENT_3D('',#2192,#1775,#1776);
#1599=AXIS2_PLACEMENT_3D('',#2194,#1778,#1779);
#1600=AXIS2_PLACEMENT_3D('',#2200,#1783,#1784);
#1601=AXIS2_PLACEMENT_3D('',#2204,#1787,#1788);
#1602=AXIS2_PLACEMENT_3D('',#2208,#1791,#1792);
#1603=AXIS2_PLACEMENT_3D('',#2210,#1794,#1795);
#1604=AXIS2_PLACEMENT_3D('',#2220,#1800,#1801);
#1605=AXIS2_PLACEMENT_3D('',#2221,#1802,#1803);
#1606=AXIS2_PLACEMENT_3D('',#2227,#1807,#1808);
#1607=AXIS2_PLACEMENT_3D('',#2238,#1814,#1815);
#1608=AXIS2_PLACEMENT_3D('',#2239,#1816,#1817);
#1609=AXIS2_PLACEMENT_3D('',#2245,#1821,#1822);
#1610=AXIS2_PLACEMENT_3D('',#2252,#1826,#1827);
#1611=AXIS2_PLACEMENT_3D('',#2253,#1828,#1829);
#1612=AXIS2_PLACEMENT_3D('',#2256,#1830,#1831);
#1613=AXIS2_PLACEMENT_3D('',#2263,#1836,#1837);
#1614=AXIS2_PLACEMENT_3D('',#2265,#1838,#1839);
#1615=AXIS2_PLACEMENT_3D('',#2266,#1840,#1841);
#1616=AXIS2_PLACEMENT_3D('',#2272,#1845,#1846);
#1617=AXIS2_PLACEMENT_3D('',#2278,#1850,#1851);
#1618=AXIS2_PLACEMENT_3D('',#2289,#1857,#1858);
#1619=AXIS2_PLACEMENT_3D('',#2290,#1859,#1860);
#1620=AXIS2_PLACEMENT_3D('',#2296,#1864,#1865);
#1621=AXIS2_PLACEMENT_3D('',#2303,#1869,#1870);
#1622=AXIS2_PLACEMENT_3D('',#2304,#1871,#1872);
#1623=AXIS2_PLACEMENT_3D('',#2313,#1877,#1878);
#1624=AXIS2_PLACEMENT_3D('',#2323,#1884,#1885);
#1625=AXIS2_PLACEMENT_3D('',#2329,#1889,#1890);
#1626=AXIS2_PLACEMENT_3D('',#2336,#1895,#1896);
#1627=AXIS2_PLACEMENT_3D('',#2345,#1901,#1902);
#1628=AXIS2_PLACEMENT_3D('',#2355,#1908,#1909);
#1629=AXIS2_PLACEMENT_3D('',#2361,#1913,#1914);
#1630=AXIS2_PLACEMENT_3D('',#2368,#1919,#1920);
#1631=AXIS2_PLACEMENT_3D('',#2371,#1921,#1922);
#1632=AXIS2_PLACEMENT_3D('',#2379,#1926,#1927);
#1633=AXIS2_PLACEMENT_3D('',#2383,#1929,#1930);
#1634=AXIS2_PLACEMENT_3D('',#2391,#1934,#1935);
#1635=AXIS2_PLACEMENT_3D('',#2395,#1938,#1939);
#1636=AXIS2_PLACEMENT_3D('',#2400,#1941,#1942);
#1637=AXIS2_PLACEMENT_3D('',#2407,#1946,#1947);
#1638=AXIS2_PLACEMENT_3D('',#2409,#1948,#1949);
#1639=AXIS2_PLACEMENT_3D('',#2412,#1951,#1952);
#1640=AXIS2_PLACEMENT_3D('',#2414,#1953,#1954);
#1641=AXIS2_PLACEMENT_3D('',#2422,#1958,#1959);
#1642=AXIS2_PLACEMENT_3D('',#2430,#1963,#1964);
#1643=AXIS2_PLACEMENT_3D('',#2436,#1967,#1968);
#1644=AXIS2_PLACEMENT_3D('',#2440,#1971,#1972);
#1645=AXIS2_PLACEMENT_3D('',#2443,#1974,#1975);
#1646=AXIS2_PLACEMENT_3D('',#2444,#1976,#1977);
#1647=AXIS2_PLACEMENT_3D('',#2500,#1983,#1984);
#1648=AXIS2_PLACEMENT_3D('',#2502,#1985,#1986);
#1649=AXIS2_PLACEMENT_3D('',#2505,#1988,#1989);
#1650=AXIS2_PLACEMENT_3D('',#2506,#1990,#1991);
#1651=AXIS2_PLACEMENT_3D('',#2508,#1993,#1994);
#1652=AXIS2_PLACEMENT_3D('',#2510,#1996,#1997);
#1653=AXIS2_PLACEMENT_3D('',#2512,#1998,#1999);
#1654=AXIS2_PLACEMENT_3D('',#2514,#2001,#2002);
#1655=AXIS2_PLACEMENT_3D('',#2516,#2003,#2004);
#1656=AXIS2_PLACEMENT_3D('',#2518,#2006,#2007);
#1657=AXIS2_PLACEMENT_3D('',#2520,#2009,#2010);
#1658=AXIS2_PLACEMENT_3D('',#2523,#2012,#2013);
#1659=AXIS2_PLACEMENT_3D('',#2524,#2014,#2015);
#1660=AXIS2_PLACEMENT_3D('',#2526,#2017,#2018);
#1661=AXIS2_PLACEMENT_3D('',#2528,#2020,#2021);
#1662=AXIS2_PLACEMENT_3D('',#2529,#2022,#2023);
#1663=AXIS2_PLACEMENT_3D('',#2531,#2025,#2026);
#1664=AXIS2_PLACEMENT_3D('',#2533,#2028,#2029);
#1665=AXIS2_PLACEMENT_3D('',#2534,#2030,#2031);
#1666=AXIS2_PLACEMENT_3D('',#2537,#2034,#2035);
#1667=AXIS2_PLACEMENT_3D('',#2539,#2037,#2038);
#1668=AXIS2_PLACEMENT_3D('',#2541,#2040,#2041);
#1669=AXIS2_PLACEMENT_3D('',#2543,#2043,#2044);
#1670=AXIS2_PLACEMENT_3D('',#2545,#2046,#2047);
#1671=AXIS2_PLACEMENT_3D('',#2552,#2052,#2053);
#1672=AXIS2_PLACEMENT_3D('',#2554,#2055,#2056);
#1673=AXIS2_PLACEMENT_3D('',#2556,#2058,#2059);
#1674=AXIS2_PLACEMENT_3D('',#2558,#2061,#2062);
#1675=AXIS2_PLACEMENT_3D('',#2560,#2064,#2065);
#1676=AXIS2_PLACEMENT_3D('',#2562,#2067,#2068);
#1677=AXIS2_PLACEMENT_3D('',#2564,#2070,#2071);
#1678=AXIS2_PLACEMENT_3D('',#2565,#2072,#2073);
#1679=AXIS2_PLACEMENT_3D('',#2569,#2076,#2077);
#1680=AXIS2_PLACEMENT_3D('',#2572,#2079,#2080);
#1681=AXIS2_PLACEMENT_3D('',#2573,#2081,#2082);
#1682=AXIS2_PLACEMENT_3D('',#2574,#2083,#2084);
#1683=AXIS2_PLACEMENT_3D('',#2579,#2087,#2088);
#1684=AXIS2_PLACEMENT_3D('',#2580,#2089,#2090);
#1685=AXIS2_PLACEMENT_3D('',#2582,#2092,#2093);
#1686=AXIS2_PLACEMENT_3D('',#2584,#2094,#2095);
#1687=AXIS2_PLACEMENT_3D('',#2585,#2096,#2097);
#1688=AXIS2_PLACEMENT_3D('',#2586,#2098,#2099);
#1689=AXIS2_PLACEMENT_3D('',#2588,#2100,#2101);
#1690=AXIS2_PLACEMENT_3D('',#2589,#2102,#2103);
#1691=AXIS2_PLACEMENT_3D('',#2590,#2104,#2105);
#1692=AXIS2_PLACEMENT_3D('',#2592,#2107,#2108);
#1693=AXIS2_PLACEMENT_3D('',#2594,#2110,#2111);
#1694=DIRECTION('axis',(0.,0.,1.));
#1695=DIRECTION('refdir',(1.,0.,0.));
#1696=DIRECTION('center_axis',(-3.86870350251115E-34,0.,1.));
#1697=DIRECTION('ref_axis',(-1.,0.,-3.86870350251115E-34));
#1698=DIRECTION('center_axis',(-3.86870350251115E-34,0.,1.));
#1699=DIRECTION('ref_axis',(-1.,0.,-3.86870350251115E-34));
#1700=DIRECTION('',(-3.86870350251115E-34,0.,1.));
#1701=DIRECTION('center_axis',(3.86870350251115E-34,0.,-1.));
#1702=DIRECTION('ref_axis',(-1.,0.,-3.86870350251115E-34));
#1703=DIRECTION('center_axis',(3.86870350251115E-34,0.,-1.));
#1704=DIRECTION('ref_axis',(-1.,0.,-3.86870350251115E-34));
#1705=DIRECTION('',(1.,-2.30695693428604E-16,0.));
#1706=DIRECTION('center_axis',(0.,0.,1.));
#1707=DIRECTION('ref_axis',(-1.,-3.94745964311168E-15,0.));
#1708=DIRECTION('',(-2.86509167645201E-16,1.,0.));
#1709=DIRECTION('center_axis',(-1.48906415739385E-16,-1.48906415739384E-16,
1.));
#1710=DIRECTION('ref_axis',(2.96059473233377E-15,-1.,-1.2335811384724E-16));
#1711=DIRECTION('',(-1.,0.,0.));
#1712=DIRECTION('center_axis',(0.,0.,1.));
#1713=DIRECTION('ref_axis',(1.,2.96059473233377E-15,0.));
#1714=DIRECTION('',(3.82012223526935E-16,-1.,0.));
#1715=DIRECTION('center_axis',(0.,0.,1.));
#1716=DIRECTION('ref_axis',(7.89491928622329E-15,1.,0.));
#1717=DIRECTION('center_axis',(0.,0.,-1.));
#1718=DIRECTION('ref_axis',(-1.,0.,0.));
#1719=DIRECTION('center_axis',(0.,0.,-1.));
#1720=DIRECTION('ref_axis',(-1.,-2.3373116307898E-15,0.));
#1721=DIRECTION('center_axis',(0.,0.,-1.));
#1722=DIRECTION('ref_axis',(-1.,-2.3373116307898E-15,0.));
#1723=DIRECTION('',(-1.,0.,0.));
#1724=DIRECTION('',(0.,1.,0.));
#1725=DIRECTION('',(1.,-2.88838510471585E-16,0.));
#1726=DIRECTION('',(0.,-1.,0.));
#1727=DIRECTION('center_axis',(0.,1.,0.));
#1728=DIRECTION('ref_axis',(1.,0.,3.86870350251115E-34));
#1729=DIRECTION('',(1.,0.,0.));
#1730=DIRECTION('',(0.,0.,1.));
#1731=DIRECTION('',(0.,0.,-1.));
#1732=DIRECTION('center_axis',(3.86870350251115E-34,0.,-1.));
#1733=DIRECTION('ref_axis',(0.707106781186547,0.707106781186548,2.73558648102578E-34));
#1734=DIRECTION('',(0.,0.,1.));
#1735=DIRECTION('center_axis',(3.86870350251115E-34,0.,-1.));
#1736=DIRECTION('ref_axis',(-0.707106781186548,-0.707106781186547,-2.73558648102579E-34));
#1737=DIRECTION('center_axis',(1.,0.,-3.86870350251115E-34));
#1738=DIRECTION('ref_axis',(0.,-1.,0.));
#1739=DIRECTION('',(0.,0.,-1.));
#1740=DIRECTION('',(0.,-1.,0.));
#1741=DIRECTION('center_axis',(3.86870350251115E-34,-4.27642353614751E-50,
-1.));
#1742=DIRECTION('ref_axis',(0.707106781186548,-0.707106781186547,2.73558648102578E-34));
#1743=DIRECTION('',(0.,0.,1.));
#1744=DIRECTION('center_axis',(3.86870350251115E-34,-4.27642353614751E-50,
-1.));
#1745=DIRECTION('ref_axis',(-0.707106781186551,0.707106781186544,-2.7355864810258E-34));
#1746=DIRECTION('center_axis',(0.,-1.,0.));
#1747=DIRECTION('ref_axis',(-1.,0.,-3.86870350251115E-34));
#1748=DIRECTION('',(0.,0.,-1.));
#1749=DIRECTION('',(-1.,0.,0.));
#1750=DIRECTION('center_axis',(3.86870350251115E-34,0.,-1.));
#1751=DIRECTION('ref_axis',(-0.707106781186547,-0.707106781186548,-2.73558648102578E-34));
#1752=DIRECTION('',(0.,0.,1.));
#1753=DIRECTION('center_axis',(3.86870350251115E-34,0.,-1.));
#1754=DIRECTION('ref_axis',(0.70710678118655,0.707106781186545,2.73558648102579E-34));
#1755=DIRECTION('center_axis',(-1.,0.,3.86870350251115E-34));
#1756=DIRECTION('ref_axis',(0.,1.,0.));
#1757=DIRECTION('',(0.,0.,-1.));
#1758=DIRECTION('',(0.,1.,0.));
#1759=DIRECTION('center_axis',(3.86870350251115E-34,0.,-1.));
#1760=DIRECTION('ref_axis',(-0.70710678118655,0.707106781186546,-2.73558648102579E-34));
#1761=DIRECTION('center_axis',(3.86870350251115E-34,0.,-1.));
#1762=DIRECTION('ref_axis',(0.707106781186545,-0.70710678118655,2.73558648102577E-34));
#1763=DIRECTION('center_axis',(-3.86870350251115E-34,0.,1.));
#1764=DIRECTION('ref_axis',(-1.,0.,-3.86870350251115E-34));
#1765=DIRECTION('center_axis',(-3.86870350251115E-34,0.,1.));
#1766=DIRECTION('ref_axis',(-1.,0.,-3.86870350251115E-34));
#1767=DIRECTION('',(-3.86870350251115E-34,0.,1.));
#1768=DIRECTION('center_axis',(-3.86870350251115E-34,0.,1.));
#1769=DIRECTION('ref_axis',(-1.,0.,-3.86870350251115E-34));
#1770=DIRECTION('center_axis',(-3.86870350251115E-34,0.,1.));
#1771=DIRECTION('ref_axis',(-1.,0.,-3.86870350251115E-34));
#1772=DIRECTION('',(-3.86870350251115E-34,0.,1.));
#1773=DIRECTION('center_axis',(-3.86870350251115E-34,0.,1.));
#1774=DIRECTION('ref_axis',(-1.,0.,-3.86870350251115E-34));
#1775=DIRECTION('center_axis',(-3.86870350251115E-34,0.,1.));
#1776=DIRECTION('ref_axis',(-1.,0.,-3.86870350251115E-34));
#1777=DIRECTION('',(-3.86870350251115E-34,0.,1.));
#1778=DIRECTION('center_axis',(0.,-1.,0.));
#1779=DIRECTION('ref_axis',(-1.,0.,-3.86870350251115E-34));
#1780=DIRECTION('',(0.,0.,-1.));
#1781=DIRECTION('',(1.,0.,0.));
#1782=DIRECTION('',(0.,0.,-1.));
#1783=DIRECTION('center_axis',(1.,0.,-3.86870350251115E-34));
#1784=DIRECTION('ref_axis',(0.,-1.,0.));
#1785=DIRECTION('',(0.,0.,-1.));
#1786=DIRECTION('',(0.,1.,0.));
#1787=DIRECTION('center_axis',(0.,1.,0.));
#1788=DIRECTION('ref_axis',(1.,0.,3.86870350251115E-34));
#1789=DIRECTION('',(0.,0.,-1.));
#1790=DIRECTION('',(-1.,0.,0.));
#1791=DIRECTION('center_axis',(-1.,0.,3.86870350251115E-34));
#1792=DIRECTION('ref_axis',(0.,1.,0.));
#1793=DIRECTION('',(0.,-1.,0.));
#1794=DIRECTION('center_axis',(-1.,0.,3.86870350251115E-34));
#1795=DIRECTION('ref_axis',(0.,1.,0.));
#1796=DIRECTION('',(0.,1.,0.));
#1797=DIRECTION('',(0.,0.,-1.));
#1798=DIRECTION('',(0.,-1.,0.));
#1799=DIRECTION('',(0.,0.,-1.));
#1800=DIRECTION('center_axis',(1.,0.,0.));
#1801=DIRECTION('ref_axis',(0.,-1.11022302462516E-14,-1.));
#1802=DIRECTION('center_axis',(0.,-1.,0.));
#1803=DIRECTION('ref_axis',(-3.86870350251115E-34,0.,-1.));
#1804=DIRECTION('',(1.,0.,0.));
#1805=DIRECTION('',(0.,0.,-1.));
#1806=DIRECTION('',(1.,0.,0.));
#1807=DIRECTION('center_axis',(-1.,0.,3.86870350251115E-34));
#1808=DIRECTION('ref_axis',(0.,1.,0.));
#1809=DIRECTION('',(0.,0.,1.));
#1810=DIRECTION('',(0.,1.,0.));
#1811=DIRECTION('',(0.,0.,-1.));
#1812=DIRECTION('',(0.,-1.,0.));
#1813=DIRECTION('',(0.,1.,0.));
#1814=DIRECTION('center_axis',(1.,0.,0.));
#1815=DIRECTION('ref_axis',(0.,0.,1.));
#1816=DIRECTION('center_axis',(-0.382683432365137,0.923879532511267,1.480488735144E-34));
#1817=DIRECTION('ref_axis',(3.86870350251115E-34,0.,1.));
#1818=DIRECTION('',(-0.923879532511267,-0.382683432365138,0.));
#1819=DIRECTION('',(0.923879532511267,0.382683432365138,0.));
#1820=DIRECTION('',(0.,0.,-1.));
#1821=DIRECTION('center_axis',(0.707106781186544,0.707106781186551,-2.73558648102577E-34));
#1822=DIRECTION('ref_axis',(0.707106781186551,-0.707106781186544,2.7355864810258E-34));
#1823=DIRECTION('',(-0.707106781186551,0.707106781186544,0.));
#1824=DIRECTION('',(0.,0.,-1.));
#1825=DIRECTION('',(0.707106781186551,-0.707106781186544,0.));
#1826=DIRECTION('center_axis',(-0.707106781186544,-0.707106781186551,0.));
#1827=DIRECTION('ref_axis',(0.707106781186551,-0.707106781186544,-2.20410928648254E-15));
#1828=DIRECTION('center_axis',(0.,1.,0.));
#1829=DIRECTION('ref_axis',(1.,0.,3.86870350251115E-34));
#1830=DIRECTION('center_axis',(1.67519717706801E-15,-1.,-1.67519717706806E-15));
#1831=DIRECTION('ref_axis',(-1.,-1.38777878078144E-15,2.77555756156287E-15));
#1832=DIRECTION('',(0.,0.,-1.));
#1833=DIRECTION('',(1.,0.,0.));
#1834=DIRECTION('',(-1.,0.,0.));
#1835=DIRECTION('',(0.,0.,-1.));
#1836=DIRECTION('center_axis',(-0.707106781186547,0.707106781186548,2.73558648102578E-34));
#1837=DIRECTION('ref_axis',(0.707106781186548,0.707106781186547,2.73558648102579E-34));
#1838=DIRECTION('center_axis',(0.707106781186546,-0.707106781186549,7.69383431693937E-16));
#1839=DIRECTION('ref_axis',(0.707106781186549,0.707106781186546,1.11577011227727E-13));
#1840=DIRECTION('center_axis',(0.707106781186546,-0.707106781186549,7.69383431693937E-16));
#1841=DIRECTION('ref_axis',(0.707106781186549,0.707106781186546,1.11577011227727E-13));
#1842=DIRECTION('',(-0.707106781186548,-0.707106781186547,0.));
#1843=DIRECTION('',(0.,0.,1.));
#1844=DIRECTION('',(0.707106781186548,0.707106781186547,0.));
#1845=DIRECTION('center_axis',(0.382683432365104,0.923879532511281,-1.48048873514387E-34));
#1846=DIRECTION('ref_axis',(3.86870350251115E-34,0.,1.));
#1847=DIRECTION('',(-0.923879532511283,0.382683432365099,0.));
#1848=DIRECTION('',(0.923879532511281,-0.382683432365104,0.));
#1849=DIRECTION('',(0.,0.,-1.));
#1850=DIRECTION('center_axis',(1.,0.,-3.86870350251115E-34));
#1851=DIRECTION('ref_axis',(0.,-1.,0.));
#1852=DIRECTION('',(0.,-1.,0.));
#1853=DIRECTION('',(0.,1.7763568394004E-15,1.));
#1854=DIRECTION('',(0.,1.,0.));
#1855=DIRECTION('',(0.,0.,-1.));
#1856=DIRECTION('',(0.,-1.,0.));
#1857=DIRECTION('center_axis',(-1.,0.,0.));
#1858=DIRECTION('ref_axis',(0.,1.11022302462516E-14,1.));
#1859=DIRECTION('center_axis',(0.,-1.,0.));
#1860=DIRECTION('ref_axis',(3.86870350251115E-34,0.,1.));
#1861=DIRECTION('',(-1.,0.,0.));
#1862=DIRECTION('',(1.,0.,0.));
#1863=DIRECTION('',(0.,0.,1.));
#1864=DIRECTION('center_axis',(1.,0.,-3.86870350251115E-34));
#1865=DIRECTION('ref_axis',(0.,-1.,0.));
#1866=DIRECTION('',(0.,0.,-1.));
#1867=DIRECTION('',(0.,1.,0.));
#1868=DIRECTION('',(0.,-1.,0.));
#1869=DIRECTION('center_axis',(-1.,0.,0.));
#1870=DIRECTION('ref_axis',(0.,0.,-1.));
#1871=DIRECTION('center_axis',(2.73558648102578E-34,0.707106781186548,-0.707106781186548));
#1872=DIRECTION('ref_axis',(-1.,0.,-3.86870350251115E-34));
#1873=DIRECTION('',(0.,0.707106781186547,0.707106781186548));
#1874=DIRECTION('',(1.,0.,0.));
#1875=DIRECTION('',(0.,-0.707106781186547,-0.707106781186548));
#1876=DIRECTION('',(-1.,0.,0.));
#1877=DIRECTION('center_axis',(-1.,0.,3.86870350251115E-34));
#1878=DIRECTION('ref_axis',(0.,-1.,0.));
#1879=DIRECTION('',(0.,-1.,0.));
#1880=DIRECTION('',(0.,0.707106781186548,-0.707106781186547));
#1881=DIRECTION('',(0.,0.,1.));
#1882=DIRECTION('',(0.,-1.,0.));
#1883=DIRECTION('',(0.,0.,1.));
#1884=DIRECTION('center_axis',(2.73558648102579E-34,-0.707106781186547,
-0.707106781186548));
#1885=DIRECTION('ref_axis',(-1.,0.,-3.86870350251115E-34));
#1886=DIRECTION('',(0.,-0.707106781186548,0.707106781186547));
#1887=DIRECTION('',(-1.,0.,0.));
#1888=DIRECTION('',(1.,0.,0.));
#1889=DIRECTION('center_axis',(1.,0.,-3.86870350251115E-34));
#1890=DIRECTION('ref_axis',(0.,1.,0.));
#1891=DIRECTION('',(0.,1.,0.));
#1892=DIRECTION('',(0.,0.,1.));
#1893=DIRECTION('',(0.,1.,0.));
#1894=DIRECTION('',(0.,0.,1.));
#1895=DIRECTION('center_axis',(2.73558648102578E-34,0.707106781186548,-0.707106781186548));
#1896=DIRECTION('ref_axis',(-1.,0.,-3.86870350251115E-34));
#1897=DIRECTION('',(0.,0.707106781186547,0.707106781186548));
#1898=DIRECTION('',(1.,0.,0.));
#1899=DIRECTION('',(0.,-0.707106781186547,-0.707106781186548));
#1900=DIRECTION('',(-1.,0.,0.));
#1901=DIRECTION('center_axis',(-1.,0.,3.86870350251115E-34));
#1902=DIRECTION('ref_axis',(0.,-1.,0.));
#1903=DIRECTION('',(0.,-1.,0.));
#1904=DIRECTION('',(0.,0.707106781186548,-0.707106781186547));
#1905=DIRECTION('',(0.,0.,1.));
#1906=DIRECTION('',(0.,-1.,0.));
#1907=DIRECTION('',(0.,0.,1.));
#1908=DIRECTION('center_axis',(2.73558648102579E-34,-0.707106781186547,
-0.707106781186548));
#1909=DIRECTION('ref_axis',(-1.,0.,-3.86870350251115E-34));
#1910=DIRECTION('',(0.,-0.707106781186548,0.707106781186547));
#1911=DIRECTION('',(-1.,0.,0.));
#1912=DIRECTION('',(1.,0.,0.));
#1913=DIRECTION('center_axis',(1.,0.,-3.86870350251115E-34));
#1914=DIRECTION('ref_axis',(0.,1.,0.));
#1915=DIRECTION('',(0.,1.,0.));
#1916=DIRECTION('',(0.,0.,1.));
#1917=DIRECTION('',(0.,1.,0.));
#1918=DIRECTION('',(0.,0.,1.));
#1919=DIRECTION('center_axis',(-3.86870350251115E-34,0.,1.));
#1920=DIRECTION('ref_axis',(1.,0.,3.86870350251115E-34));
#1921=DIRECTION('center_axis',(0.,0.,1.));
#1922=DIRECTION('ref_axis',(1.,-7.03141248929262E-15,0.));
#1923=DIRECTION('',(0.,1.,0.));
#1924=DIRECTION('',(-1.,0.,0.));
#1925=DIRECTION('',(0.,-1.,0.));
#1926=DIRECTION('center_axis',(0.,0.,-1.));
#1927=DIRECTION('ref_axis',(1.,-2.6645352591004E-14,0.));
#1928=DIRECTION('',(1.,6.368071688416E-15,0.));
#1929=DIRECTION('center_axis',(0.,0.,-1.));
#1930=DIRECTION('ref_axis',(-2.47024622979098E-13,1.,0.));
#1931=DIRECTION('',(2.88657986402598E-14,1.,0.));
#1932=DIRECTION('',(-1.,0.,0.));
#1933=DIRECTION('',(2.81403063667366E-16,-1.,0.));
#1934=DIRECTION('center_axis',(0.,0.,1.));
#1935=DIRECTION('ref_axis',(-2.03540887847945E-15,-1.,0.));
#1936=DIRECTION('',(1.,0.,0.));
#1937=DIRECTION('',(-5.9211894646675E-15,1.,0.));
#1938=DIRECTION('center_axis',(-3.86870350251115E-34,0.,1.));
#1939=DIRECTION('ref_axis',(1.,0.,3.86870350251115E-34));
#1940=DIRECTION('',(0.,-1.,0.));
#1941=DIRECTION('center_axis',(-3.86870350251116E-34,-3.38762802637295E-48,
1.));
#1942=DIRECTION('ref_axis',(-1.,-5.32907051820076E-14,-3.86870350251116E-34));
#1943=DIRECTION('',(-1.,-4.63397436365283E-15,-3.86870350251115E-34));
#1944=DIRECTION('',(0.,-1.,0.));
#1945=DIRECTION('',(-1.,-4.63397436365283E-15,-3.86870350251115E-34));
#1946=DIRECTION('center_axis',(-3.86870350251113E-34,-3.06499678576701E-48,
1.));
#1947=DIRECTION('ref_axis',(-1.,-1.06581410364015E-13,-3.86870350251114E-34));
#1948=DIRECTION('center_axis',(-3.86870350251121E-34,-6.73940813712067E-48,
1.));
#1949=DIRECTION('ref_axis',(-4.44089209850061E-15,-1.,-9.12303687711466E-48));
#1950=DIRECTION('',(1.,0.,3.86870350251115E-34));
#1951=DIRECTION('center_axis',(-3.86870350251115E-34,-1.57730828741132E-48,
1.));
#1952=DIRECTION('ref_axis',(1.,-3.70074341541718E-16,3.86870350251114E-34));
#1953=DIRECTION('center_axis',(-3.86870350251119E-34,-4.63782408372306E-48,
1.));
#1954=DIRECTION('ref_axis',(0.,1.,5.13170824337694E-48));
#1955=DIRECTION('',(-1.,-4.63397435478757E-15,-3.86870350251115E-34));
#1956=DIRECTION('',(0.,1.,-1.71056941445895E-48));
#1957=DIRECTION('',(-1.,-4.63397435478755E-15,-3.86870350251116E-34));
#1958=DIRECTION('center_axis',(-3.86870350251113E-34,1.97611634871678E-48,
1.));
#1959=DIRECTION('ref_axis',(-8.88178419700128E-15,1.,-5.13170824337703E-48));
#1960=DIRECTION('',(0.,1.,0.));
#1961=DIRECTION('',(-1.,0.,-3.86870350251114E-34));
#1962=DIRECTION('',(0.,1.,0.));
#1963=DIRECTION('center_axis',(-3.86870350251117E-34,1.86409161239514E-48,
1.));
#1964=DIRECTION('ref_axis',(1.,-1.0362081563168E-14,3.86870350251117E-34));
#1965=DIRECTION('',(0.,-1.,1.710569414459E-48));
#1966=DIRECTION('',(-1.,0.,-3.86870350251115E-34));
#1967=DIRECTION('center_axis',(3.86870350251118E-34,1.29052496242736E-48,
-1.));
#1968=DIRECTION('ref_axis',(-1.,-2.22044604925031E-15,-3.86870350251118E-34));
#1969=DIRECTION('',(2.81403063667366E-16,-1.,1.01617985017367E-49));
#1970=DIRECTION('',(-1.,0.,-3.86870350251119E-34));
#1971=DIRECTION('center_axis',(3.86870350251115E-34,0.,-1.));
#1972=DIRECTION('ref_axis',(0.,-1.,0.));
#1973=DIRECTION('',(0.,0.,-1.));
#1974=DIRECTION('center_axis',(-3.86870350251115E-34,0.,1.));
#1975=DIRECTION('ref_axis',(0.,-1.,0.));
#1976=DIRECTION('center_axis',(-1.,0.,3.86870350251115E-34));
#1977=DIRECTION('ref_axis',(3.86870350251115E-34,0.,1.));
#1978=DIRECTION('',(-1.,0.,3.86870350251115E-34));
#1979=DIRECTION('',(-1.,0.,0.));
#1980=DIRECTION('',(-1.,0.,3.86870350251115E-34));
#1981=DIRECTION('',(-1.,-6.62009107532544E-15,-4.1375569220784E-16));
#1982=DIRECTION('',(-1.,0.,3.86870350251115E-34));
#1983=DIRECTION('center_axis',(3.86870350251115E-34,0.,-1.));
#1984=DIRECTION('ref_axis',(-1.,0.,-3.86870350251115E-34));
#1985=DIRECTION('center_axis',(0.,0.,-1.));
#1986=DIRECTION('ref_axis',(5.32907051820069E-14,-1.,0.));
#1987=DIRECTION('',(-1.,0.,0.));
#1988=DIRECTION('center_axis',(0.,0.,-1.));
#1989=DIRECTION('ref_axis',(-1.,-4.44089209850061E-15,0.));
#1990=DIRECTION('center_axis',(3.86870350251115E-34,0.,-1.));
#1991=DIRECTION('ref_axis',(1.,0.,3.86870350251115E-34));
#1992=DIRECTION('',(0.,0.,-1.));
#1993=DIRECTION('center_axis',(1.,0.,-3.86870350251115E-34));
#1994=DIRECTION('ref_axis',(-3.86870350251115E-34,0.,-1.));
#1995=DIRECTION('',(1.,0.,-3.86870350251115E-34));
#1996=DIRECTION('center_axis',(0.,1.,0.));
#1997=DIRECTION('ref_axis',(-1.,0.,-3.86870350251115E-34));
#1998=DIRECTION('center_axis',(0.,1.,0.));
#1999=DIRECTION('ref_axis',(-1.,0.,-3.86870350251115E-34));
#2000=DIRECTION('',(0.,1.,0.));
#2001=DIRECTION('center_axis',(0.,1.,0.));
#2002=DIRECTION('ref_axis',(-1.,0.,-3.86870350251115E-34));
#2003=DIRECTION('center_axis',(0.,1.,0.));
#2004=DIRECTION('ref_axis',(-1.,0.,-3.86870350251115E-34));
#2005=DIRECTION('',(0.,1.,0.));
#2006=DIRECTION('center_axis',(3.86870350251115E-34,0.,-1.));
#2007=DIRECTION('ref_axis',(0.,1.,0.));
#2008=DIRECTION('',(0.,0.,-1.));
#2009=DIRECTION('center_axis',(3.86870350251115E-34,0.,-1.));
#2010=DIRECTION('ref_axis',(-1.,0.,-3.86870350251115E-34));
#2011=DIRECTION('',(0.,0.,-1.));
#2012=DIRECTION('center_axis',(-3.86870350251115E-34,0.,1.));
#2013=DIRECTION('ref_axis',(-1.,0.,-3.86870350251115E-34));
#2014=DIRECTION('center_axis',(0.,-1.,0.));
#2015=DIRECTION('ref_axis',(1.,0.,3.86870350251115E-34));
#2016=DIRECTION('',(1.,0.,0.));
#2017=DIRECTION('center_axis',(-3.86870350251115E-34,0.,1.));
#2018=DIRECTION('ref_axis',(1.,0.,3.86870350251115E-34));
#2019=DIRECTION('',(-1.,0.,0.));
#2020=DIRECTION('center_axis',(0.,1.,0.));
#2021=DIRECTION('ref_axis',(-1.,0.,-3.86870350251115E-34));
#2022=DIRECTION('center_axis',(0.,-1.,0.));
#2023=DIRECTION('ref_axis',(1.,0.,3.86870350251115E-34));
#2024=DIRECTION('',(1.,0.,0.));
#2025=DIRECTION('center_axis',(-3.86870350251115E-34,0.,1.));
#2026=DIRECTION('ref_axis',(1.,0.,3.86870350251115E-34));
#2027=DIRECTION('',(-1.,0.,0.));
#2028=DIRECTION('center_axis',(0.,1.,0.));
#2029=DIRECTION('ref_axis',(-1.,0.,-3.86870350251115E-34));
#2030=DIRECTION('center_axis',(-3.86870350251115E-34,0.,1.));
#2031=DIRECTION('ref_axis',(0.,1.,0.));
#2032=DIRECTION('',(0.,0.,1.));
#2033=DIRECTION('',(0.,0.,1.));
#2034=DIRECTION('center_axis',(1.,0.,-3.86870350251115E-34));
#2035=DIRECTION('ref_axis',(0.,1.,0.));
#2036=DIRECTION('',(0.,0.,1.));
#2037=DIRECTION('center_axis',(0.,1.,0.));
#2038=DIRECTION('ref_axis',(1.,0.,3.86870350251115E-34));
#2039=DIRECTION('',(0.,0.,1.));
#2040=DIRECTION('center_axis',(1.,0.,-3.86870350251115E-34));
#2041=DIRECTION('ref_axis',(0.,1.,0.));
#2042=DIRECTION('',(0.,0.,1.));
#2043=DIRECTION('center_axis',(-3.86870350251115E-34,0.,1.));
#2044=DIRECTION('ref_axis',(-1.,0.,-3.86870350251115E-34));
#2045=DIRECTION('',(0.,0.,1.));
#2046=DIRECTION('center_axis',(0.,1.,0.));
#2047=DIRECTION('ref_axis',(-1.,0.,-3.86870350251115E-34));
#2048=DIRECTION('',(0.,0.,-1.));
#2049=DIRECTION('',(0.,0.,1.));
#2050=DIRECTION('',(-8.88178419700125E-16,0.,1.));
#2051=DIRECTION('',(1.,0.,3.86870350251115E-34));
#2052=DIRECTION('center_axis',(-3.86870350251115E-34,0.,1.));
#2053=DIRECTION('ref_axis',(0.,-1.,0.));
#2054=DIRECTION('',(0.,0.,1.));
#2055=DIRECTION('center_axis',(-1.,0.,3.86870350251115E-34));
#2056=DIRECTION('ref_axis',(0.,-1.,0.));
#2057=DIRECTION('',(0.,0.,-1.));
#2058=DIRECTION('center_axis',(0.,1.,0.));
#2059=DIRECTION('ref_axis',(1.,0.,3.86870350251115E-34));
#2060=DIRECTION('',(0.,0.,1.));
#2061=DIRECTION('center_axis',(-1.,0.,3.86870350251115E-34));
#2062=DIRECTION('ref_axis',(0.,-1.,0.));
#2063=DIRECTION('',(-3.86870350251115E-34,0.,-1.));
#2064=DIRECTION('center_axis',(3.86870350251115E-34,0.,-1.));
#2065=DIRECTION('ref_axis',(1.,0.,3.86870350251115E-34));
#2066=DIRECTION('',(0.,0.,-1.));
#2067=DIRECTION('center_axis',(0.,-1.,0.));
#2068=DIRECTION('ref_axis',(-1.,0.,-3.86870350251115E-34));
#2069=DIRECTION('',(0.,0.,-1.));
#2070=DIRECTION('center_axis',(1.,0.,-3.86870350251115E-34));
#2071=DIRECTION('ref_axis',(0.,-1.,0.));
#2072=DIRECTION('center_axis',(1.,0.,-3.86870350251115E-34));
#2073=DIRECTION('ref_axis',(-3.86870350251115E-34,0.,-1.));
#2074=DIRECTION('',(0.,0.,1.));
#2075=DIRECTION('',(6.87219792629018E-49,-1.,1.77635683939839E-15));
#2076=DIRECTION('center_axis',(0.,1.,0.));
#2077=DIRECTION('ref_axis',(1.,0.,3.86870350251115E-34));
#2078=DIRECTION('',(1.,0.,3.86870350251115E-34));
#2079=DIRECTION('center_axis',(0.,-1.,0.));
#2080=DIRECTION('ref_axis',(1.,0.,0.));
#2081=DIRECTION('center_axis',(0.,-1.,0.));
#2082=DIRECTION('ref_axis',(-1.,0.,-3.86870350251115E-34));
#2083=DIRECTION('center_axis',(0.,1.,0.));
#2084=DIRECTION('ref_axis',(1.,0.,3.86870350251115E-34));
#2085=DIRECTION('',(0.,0.,-1.));
#2086=DIRECTION('',(1.,0.,3.86870350251115E-34));
#2087=DIRECTION('center_axis',(0.,-1.,0.));
#2088=DIRECTION('ref_axis',(1.,0.,3.96508223080414E-15));
#2089=DIRECTION('center_axis',(-1.,0.,3.86870350251115E-34));
#2090=DIRECTION('ref_axis',(3.86870350251115E-34,0.,1.));
#2091=DIRECTION('',(0.,-1.,0.));
#2092=DIRECTION('center_axis',(0.,1.,0.));
#2093=DIRECTION('ref_axis',(3.86870350251115E-34,0.,1.));
#2094=DIRECTION('center_axis',(0.,-1.,0.));
#2095=DIRECTION('ref_axis',(0.958314847499911,0.,0.285714285714283));
#2096=DIRECTION('center_axis',(0.,-1.,0.));
#2097=DIRECTION('ref_axis',(0.958314847499911,0.,0.285714285714283));
#2098=DIRECTION('center_axis',(0.,1.,0.));
#2099=DIRECTION('ref_axis',(3.86870350251115E-34,0.,1.));
#2100=DIRECTION('center_axis',(1.19846728979842E-12,-1.,1.74854021095654E-13));
#2101=DIRECTION('ref_axis',(0.958314847499881,1.19269673502672E-12,0.285714285714383));
#2102=DIRECTION('center_axis',(1.19846728979842E-12,-1.,1.74854021095654E-13));
#2103=DIRECTION('ref_axis',(0.958314847499881,1.19269673502672E-12,0.285714285714383));
#2104=DIRECTION('center_axis',(0.,-1.,0.));
#2105=DIRECTION('ref_axis',(-1.,0.,-3.86870350251115E-34));
#2106=DIRECTION('',(0.,-1.,0.));
#2107=DIRECTION('center_axis',(0.,-1.,0.));
#2108=DIRECTION('ref_axis',(-1.,0.,-3.86870350251115E-34));
#2109=DIRECTION('',(0.,-1.,0.));
#2110=DIRECTION('center_axis',(-3.86870350251115E-34,0.,1.));
#2111=DIRECTION('ref_axis',(1.,0.,3.86870350251115E-34));
#2112=CARTESIAN_POINT('',(0.,0.,0.));
#2113=CARTESIAN_POINT('Origin',(24.5,51.65,-234.808934536456));
#2114=CARTESIAN_POINT('',(27.35,51.65,-20.));
#2115=CARTESIAN_POINT('Origin',(24.5,51.65,-20.));
#2116=CARTESIAN_POINT('',(27.35,51.65,-1.99999999999999));
#2117=CARTESIAN_POINT('',(27.35,51.65,-234.808934536456));
#2118=CARTESIAN_POINT('Origin',(24.5,51.65,-2.));
#2119=CARTESIAN_POINT('Origin',(60.,35.65,-2.));
#2120=CARTESIAN_POINT('',(21.5,63.4,-2.));
#2121=CARTESIAN_POINT('',(98.5,63.4,-2.));
#2122=CARTESIAN_POINT('',(21.5,63.4,-2.));
#2123=CARTESIAN_POINT('',(17.,58.9,-2.));
#2124=CARTESIAN_POINT('Origin',(21.5,58.9,-2.));
#2125=CARTESIAN_POINT('',(17.,12.4,-2.));
#2126=CARTESIAN_POINT('',(17.,12.4,-2.));
#2127=CARTESIAN_POINT('',(21.5,7.89999999999998,-2.));
#2128=CARTESIAN_POINT('Origin',(21.5,12.3999999999999,-2.));
#2129=CARTESIAN_POINT('',(98.5,7.89999999999998,-2.));
#2130=CARTESIAN_POINT('',(98.5,7.89999999999998,-2.));
#2131=CARTESIAN_POINT('',(103.,12.4,-2.));
#2132=CARTESIAN_POINT('Origin',(98.5,12.4,-2.));
#2133=CARTESIAN_POINT('',(103.,58.9,-2.));
#2134=CARTESIAN_POINT('',(103.,58.9,-2.));
#2135=CARTESIAN_POINT('Origin',(98.5,58.9,-2.));
#2136=CARTESIAN_POINT('',(98.35,51.65,-1.99999999999999));
#2137=CARTESIAN_POINT('Origin',(95.5,51.65,-2.));
#2138=CARTESIAN_POINT('',(98.35,19.65,-1.99999999999999));
#2139=CARTESIAN_POINT('Origin',(95.5,19.65,-2.));
#2140=CARTESIAN_POINT('',(27.35,19.65,-1.99999999999999));
#2141=CARTESIAN_POINT('Origin',(24.5,19.65,-2.));
#2142=CARTESIAN_POINT('',(90.75,15.65,-2.));
#2143=CARTESIAN_POINT('',(29.25,15.65,-2.));
#2144=CARTESIAN_POINT('',(90.75,15.65,-2.));
#2145=CARTESIAN_POINT('',(29.25,55.65,-2.));
#2146=CARTESIAN_POINT('',(29.25,15.65,-2.));
#2147=CARTESIAN_POINT('',(90.75,55.65,-2.));
#2148=CARTESIAN_POINT('',(29.25,55.65,-2.));
#2149=CARTESIAN_POINT('',(90.75,55.65,-2.));
#2150=CARTESIAN_POINT('Origin',(17.,63.4,-4.75850530808872E-32));
#2151=CARTESIAN_POINT('',(21.5,63.4,5.));
#2152=CARTESIAN_POINT('',(98.5,63.4,5.));
#2153=CARTESIAN_POINT('',(21.5,63.4,5.));
#2154=CARTESIAN_POINT('',(21.5,63.4,-2.));
#2155=CARTESIAN_POINT('',(98.5,63.4,5.));
#2156=CARTESIAN_POINT('Origin',(98.5,58.9,-1.60551195354213E-32));
#2157=CARTESIAN_POINT('',(103.,58.9,5.));
#2158=CARTESIAN_POINT('',(103.,58.9,-2.));
#2159=CARTESIAN_POINT('Origin',(98.5,58.9,5.));
#2160=CARTESIAN_POINT('Origin',(103.,63.4,-1.43142029592913E-32));
#2161=CARTESIAN_POINT('',(103.,12.4,5.));
#2162=CARTESIAN_POINT('',(103.,12.4,5.));
#2163=CARTESIAN_POINT('',(103.,58.9,5.));
#2164=CARTESIAN_POINT('Origin',(98.5,12.4,-1.60551195354213E-32));
#2165=CARTESIAN_POINT('',(98.5,7.89999999999998,5.));
#2166=CARTESIAN_POINT('',(98.5,7.89999999999998,-2.));
#2167=CARTESIAN_POINT('Origin',(98.5,12.4,5.));
#2168=CARTESIAN_POINT('Origin',(103.,7.89999999999998,-1.43142029592913E-32));
#2169=CARTESIAN_POINT('',(21.5,7.89999999999998,5.));
#2170=CARTESIAN_POINT('',(21.5,7.89999999999998,5.));
#2171=CARTESIAN_POINT('',(98.5,7.89999999999998,5.));
#2172=CARTESIAN_POINT('Origin',(21.5,12.4,-4.58441365047572E-32));
#2173=CARTESIAN_POINT('',(17.,12.4,5.));
#2174=CARTESIAN_POINT('',(17.,12.4,-2.));
#2175=CARTESIAN_POINT('Origin',(21.5,12.4,5.));
#2176=CARTESIAN_POINT('Origin',(17.,7.89999999999998,-4.75850530808872E-32));
#2177=CARTESIAN_POINT('',(17.,58.9,5.));
#2178=CARTESIAN_POINT('',(17.,58.9,5.));
#2179=CARTESIAN_POINT('',(17.,12.4,5.));
#2180=CARTESIAN_POINT('Origin',(21.5,58.9,-4.58441365047572E-32));
#2181=CARTESIAN_POINT('Origin',(21.5,58.9,5.));
#2182=CARTESIAN_POINT('Origin',(95.5,51.65,-234.808934536456));
#2183=CARTESIAN_POINT('',(98.35,51.65,-20.));
#2184=CARTESIAN_POINT('Origin',(95.5,51.65,-20.));
#2185=CARTESIAN_POINT('',(98.35,51.65,-234.808934536456));
#2186=CARTESIAN_POINT('Origin',(95.5,19.65,-234.808934536456));
#2187=CARTESIAN_POINT('',(98.35,19.65,-20.));
#2188=CARTESIAN_POINT('Origin',(95.5,19.65,-20.));
#2189=CARTESIAN_POINT('',(98.35,19.65,-234.808934536456));
#2190=CARTESIAN_POINT('Origin',(24.5,19.65,-234.808934536456));
#2191=CARTESIAN_POINT('',(27.35,19.65,-20.));
#2192=CARTESIAN_POINT('Origin',(24.5,19.65,-20.));
#2193=CARTESIAN_POINT('',(27.35,19.65,-234.808934536456));
#2194=CARTESIAN_POINT('Origin',(90.75,15.65,-2.));
#2195=CARTESIAN_POINT('',(90.75,15.65,-20.));
#2196=CARTESIAN_POINT('',(90.75,15.65,-2.));
#2197=CARTESIAN_POINT('',(29.25,15.65,-20.));
#2198=CARTESIAN_POINT('',(29.25,15.65,-20.));
#2199=CARTESIAN_POINT('',(29.25,15.65,-2.));
#2200=CARTESIAN_POINT('Origin',(90.75,55.65,-2.));
#2201=CARTESIAN_POINT('',(90.75,55.65,-20.));
#2202=CARTESIAN_POINT('',(90.75,55.65,-2.));
#2203=CARTESIAN_POINT('',(90.75,15.65,-20.));
#2204=CARTESIAN_POINT('Origin',(29.25,55.65,-2.));
#2205=CARTESIAN_POINT('',(29.25,55.65,-20.));
#2206=CARTESIAN_POINT('',(29.25,55.65,-2.));
#2207=CARTESIAN_POINT('',(90.75,55.65,-20.));
#2208=CARTESIAN_POINT('Origin',(29.25,15.65,-2.));
#2209=CARTESIAN_POINT('',(29.25,55.65,-20.));
#2210=CARTESIAN_POINT('Origin',(5.00000000000099,205.,-5.22274972839002E-32));
#2211=CARTESIAN_POINT('',(5.00000000000099,140.,-20.));
#2212=CARTESIAN_POINT('',(5.00000000000099,206.,-20.));
#2213=CARTESIAN_POINT('',(5.00000000000099,140.,-20.));
#2214=CARTESIAN_POINT('',(5.00000000000099,140.,-1.63424829224823E-12));
#2215=CARTESIAN_POINT('',(5.00000000000099,140.,-1.63424829224823E-12));
#2216=CARTESIAN_POINT('',(5.00000000000099,206.,-5.22274972839002E-32));
#2217=CARTESIAN_POINT('',(5.00000000000099,206.,-5.22274972839002E-32));
#2218=CARTESIAN_POINT('',(5.00000000000099,206.,-5.22274972839002E-32));
#2219=CARTESIAN_POINT('',(5.00000000000101,195.9999999977,-14.2));
#2220=CARTESIAN_POINT('Origin',(5.00000000000099,195.9999999977,-11.));
#2221=CARTESIAN_POINT('Origin',(3.,140.,-1.63424829224823E-12));
#2222=CARTESIAN_POINT('',(3.,140.,-20.));
#2223=CARTESIAN_POINT('',(3.,140.,-20.));
#2224=CARTESIAN_POINT('',(3.,140.,-1.63424829224823E-12));
#2225=CARTESIAN_POINT('',(3.,140.,-1.63424829224823E-12));
#2226=CARTESIAN_POINT('',(3.,140.,-1.63424829224823E-12));
#2227=CARTESIAN_POINT('Origin',(3.,5.99999999999997,-5.30012379844028E-32));
#2228=CARTESIAN_POINT('',(3.,25.,-45.));
#2229=CARTESIAN_POINT('',(3.,25.,-20.));
#2230=CARTESIAN_POINT('',(3.,25.,-45.));
#2231=CARTESIAN_POINT('',(3.,5.99999999999997,-45.));
#2232=CARTESIAN_POINT('',(3.,5.99999999999997,-45.));
#2233=CARTESIAN_POINT('',(3.,5.99999999999997,-5.30012379844028E-32));
#2234=CARTESIAN_POINT('',(3.,5.99999999999997,-5.30012379844028E-32));
#2235=CARTESIAN_POINT('',(3.,140.,-5.30012379844028E-32));
#2236=CARTESIAN_POINT('',(3.,25.,-20.));
#2237=CARTESIAN_POINT('',(3.,108.,-7.8));
#2238=CARTESIAN_POINT('Origin',(3.,108.,-11.));
#2239=CARTESIAN_POINT('Origin',(3.35355339059299,25.146446609406,-10.));
#2240=CARTESIAN_POINT('',(3.70710678118614,25.2928932188127,-45.));
#2241=CARTESIAN_POINT('',(3.70710678118614,25.2928932188127,-45.));
#2242=CARTESIAN_POINT('',(3.70710678118614,25.2928932188127,-20.));
#2243=CARTESIAN_POINT('',(3.00000000000024,24.9999999999995,-20.));
#2244=CARTESIAN_POINT('',(3.70710678118614,25.2928932188127,-20.));
#2245=CARTESIAN_POINT('Origin',(3.,26.,-20.));
#2246=CARTESIAN_POINT('',(18.0000000000001,11.0000000000001,-20.));
#2247=CARTESIAN_POINT('',(18.0000000000001,11.0000000000001,-20.));
#2248=CARTESIAN_POINT('',(18.0000000000001,11.0000000000001,-45.));
#2249=CARTESIAN_POINT('',(18.0000000000001,11.0000000000001,-20.));
#2250=CARTESIAN_POINT('',(3.70710678118651,25.2928932188135,-45.));
#2251=CARTESIAN_POINT('',(15.2000000000001,13.8000000000001,-35.));
#2252=CARTESIAN_POINT('Origin',(12.0000000000001,17.,-35.));
#2253=CARTESIAN_POINT('Origin',(18.,11.,-20.));
#2254=CARTESIAN_POINT('',(102.,11.,-31.8));
#2255=CARTESIAN_POINT('',(102.,11.,-38.2));
#2256=CARTESIAN_POINT('Origin',(102.,11.,-35.));
#2257=CARTESIAN_POINT('',(102.,11.,-45.));
#2258=CARTESIAN_POINT('',(102.,11.,-38.2));
#2259=CARTESIAN_POINT('',(18.,11.,-45.));
#2260=CARTESIAN_POINT('',(102.,11.,-20.));
#2261=CARTESIAN_POINT('',(102.,11.,-20.));
#2262=CARTESIAN_POINT('',(102.,11.,-20.));
#2263=CARTESIAN_POINT('Origin',(102.,11.,-20.));
#2264=CARTESIAN_POINT('',(105.2,14.1999999999999,-35.));
#2265=CARTESIAN_POINT('Origin',(102.,11.0000000000002,-35.0000000000003));
#2266=CARTESIAN_POINT('Origin',(102.,11.0000000000002,-35.0000000000003));
#2267=CARTESIAN_POINT('',(116.292893218813,25.2928932188132,-20.));
#2268=CARTESIAN_POINT('',(116.292893218813,25.2928932188132,-20.));
#2269=CARTESIAN_POINT('',(116.292893218813,25.2928932188132,-45.));
#2270=CARTESIAN_POINT('',(116.292893218813,25.2928932188132,-45.));
#2271=CARTESIAN_POINT('',(102.,11.,-45.));
#2272=CARTESIAN_POINT('Origin',(116.646446609407,25.146446609407,-10.));
#2273=CARTESIAN_POINT('',(117.,25.0000000000003,-45.));
#2274=CARTESIAN_POINT('',(117.,25.0000000000003,-45.));
#2275=CARTESIAN_POINT('',(117.,25.0000000000003,-20.));
#2276=CARTESIAN_POINT('',(116.292893218814,25.2928932188136,-20.));
#2277=CARTESIAN_POINT('',(117.,25.0000000000003,-20.));
#2278=CARTESIAN_POINT('Origin',(117.,205.,-8.89801805577569E-33));
#2279=CARTESIAN_POINT('',(117.,140.,-20.));
#2280=CARTESIAN_POINT('',(117.,140.,-20.));
#2281=CARTESIAN_POINT('',(117.,140.,-1.63424829224823E-12));
#2282=CARTESIAN_POINT('',(117.,140.,-19.9999999999999));
#2283=CARTESIAN_POINT('',(117.,5.99999999999997,-8.89801805577569E-33));
#2284=CARTESIAN_POINT('',(117.,5.99999999999997,-8.89801805577569E-33));
#2285=CARTESIAN_POINT('',(117.,5.99999999999997,-45.));
#2286=CARTESIAN_POINT('',(117.,5.99999999999997,-8.89801805577569E-33));
#2287=CARTESIAN_POINT('',(117.,25.,-45.));
#2288=CARTESIAN_POINT('',(117.,108.,-7.8));
#2289=CARTESIAN_POINT('Origin',(117.,108.,-11.));
#2290=CARTESIAN_POINT('Origin',(117.,140.,-19.9999999999999));
#2291=CARTESIAN_POINT('',(115.,140.,-1.63424829224823E-12));
#2292=CARTESIAN_POINT('',(117.,140.,-1.63424829224823E-12));
#2293=CARTESIAN_POINT('',(115.,140.,-19.9999999999999));
#2294=CARTESIAN_POINT('',(115.,140.,-20.));
#2295=CARTESIAN_POINT('',(115.,140.,-19.9999999999999));
#2296=CARTESIAN_POINT('Origin',(115.,206.000000000001,-9.67175875627792E-33));
#2297=CARTESIAN_POINT('',(115.,206.000000000001,-9.67175875627792E-33));
#2298=CARTESIAN_POINT('',(115.,206.000000000001,-20.));
#2299=CARTESIAN_POINT('',(115.,206.000000000001,-9.67175875627792E-33));
#2300=CARTESIAN_POINT('',(115.,140.,-1.63424829224823E-12));
#2301=CARTESIAN_POINT('',(115.,191.25,-20.));
#2302=CARTESIAN_POINT('',(115.,195.9999999977,-14.2));
#2303=CARTESIAN_POINT('Origin',(115.,195.9999999977,-11.));
#2304=CARTESIAN_POINT('Origin',(74.055517629881,117.27725728236,-17.5));
#2305=CARTESIAN_POINT('',(88.111035259762,114.77725728236,-20.));
#2306=CARTESIAN_POINT('',(88.111035259762,119.77725728236,-15.));
#2307=CARTESIAN_POINT('',(88.111035259762,114.77725728236,-20.));
#2308=CARTESIAN_POINT('',(108.111035259762,119.77725728236,-15.));
#2309=CARTESIAN_POINT('',(88.111035259762,119.77725728236,-15.));
#2310=CARTESIAN_POINT('',(108.111035259762,114.77725728236,-20.));
#2311=CARTESIAN_POINT('',(108.111035259762,119.77725728236,-15.));
#2312=CARTESIAN_POINT('',(108.111035259762,114.77725728236,-20.));
#2313=CARTESIAN_POINT('Origin',(88.111035259762,149.77725728236,-20.));
#2314=CARTESIAN_POINT('',(88.111035259762,154.77725728236,-20.));
#2315=CARTESIAN_POINT('',(88.111035259762,154.77725728236,-20.));
#2316=CARTESIAN_POINT('',(88.111035259762,149.77725728236,-15.));
#2317=CARTESIAN_POINT('',(88.111035259762,149.77725728236,-15.));
#2318=CARTESIAN_POINT('',(88.111035259762,149.77725728236,-10.));
#2319=CARTESIAN_POINT('',(88.111035259762,149.77725728236,-15.));
#2320=CARTESIAN_POINT('',(88.111035259762,119.77725728236,-10.));
#2321=CARTESIAN_POINT('',(88.111035259762,149.77725728236,-10.));
#2322=CARTESIAN_POINT('',(88.111035259762,119.77725728236,-15.));
#2323=CARTESIAN_POINT('Origin',(84.055517629881,152.27725728236,-17.5));
#2324=CARTESIAN_POINT('',(108.111035259762,154.77725728236,-20.));
#2325=CARTESIAN_POINT('',(108.111035259762,149.77725728236,-15.));
#2326=CARTESIAN_POINT('',(108.111035259762,154.77725728236,-20.));
#2327=CARTESIAN_POINT('',(108.111035259762,149.77725728236,-15.));
#2328=CARTESIAN_POINT('',(88.111035259762,154.77725728236,-20.));
#2329=CARTESIAN_POINT('Origin',(108.111035259762,119.77725728236,-20.));
#2330=CARTESIAN_POINT('',(108.111035259762,114.77725728236,-20.));
#2331=CARTESIAN_POINT('',(108.111035259762,119.77725728236,-10.));
#2332=CARTESIAN_POINT('',(108.111035259762,119.77725728236,-15.));
#2333=CARTESIAN_POINT('',(108.111035259762,149.77725728236,-10.));
#2334=CARTESIAN_POINT('',(108.111035259762,119.77725728236,-10.));
#2335=CARTESIAN_POINT('',(108.111035259762,149.77725728236,-15.));
#2336=CARTESIAN_POINT('Origin',(35.94448235836,117.27725728236,-17.5));
#2337=CARTESIAN_POINT('',(11.88896471672,114.77725728236,-20.));
#2338=CARTESIAN_POINT('',(11.88896471672,119.77725728236,-15.));
#2339=CARTESIAN_POINT('',(11.88896471672,114.77725728236,-20.));
#2340=CARTESIAN_POINT('',(31.88896471672,119.77725728236,-15.));
#2341=CARTESIAN_POINT('',(11.88896471672,119.77725728236,-15.));
#2342=CARTESIAN_POINT('',(31.88896471672,114.77725728236,-20.));
#2343=CARTESIAN_POINT('',(31.88896471672,119.77725728236,-15.));
#2344=CARTESIAN_POINT('',(31.88896471672,114.77725728236,-20.));
#2345=CARTESIAN_POINT('Origin',(11.88896471672,149.77725728236,-20.));
#2346=CARTESIAN_POINT('',(11.88896471672,154.77725728236,-20.));
#2347=CARTESIAN_POINT('',(11.88896471672,154.77725728236,-20.));
#2348=CARTESIAN_POINT('',(11.88896471672,149.77725728236,-15.));
#2349=CARTESIAN_POINT('',(11.88896471672,149.77725728236,-15.));
#2350=CARTESIAN_POINT('',(11.88896471672,149.77725728236,-10.));
#2351=CARTESIAN_POINT('',(11.88896471672,149.77725728236,-15.));
#2352=CARTESIAN_POINT('',(11.88896471672,119.77725728236,-10.));
#2353=CARTESIAN_POINT('',(11.88896471672,149.77725728236,-10.));
#2354=CARTESIAN_POINT('',(11.88896471672,119.77725728236,-15.));
#2355=CARTESIAN_POINT('Origin',(45.9444823583599,152.27725728236,-17.5));
#2356=CARTESIAN_POINT('',(31.88896471672,154.77725728236,-20.));
#2357=CARTESIAN_POINT('',(31.88896471672,149.77725728236,-15.));
#2358=CARTESIAN_POINT('',(31.88896471672,154.77725728236,-20.));
#2359=CARTESIAN_POINT('',(31.88896471672,149.77725728236,-15.));
#2360=CARTESIAN_POINT('',(11.88896471672,154.77725728236,-20.));
#2361=CARTESIAN_POINT('Origin',(31.88896471672,119.77725728236,-20.));
#2362=CARTESIAN_POINT('',(31.88896471672,114.77725728236,-20.));
#2363=CARTESIAN_POINT('',(31.88896471672,119.77725728236,-10.));
#2364=CARTESIAN_POINT('',(31.88896471672,119.77725728236,-15.));
#2365=CARTESIAN_POINT('',(31.88896471672,149.77725728236,-10.));
#2366=CARTESIAN_POINT('',(31.88896471672,119.77725728236,-10.));
#2367=CARTESIAN_POINT('',(31.88896471672,149.77725728236,-15.));
#2368=CARTESIAN_POINT('Origin',(59.9999999999999,102.5,5.));
#2369=CARTESIAN_POINT('',(114.,-2.8421709430404E-14,5.));
#2370=CARTESIAN_POINT('',(120.,5.99999999999997,5.));
#2371=CARTESIAN_POINT('Origin',(114.,6.00000000000001,5.));
#2372=CARTESIAN_POINT('',(120.,205.,5.));
#2373=CARTESIAN_POINT('',(120.,5.99999999999997,5.));
#2374=CARTESIAN_POINT('',(117.,205.,5.));
#2375=CARTESIAN_POINT('',(120.,205.,5.));
#2376=CARTESIAN_POINT('',(117.,206.000000000001,5.));
#2377=CARTESIAN_POINT('',(117.,206.000000000001,5.));
#2378=CARTESIAN_POINT('',(113.,210.000000000001,5.));
#2379=CARTESIAN_POINT('Origin',(113.,206.000000000001,5.));
#2380=CARTESIAN_POINT('',(7.,210.,5.));
#2381=CARTESIAN_POINT('',(7.,210.,5.));
#2382=CARTESIAN_POINT('',(3.000000000001,206.,5.));
#2383=CARTESIAN_POINT('Origin',(7.00000000000099,206.,5.));
#2384=CARTESIAN_POINT('',(3.00000000000097,205.,5.));
#2385=CARTESIAN_POINT('',(3.00000000000097,205.,5.));
#2386=CARTESIAN_POINT('',(0.,205.,5.));
#2387=CARTESIAN_POINT('',(3.000000000001,205.,5.));
#2388=CARTESIAN_POINT('',(5.6843418860808E-14,3.,5.));
#2389=CARTESIAN_POINT('',(0.,205.,5.));
#2390=CARTESIAN_POINT('',(6.,-3.,5.));
#2391=CARTESIAN_POINT('Origin',(6.00000000000001,3.00000000000001,5.));
#2392=CARTESIAN_POINT('',(114.,-3.,5.));
#2393=CARTESIAN_POINT('',(6.,-3.,5.));
#2394=CARTESIAN_POINT('',(114.,-3.,5.));
#2395=CARTESIAN_POINT('Origin',(60.0000000000002,207.5,-3.09496280200892E-32));
#2396=CARTESIAN_POINT('',(3.000000000001,206.,-5.30012379844024E-32));
#2397=CARTESIAN_POINT('',(3.000000000001,205.,-5.30012379844024E-32));
#2398=CARTESIAN_POINT('',(3.000000000001,206.,-5.30012379844024E-32));
#2399=CARTESIAN_POINT('',(7.,210.,-5.14537565833983E-32));
#2400=CARTESIAN_POINT('Origin',(7.00000000000099,206.,-5.1453756583398E-32));
#2401=CARTESIAN_POINT('',(30.0000000198836,210.,-2.83704923483208E-32));
#2402=CARTESIAN_POINT('',(30.,210.,-4.25557385276227E-32));
#2403=CARTESIAN_POINT('',(30.0000000198836,208.,-2.83704923483208E-32));
#2404=CARTESIAN_POINT('',(30.000000020483,210.,0.));
#2405=CARTESIAN_POINT('',(7.,208.,-5.14537565833983E-32));
#2406=CARTESIAN_POINT('',(30.,208.,-4.25557385276227E-32));
#2407=CARTESIAN_POINT('Origin',(7.00000000000099,206.,-5.1453756583398E-32));
#2408=CARTESIAN_POINT('',(6.,3.,-5.18406269336495E-32));
#2409=CARTESIAN_POINT('Origin',(6.00000000000001,5.99999999999996,-5.18406269336494E-32));
#2410=CARTESIAN_POINT('',(114.,2.99999999999994,-1.0058629106529E-32));
#2411=CARTESIAN_POINT('',(6.,3.,-5.18406269336495E-32));
#2412=CARTESIAN_POINT('Origin',(114.,5.99999999999994,-1.0058629106529E-32));
#2413=CARTESIAN_POINT('',(113.,208.000000000001,-1.04454994567802E-32));
#2414=CARTESIAN_POINT('Origin',(113.,206.000000000001,-1.04454994567802E-32));
#2415=CARTESIAN_POINT('',(89.9999999559986,208.000000000001,-1.93435175295786E-32));
#2416=CARTESIAN_POINT('',(113.,208.000000000001,-1.04454994567802E-32));
#2417=CARTESIAN_POINT('',(89.9999999559985,210.,-1.93435175295786E-32));
#2418=CARTESIAN_POINT('',(89.9999999559986,208.000000000001,-1.93435175295786E-32));
#2419=CARTESIAN_POINT('',(113.,210.000000000001,-1.04454994567802E-32));
#2420=CARTESIAN_POINT('',(113.,210.000000000001,-1.04454994567802E-32));
#2421=CARTESIAN_POINT('',(117.,206.000000000001,-8.89801805577569E-33));
#2422=CARTESIAN_POINT('Origin',(113.,206.000000000001,-1.04454994567801E-32));
#2423=CARTESIAN_POINT('',(117.,205.,-8.89801805577569E-33));
#2424=CARTESIAN_POINT('',(117.,205.,-8.89801805577569E-33));
#2425=CARTESIAN_POINT('',(120.,205.,-7.73740700502235E-33));
#2426=CARTESIAN_POINT('',(120.,205.,-7.73740700502235E-33));
#2427=CARTESIAN_POINT('',(120.,5.99999999999994,-7.73740700502235E-33));
#2428=CARTESIAN_POINT('',(120.,5.99999999999994,-7.73740700502235E-33));
#2429=CARTESIAN_POINT('',(114.,0.,-1.0058629106529E-32));
#2430=CARTESIAN_POINT('Origin',(114.,6.00000000000001,-1.00586291065291E-32));
#2431=CARTESIAN_POINT('',(114.,-3.,-1.0058629106529E-32));
#2432=CARTESIAN_POINT('',(114.,0.,-1.0058629106529E-32));
#2433=CARTESIAN_POINT('',(6.,-3.,-5.18406269336495E-32));
#2434=CARTESIAN_POINT('',(114.,-3.,-1.0058629106529E-32));
#2435=CARTESIAN_POINT('',(5.6843418860808E-14,3.,-5.41618490351561E-32));
#2436=CARTESIAN_POINT('Origin',(6.00000000000001,3.00000000000001,-5.18406269336494E-32));
#2437=CARTESIAN_POINT('',(0.,205.,-5.41618490351562E-32));
#2438=CARTESIAN_POINT('',(0.,205.,-5.41618490351562E-32));
#2439=CARTESIAN_POINT('',(3.,205.,-5.30012379844028E-32));
#2440=CARTESIAN_POINT('Origin',(7.000000000001,206.,-5.1453756583398E-32));
#2441=CARTESIAN_POINT('',(7.0000000000002,208.,-20.));
#2442=CARTESIAN_POINT('',(7.0000000000002,208.,-5.14537565833983E-32));
#2443=CARTESIAN_POINT('Origin',(7.000000000001,206.,-20.));
#2444=CARTESIAN_POINT('Origin',(115.,195.9999999977,-11.));
#2445=CARTESIAN_POINT('',(104.68328156731,196.000000000001,-14.2));
#2446=CARTESIAN_POINT('',(115.,195.9999999977,-14.2));
#2447=CARTESIAN_POINT('',(99.3167184213121,195.999999999487,-14.2000000000004));
#2448=CARTESIAN_POINT('',(104.68328156731,196.000000000001,-14.2));
#2449=CARTESIAN_POINT('',(20.68328157869,196.000000000001,-14.2));
#2450=CARTESIAN_POINT('',(115.,195.9999999977,-14.2));
#2451=CARTESIAN_POINT('',(15.31671843269,196.000000000001,-14.2));
#2452=CARTESIAN_POINT('',(20.68328157869,196.000000000001,-14.2));
#2453=CARTESIAN_POINT('',(115.,195.9999999977,-14.2));
#2454=CARTESIAN_POINT('Ctrl Pts',(15.3167184326903,195.9999999977,-14.2));
#2455=CARTESIAN_POINT('Ctrl Pts',(15.3167184327572,196.312191614506,-14.1999999997756));
#2456=CARTESIAN_POINT('Ctrl Pts',(15.3296530794145,196.648807808389,-14.1511118367685));
#2457=CARTESIAN_POINT('Ctrl Pts',(15.4019298899263,197.282519515546,-13.9505252181592));
#2458=CARTESIAN_POINT('Ctrl Pts',(15.4632428277392,197.579413410125,-13.7989048128822));
#2459=CARTESIAN_POINT('Ctrl Pts',(15.6587216983914,198.081504201775,-13.4506617783821));
#2460=CARTESIAN_POINT('Ctrl Pts',(15.8335484019682,198.335154828148,-13.2030747858335));
#2461=CARTESIAN_POINT('Ctrl Pts',(16.2641210661392,198.674116266275,-12.7803766448216));
#2462=CARTESIAN_POINT('Ctrl Pts',(16.5665123436711,198.795314281757,-12.5660368797446));
#2463=CARTESIAN_POINT('Ctrl Pts',(17.2535155460241,198.939191382673,-12.2756958192306));
#2464=CARTESIAN_POINT('Ctrl Pts',(17.6372833140452,198.966479392539,-12.2));
#2465=CARTESIAN_POINT('Ctrl Pts',(18.00000000569,198.966479392539,-12.2));
#2466=CARTESIAN_POINT('Ctrl Pts',(18.3627166973348,198.966479392539,-12.2));
#2467=CARTESIAN_POINT('Ctrl Pts',(18.7464844653559,198.939191382673,-12.2756958192306));
#2468=CARTESIAN_POINT('Ctrl Pts',(19.4334876677089,198.795314281757,-12.5660368797446));
#2469=CARTESIAN_POINT('Ctrl Pts',(19.7358789452408,198.674116266275,-12.7803766448216));
#2470=CARTESIAN_POINT('Ctrl Pts',(20.1664516094118,198.335154828148,-13.2030747858335));
#2471=CARTESIAN_POINT('Ctrl Pts',(20.3412783129886,198.081504201775,-13.4506617783821));
#2472=CARTESIAN_POINT('Ctrl Pts',(20.5367571836408,197.579413410125,-13.7989048128822));
#2473=CARTESIAN_POINT('Ctrl Pts',(20.5980701214537,197.282519515546,-13.9505252181592));
#2474=CARTESIAN_POINT('Ctrl Pts',(20.6703469319655,196.648807808389,-14.1511118367685));
#2475=CARTESIAN_POINT('Ctrl Pts',(20.6832815786897,196.312191614506,-14.2));
#2476=CARTESIAN_POINT('Ctrl Pts',(20.6832815786897,195.9999999977,-14.2));
#2477=CARTESIAN_POINT('Ctrl Pts',(99.3167184213109,195.9999999977,-14.2));
#2478=CARTESIAN_POINT('Ctrl Pts',(99.3167184213628,196.312191614506,-14.1999999998257));
#2479=CARTESIAN_POINT('Ctrl Pts',(99.3296530680351,196.648807808389,-14.1511118367685));
#2480=CARTESIAN_POINT('Ctrl Pts',(99.4019298785469,197.282519515546,-13.9505252181592));
#2481=CARTESIAN_POINT('Ctrl Pts',(99.4632428163598,197.579413410125,-13.7989048128822));
#2482=CARTESIAN_POINT('Ctrl Pts',(99.658721687012,198.081504201775,-13.4506617783821));
#2483=CARTESIAN_POINT('Ctrl Pts',(99.8335483905888,198.335154828148,-13.2030747858335));
#2484=CARTESIAN_POINT('Ctrl Pts',(100.26412105476,198.674116266275,-12.7803766448216));
#2485=CARTESIAN_POINT('Ctrl Pts',(100.566512332292,198.795314281757,-12.5660368797446));
#2486=CARTESIAN_POINT('Ctrl Pts',(101.253515534645,198.939191382673,-12.2756958192306));
#2487=CARTESIAN_POINT('Ctrl Pts',(101.637283302666,198.966479392539,-12.2));
#2488=CARTESIAN_POINT('Ctrl Pts',(101.999999994311,198.966479392539,-12.2));
#2489=CARTESIAN_POINT('Ctrl Pts',(102.362716685955,198.966479392539,-12.2));
#2490=CARTESIAN_POINT('Ctrl Pts',(102.746484453977,198.939191382673,-12.2756958192306));
#2491=CARTESIAN_POINT('Ctrl Pts',(103.433487656329,198.795314281757,-12.5660368797446));
#2492=CARTESIAN_POINT('Ctrl Pts',(103.735878933861,198.674116266275,-12.7803766448216));
#2493=CARTESIAN_POINT('Ctrl Pts',(104.166451598032,198.335154828148,-13.2030747858335));
#2494=CARTESIAN_POINT('Ctrl Pts',(104.341278301609,198.081504201775,-13.4506617783821));
#2495=CARTESIAN_POINT('Ctrl Pts',(104.536757172261,197.579413410125,-13.7989048128822));
#2496=CARTESIAN_POINT('Ctrl Pts',(104.598070110074,197.282519515546,-13.9505252181592));
#2497=CARTESIAN_POINT('Ctrl Pts',(104.670346920586,196.648807808389,-14.1511118367685));
#2498=CARTESIAN_POINT('Ctrl Pts',(104.68328156731,196.312191614506,-14.2));
#2499=CARTESIAN_POINT('Ctrl Pts',(104.68328156731,195.9999999977,-14.2));
#2500=CARTESIAN_POINT('Origin',(59.9999999999999,14.5,-45.));
#2501=CARTESIAN_POINT('',(114.,2.99999999999997,-45.));
#2502=CARTESIAN_POINT('Origin',(114.,6.00000000000001,-45.));
#2503=CARTESIAN_POINT('',(6.,3.,-45.));
#2504=CARTESIAN_POINT('',(114.,3.,-45.));
#2505=CARTESIAN_POINT('Origin',(6.00000000000001,5.99999999999999,-45.));
#2506=CARTESIAN_POINT('Origin',(6.,5.99999999999997,-5.18406269336495E-32));
#2507=CARTESIAN_POINT('',(6.,2.99999999999997,-5.18406269336495E-32));
#2508=CARTESIAN_POINT('Origin',(3.,108.,-11.));
#2509=CARTESIAN_POINT('',(3.,108.,-7.8));
#2510=CARTESIAN_POINT('Origin',(12.,3.,-35.));
#2511=CARTESIAN_POINT('',(15.2,3.,-35.));
#2512=CARTESIAN_POINT('Origin',(12.,3.,-35.));
#2513=CARTESIAN_POINT('',(15.2,3.,-35.));
#2514=CARTESIAN_POINT('Origin',(102.,3.,-35.));
#2515=CARTESIAN_POINT('',(105.2,3.,-35.));
#2516=CARTESIAN_POINT('Origin',(102.,3.,-35.));
#2517=CARTESIAN_POINT('',(105.2,3.,-35.));
#2518=CARTESIAN_POINT('Origin',(114.,5.99999999999997,-1.0058629106529E-32));
#2519=CARTESIAN_POINT('',(114.,2.99999999999998,-1.0058629106529E-32));
#2520=CARTESIAN_POINT('Origin',(113.,206.000000000001,-1.04454994567802E-32));
#2521=CARTESIAN_POINT('',(113.,208.000000000001,-20.));
#2522=CARTESIAN_POINT('',(113.,208.000000000001,-1.04454994567802E-32));
#2523=CARTESIAN_POINT('Origin',(113.,206.000000000001,-20.));
#2524=CARTESIAN_POINT('Origin',(88.111035259762,119.77725728236,-20.));
#2525=CARTESIAN_POINT('',(88.111035259762,119.77725728236,-10.));
#2526=CARTESIAN_POINT('Origin',(98.111035259762,134.77725728236,-10.));
#2527=CARTESIAN_POINT('',(108.111035259762,149.77725728236,-10.));
#2528=CARTESIAN_POINT('Origin',(108.111035259762,149.77725728236,-20.));
#2529=CARTESIAN_POINT('Origin',(11.88896471672,119.77725728236,-20.));
#2530=CARTESIAN_POINT('',(11.88896471672,119.77725728236,-10.));
#2531=CARTESIAN_POINT('Origin',(21.88896471672,134.77725728236,-10.));
#2532=CARTESIAN_POINT('',(31.88896471672,149.77725728236,-10.));
#2533=CARTESIAN_POINT('Origin',(31.88896471672,149.77725728236,-20.));
#2534=CARTESIAN_POINT('Origin',(114.,5.99999999999997,-1.0058629106529E-32));
#2535=CARTESIAN_POINT('',(120.,5.99999999999996,-7.73740700502235E-33));
#2536=CARTESIAN_POINT('',(114.,-2.93098878501041E-14,-1.0058629106529E-32));
#2537=CARTESIAN_POINT('Origin',(120.,5.99999999999997,-7.73740700502235E-33));
#2538=CARTESIAN_POINT('',(120.,205.,-7.73740700502235E-33));
#2539=CARTESIAN_POINT('Origin',(3.,205.,-5.30012379844028E-32));
#2540=CARTESIAN_POINT('',(117.,205.,-8.8980180557757E-33));
#2541=CARTESIAN_POINT('Origin',(117.,205.,-8.89801805577569E-33));
#2542=CARTESIAN_POINT('',(117.,206.000000000001,-8.89801805577569E-33));
#2543=CARTESIAN_POINT('Origin',(113.,206.000000000001,-1.04454994567802E-32));
#2544=CARTESIAN_POINT('',(113.,210.000000000001,-1.04454994567802E-32));
#2545=CARTESIAN_POINT('Origin',(113.,210.000000000001,-1.04454994567802E-32));
#2546=CARTESIAN_POINT('',(30.0000000199169,210.000000000001,-20.));
#2547=CARTESIAN_POINT('',(30.000000020483,210.000000000001,0.));
#2548=CARTESIAN_POINT('',(6.99999999999999,210.000000000001,-5.14537565833984E-32));
#2549=CARTESIAN_POINT('',(89.9999999559985,210.000000000001,-20.));
#2550=CARTESIAN_POINT('',(89.9999999559985,210.000000000001,-20.));
#2551=CARTESIAN_POINT('',(59.9999999882408,210.000000000001,-20.));
#2552=CARTESIAN_POINT('Origin',(7.000000000001,206.,-5.1453756583398E-32));
#2553=CARTESIAN_POINT('',(3.000000000001,206.,-5.30012379844024E-32));
#2554=CARTESIAN_POINT('Origin',(3.000000000001,206.,-5.30012379844024E-32));
#2555=CARTESIAN_POINT('',(3.000000000001,205.,5.));
#2556=CARTESIAN_POINT('Origin',(3.,205.,-5.30012379844028E-32));
#2557=CARTESIAN_POINT('',(0.,205.,-5.41618490351562E-32));
#2558=CARTESIAN_POINT('Origin',(0.,205.,-5.41618490351562E-32));
#2559=CARTESIAN_POINT('',(1.93435175125558E-33,3.00000000000003,5.));
#2560=CARTESIAN_POINT('Origin',(6.,3.,5.));
#2561=CARTESIAN_POINT('',(6.,-3.,5.));
#2562=CARTESIAN_POINT('Origin',(114.,-3.,5.));
#2563=CARTESIAN_POINT('',(114.,-3.,5.));
#2564=CARTESIAN_POINT('Origin',(114.,0.,5.));
#2565=CARTESIAN_POINT('Origin',(89.9999999559986,208.000000000001,-1.93435175295786E-32));
#2566=CARTESIAN_POINT('',(89.9999999559986,208.000000000001,-20.));
#2567=CARTESIAN_POINT('',(89.9999999559986,208.000000000001,-20.));
#2568=CARTESIAN_POINT('',(89.9999999559986,209.000000000002,-20.));
#2569=CARTESIAN_POINT('Origin',(7.,208.,-5.14537565833983E-32));
#2570=CARTESIAN_POINT('',(7.,208.,-20.));
#2571=CARTESIAN_POINT('',(104.799999994311,208.,-15.));
#2572=CARTESIAN_POINT('Origin',(101.999999994311,208.,-15.));
#2573=CARTESIAN_POINT('Origin',(114.,3.,-1.0058629106529E-32));
#2574=CARTESIAN_POINT('Origin',(7.,208.,-5.14537565833983E-32));
#2575=CARTESIAN_POINT('',(30.0000000199169,208.,-20.));
#2576=CARTESIAN_POINT('',(30.000000020483,208.,0.));
#2577=CARTESIAN_POINT('',(7.,208.,-20.));
#2578=CARTESIAN_POINT('',(20.80000000569,208.,-15.));
#2579=CARTESIAN_POINT('Origin',(18.00000000569,208.,-15.));
#2580=CARTESIAN_POINT('Origin',(30.000000020483,208.,-54.));
#2581=CARTESIAN_POINT('',(30.000000020483,209.000000000001,-20.));
#2582=CARTESIAN_POINT('Origin',(18.00000000569,196.,-15.));
#2583=CARTESIAN_POINT('',(20.80000000569,196.,-15.));
#2584=CARTESIAN_POINT('Origin',(18.0000000056902,196.,-15.));
#2585=CARTESIAN_POINT('Origin',(18.0000000056902,196.,-15.));
#2586=CARTESIAN_POINT('Origin',(101.999999994311,196.000000000001,-15.));
#2587=CARTESIAN_POINT('',(104.799999994311,195.999999999487,-15.));
#2588=CARTESIAN_POINT('Origin',(101.999999994313,195.999999999997,-14.9999999999997));
#2589=CARTESIAN_POINT('Origin',(101.999999994313,195.999999999997,-14.9999999999997));
#2590=CARTESIAN_POINT('Origin',(101.999999994311,208.000000000001,-15.));
#2591=CARTESIAN_POINT('',(104.799999994311,208.000000000001,-15.));
#2592=CARTESIAN_POINT('Origin',(18.00000000569,208.,-15.));
#2593=CARTESIAN_POINT('',(20.80000000569,208.,-15.));
#2594=CARTESIAN_POINT('Origin',(60.,104.,-20.));
#2595=UNCERTAINTY_MEASURE_WITH_UNIT(LENGTH_MEASURE(0.01),#2599,
'DISTANCE_ACCURACY_VALUE',
'Maximum model space distance between geometric entities at asserted c
onnectivities');
#2596=UNCERTAINTY_MEASURE_WITH_UNIT(LENGTH_MEASURE(0.01),#2599,
'DISTANCE_ACCURACY_VALUE',
'Maximum model space distance between geometric entities at asserted c
onnectivities');
#2597=(
GEOMETRIC_REPRESENTATION_CONTEXT(3)
GLOBAL_UNCERTAINTY_ASSIGNED_CONTEXT((#2595))
GLOBAL_UNIT_ASSIGNED_CONTEXT((#2599,#2601,#2602))
REPRESENTATION_CONTEXT('','3D')
);
#2598=(
GEOMETRIC_REPRESENTATION_CONTEXT(3)
GLOBAL_UNCERTAINTY_ASSIGNED_CONTEXT((#2596))
GLOBAL_UNIT_ASSIGNED_CONTEXT((#2599,#2601,#2602))
REPRESENTATION_CONTEXT('','3D')
);
#2599=(
LENGTH_UNIT()
NAMED_UNIT(*)
SI_UNIT(.MILLI.,.METRE.)
);
#2600=(
LENGTH_UNIT()
NAMED_UNIT(*)
SI_UNIT(.CENTI.,.METRE.)
);
#2601=(
NAMED_UNIT(*)
PLANE_ANGLE_UNIT()
SI_UNIT($,.RADIAN.)
);
#2602=(
NAMED_UNIT(*)
SI_UNIT($,.STERADIAN.)
SOLID_ANGLE_UNIT()
);
#2603=SHAPE_DEFINITION_REPRESENTATION(#2604,#2605);
#2604=PRODUCT_DEFINITION_SHAPE('',$,#2607);
#2605=SHAPE_REPRESENTATION('',(#1569),#2597);
#2606=PRODUCT_DEFINITION_CONTEXT('part definition',#2611,'design');
#2607=PRODUCT_DEFINITION('Endstueck_Harting_new',
'Endstueck_Harting_new',#2608,#2606);
#2608=PRODUCT_DEFINITION_FORMATION('',$,#2613);
#2609=PRODUCT_RELATED_PRODUCT_CATEGORY('Endstueck_Harting_new',
'Endstueck_Harting_new',(#2613));
#2610=APPLICATION_PROTOCOL_DEFINITION('international standard',
'automotive_design',2009,#2611);
#2611=APPLICATION_CONTEXT(
'Core Data for Automotive Mechanical Design Process');
#2612=PRODUCT_CONTEXT('part definition',#2611,'mechanical');
#2613=PRODUCT('Endstueck_Harting_new','Endstueck_Harting_new',$,(#2612));
#2614=PRESENTATION_STYLE_ASSIGNMENT((#2616));
#2615=PRESENTATION_STYLE_ASSIGNMENT((#2617));
#2616=SURFACE_STYLE_USAGE(.BOTH.,#2622);
#2617=SURFACE_STYLE_USAGE(.BOTH.,#2623);
#2618=SURFACE_STYLE_RENDERING_WITH_PROPERTIES($,#2630,(#2620));
#2619=SURFACE_STYLE_RENDERING_WITH_PROPERTIES($,#2631,(#2621));
#2620=SURFACE_STYLE_TRANSPARENT(0.);
#2621=SURFACE_STYLE_TRANSPARENT(0.);
#2622=SURFACE_SIDE_STYLE('',(#2624,#2618));
#2623=SURFACE_SIDE_STYLE('',(#2625,#2619));
#2624=SURFACE_STYLE_FILL_AREA(#2626);
#2625=SURFACE_STYLE_FILL_AREA(#2627);
#2626=FILL_AREA_STYLE('',(#2628));
#2627=FILL_AREA_STYLE('',(#2629));
#2628=FILL_AREA_STYLE_COLOUR('',#2630);
#2629=FILL_AREA_STYLE_COLOUR('',#2631);
#2630=COLOUR_RGB('',0.749019607843137,0.749019607843137,0.749019607843137);
#2631=COLOUR_RGB('',0.,1.,1.);
ENDSEC;
END-ISO-10303-21;
