ISO-10303-21;
HEADER;
/* Generated by software containing ST-Developer
 * from STEP Tools, Inc. (www.steptools.com) 
 */

FILE_DESCRIPTION(
/* description */ (''),
/* implementation_level */ '2;1');

FILE_NAME(
/* name */ 'Kameraturm_Base.stp',
/* time_stamp */ '2026-03-07T11:06:55+01:00',
/* author */ ('neume'),
/* organization */ (''),
/* preprocessor_version */ 'ST-DEVELOPER v20.1',
/* originating_system */ 'Autodesk Inventor 2026',
/* authorisation */ '');

FILE_SCHEMA (('AUTOMOTIVE_DESIGN { 1 0 10303 214 3 1 1 }'));
ENDSEC;

DATA;
#10=MECHANICAL_DESIGN_GEOMETRIC_PRESENTATION_REPRESENTATION('',(#83,#84,
#85,#86),#4741);
#11=SHAPE_REPRESENTATION_RELATIONSHIP('SRR','None',#4748,#12);
#12=ADVANCED_BREP_SHAPE_REPRESENTATION('',(#87,#88,#89,#90),#4740);
#13=B_SPLINE_CURVE_WITH_KNOTS('',3,(#4318,#4319,#4320,#4321,#4322,#4323,
#4324,#4325,#4326,#4327,#4328,#4329,#4330,#4331,#4332,#4333,#4334,#4335,
#4336,#4337,#4338,#4339,#4340,#4341,#4342,#4343,#4344,#4345,#4346,#4347),
 .UNSPECIFIED.,.F.,.F.,(4,2,2,2,2,2,2,2,2,2,2,2,2,2,4),(-2.47575463389702,
-2.36259597921776,-2.29453154808539,-2.22646711695302,-2.1647601030346,
-2.10305308911618,-2.04071527551223,-1.97837746190829,-1.91603964830434,
-1.85370183470039,-1.79199482078197,-1.73028780686355,-1.66222337573118,
-1.59415894459882,-1.48100028994154),.UNSPECIFIED.);
#14=ELLIPSE('',#2974,5.75875553672126,5.00000000274394);
#15=ELLIPSE('',#2994,7.15465266461218,7.);
#16=ELLIPSE('',#2996,7.07138958191929,7.);
#17=ELLIPSE('',#3075,5.11046618900559,4.99999999999685);
#18=ELLIPSE('',#3103,5.05099255851378,5.);
#19=FACE_BOUND('',#265,.T.);
#20=FACE_BOUND('',#267,.T.);
#21=FACE_BOUND('',#295,.T.);
#22=FACE_BOUND('',#296,.T.);
#23=FACE_BOUND('',#297,.T.);
#24=FACE_BOUND('',#324,.T.);
#25=FACE_BOUND('',#329,.T.);
#26=FACE_BOUND('',#330,.T.);
#27=FACE_BOUND('',#365,.T.);
#28=FACE_BOUND('',#370,.T.);
#29=FACE_BOUND('',#375,.T.);
#30=FACE_BOUND('',#376,.T.);
#31=FACE_BOUND('',#377,.T.);
#32=FACE_BOUND('',#391,.T.);
#33=FACE_BOUND('',#396,.T.);
#34=FACE_BOUND('',#397,.T.);
#35=CYLINDRICAL_SURFACE('',#2959,2.);
#36=CYLINDRICAL_SURFACE('',#2993,7.);
#37=CYLINDRICAL_SURFACE('',#2998,3.2);
#38=CYLINDRICAL_SURFACE('',#3014,2.);
#39=CYLINDRICAL_SURFACE('',#3016,2.);
#40=CYLINDRICAL_SURFACE('',#3019,2.);
#41=CYLINDRICAL_SURFACE('',#3029,7.05);
#42=CYLINDRICAL_SURFACE('',#3032,7.05);
#43=CYLINDRICAL_SURFACE('',#3035,7.05);
#44=CYLINDRICAL_SURFACE('',#3041,3.2);
#45=CYLINDRICAL_SURFACE('',#3047,3.2);
#46=CYLINDRICAL_SURFACE('',#3050,3.2);
#47=CYLINDRICAL_SURFACE('',#3091,5.);
#48=CYLINDRICAL_SURFACE('',#3102,5.);
#49=CYLINDRICAL_SURFACE('',#3119,2.);
#50=CIRCLE('',#2958,2.);
#51=CIRCLE('',#2960,2.);
#52=CIRCLE('',#2961,2.);
#53=CIRCLE('',#2964,5.0000000000003);
#54=CIRCLE('',#2985,6.99999999999997);
#55=CIRCLE('',#2988,4.99999999999901);
#56=CIRCLE('',#2995,7.00000000000001);
#57=CIRCLE('',#2999,3.2);
#58=CIRCLE('',#3000,3.19999999999996);
#59=CIRCLE('',#3001,3.20000000000178);
#60=CIRCLE('',#3002,3.19999999999996);
#61=CIRCLE('',#3006,2.00000000000003);
#62=CIRCLE('',#3007,2.00000000000003);
#63=CIRCLE('',#3008,2.00000000000003);
#64=CIRCLE('',#3015,2.);
#65=CIRCLE('',#3017,2.00000000000024);
#66=CIRCLE('',#3018,2.00000000000024);
#67=CIRCLE('',#3020,2.);
#68=CIRCLE('',#3030,7.04999999999996);
#69=CIRCLE('',#3031,7.04999999999996);
#70=CIRCLE('',#3033,7.05000000000001);
#71=CIRCLE('',#3034,7.05000000000001);
#72=CIRCLE('',#3036,7.05000000000001);
#73=CIRCLE('',#3037,7.05000000000001);
#74=CIRCLE('',#3042,3.2);
#75=CIRCLE('',#3043,3.19999999999999);
#76=CIRCLE('',#3046,3.2);
#77=CIRCLE('',#3048,3.19999999999999);
#78=CIRCLE('',#3051,3.20000000000005);
#79=CIRCLE('',#3052,3.20000000000005);
#80=CIRCLE('',#3090,4.99999999999996);
#81=CIRCLE('',#3092,5.);
#82=CIRCLE('',#3118,2.);
#83=STYLED_ITEM('',(#4758),#87);
#84=STYLED_ITEM('',(#4758),#88);
#85=STYLED_ITEM('',(#4758),#89);
#86=STYLED_ITEM('',(#4758),#90);
#87=MANIFOLD_SOLID_BREP('Volumenk\X\F6rper1',#2917);
#88=MANIFOLD_SOLID_BREP('Volumenk\X\F6rper2',#2918);
#89=MANIFOLD_SOLID_BREP('Volumenk\X\F6rper3',#2919);
#90=MANIFOLD_SOLID_BREP('Volumenk\X\F6rper4',#2920);
#91=FACE_OUTER_BOUND('',#244,.T.);
#92=FACE_OUTER_BOUND('',#245,.T.);
#93=FACE_OUTER_BOUND('',#246,.T.);
#94=FACE_OUTER_BOUND('',#247,.T.);
#95=FACE_OUTER_BOUND('',#248,.T.);
#96=FACE_OUTER_BOUND('',#249,.T.);
#97=FACE_OUTER_BOUND('',#250,.T.);
#98=FACE_OUTER_BOUND('',#251,.T.);
#99=FACE_OUTER_BOUND('',#252,.T.);
#100=FACE_OUTER_BOUND('',#253,.T.);
#101=FACE_OUTER_BOUND('',#254,.T.);
#102=FACE_OUTER_BOUND('',#255,.T.);
#103=FACE_OUTER_BOUND('',#256,.T.);
#104=FACE_OUTER_BOUND('',#257,.T.);
#105=FACE_OUTER_BOUND('',#258,.T.);
#106=FACE_OUTER_BOUND('',#259,.T.);
#107=FACE_OUTER_BOUND('',#260,.T.);
#108=FACE_OUTER_BOUND('',#261,.T.);
#109=FACE_OUTER_BOUND('',#262,.T.);
#110=FACE_OUTER_BOUND('',#263,.T.);
#111=FACE_OUTER_BOUND('',#264,.T.);
#112=FACE_OUTER_BOUND('',#266,.T.);
#113=FACE_OUTER_BOUND('',#268,.T.);
#114=FACE_OUTER_BOUND('',#269,.T.);
#115=FACE_OUTER_BOUND('',#270,.T.);
#116=FACE_OUTER_BOUND('',#271,.T.);
#117=FACE_OUTER_BOUND('',#272,.T.);
#118=FACE_OUTER_BOUND('',#273,.T.);
#119=FACE_OUTER_BOUND('',#274,.T.);
#120=FACE_OUTER_BOUND('',#275,.T.);
#121=FACE_OUTER_BOUND('',#276,.T.);
#122=FACE_OUTER_BOUND('',#277,.T.);
#123=FACE_OUTER_BOUND('',#278,.T.);
#124=FACE_OUTER_BOUND('',#279,.T.);
#125=FACE_OUTER_BOUND('',#280,.T.);
#126=FACE_OUTER_BOUND('',#281,.T.);
#127=FACE_OUTER_BOUND('',#282,.T.);
#128=FACE_OUTER_BOUND('',#283,.T.);
#129=FACE_OUTER_BOUND('',#284,.T.);
#130=FACE_OUTER_BOUND('',#285,.T.);
#131=FACE_OUTER_BOUND('',#286,.T.);
#132=FACE_OUTER_BOUND('',#287,.T.);
#133=FACE_OUTER_BOUND('',#288,.T.);
#134=FACE_OUTER_BOUND('',#289,.T.);
#135=FACE_OUTER_BOUND('',#290,.T.);
#136=FACE_OUTER_BOUND('',#291,.T.);
#137=FACE_OUTER_BOUND('',#292,.T.);
#138=FACE_OUTER_BOUND('',#293,.T.);
#139=FACE_OUTER_BOUND('',#294,.T.);
#140=FACE_OUTER_BOUND('',#298,.T.);
#141=FACE_OUTER_BOUND('',#299,.T.);
#142=FACE_OUTER_BOUND('',#300,.T.);
#143=FACE_OUTER_BOUND('',#301,.T.);
#144=FACE_OUTER_BOUND('',#302,.T.);
#145=FACE_OUTER_BOUND('',#303,.T.);
#146=FACE_OUTER_BOUND('',#304,.T.);
#147=FACE_OUTER_BOUND('',#305,.T.);
#148=FACE_OUTER_BOUND('',#306,.T.);
#149=FACE_OUTER_BOUND('',#307,.T.);
#150=FACE_OUTER_BOUND('',#308,.T.);
#151=FACE_OUTER_BOUND('',#309,.T.);
#152=FACE_OUTER_BOUND('',#310,.T.);
#153=FACE_OUTER_BOUND('',#311,.T.);
#154=FACE_OUTER_BOUND('',#312,.T.);
#155=FACE_OUTER_BOUND('',#313,.T.);
#156=FACE_OUTER_BOUND('',#314,.T.);
#157=FACE_OUTER_BOUND('',#315,.T.);
#158=FACE_OUTER_BOUND('',#316,.T.);
#159=FACE_OUTER_BOUND('',#317,.T.);
#160=FACE_OUTER_BOUND('',#318,.T.);
#161=FACE_OUTER_BOUND('',#319,.T.);
#162=FACE_OUTER_BOUND('',#320,.T.);
#163=FACE_OUTER_BOUND('',#321,.T.);
#164=FACE_OUTER_BOUND('',#322,.T.);
#165=FACE_OUTER_BOUND('',#323,.T.);
#166=FACE_OUTER_BOUND('',#325,.T.);
#167=FACE_OUTER_BOUND('',#326,.T.);
#168=FACE_OUTER_BOUND('',#327,.T.);
#169=FACE_OUTER_BOUND('',#328,.T.);
#170=FACE_OUTER_BOUND('',#331,.T.);
#171=FACE_OUTER_BOUND('',#332,.T.);
#172=FACE_OUTER_BOUND('',#333,.T.);
#173=FACE_OUTER_BOUND('',#334,.T.);
#174=FACE_OUTER_BOUND('',#335,.T.);
#175=FACE_OUTER_BOUND('',#336,.T.);
#176=FACE_OUTER_BOUND('',#337,.T.);
#177=FACE_OUTER_BOUND('',#338,.T.);
#178=FACE_OUTER_BOUND('',#339,.T.);
#179=FACE_OUTER_BOUND('',#340,.T.);
#180=FACE_OUTER_BOUND('',#341,.T.);
#181=FACE_OUTER_BOUND('',#342,.T.);
#182=FACE_OUTER_BOUND('',#343,.T.);
#183=FACE_OUTER_BOUND('',#344,.T.);
#184=FACE_OUTER_BOUND('',#345,.T.);
#185=FACE_OUTER_BOUND('',#346,.T.);
#186=FACE_OUTER_BOUND('',#347,.T.);
#187=FACE_OUTER_BOUND('',#348,.T.);
#188=FACE_OUTER_BOUND('',#349,.T.);
#189=FACE_OUTER_BOUND('',#350,.T.);
#190=FACE_OUTER_BOUND('',#351,.T.);
#191=FACE_OUTER_BOUND('',#352,.T.);
#192=FACE_OUTER_BOUND('',#353,.T.);
#193=FACE_OUTER_BOUND('',#354,.T.);
#194=FACE_OUTER_BOUND('',#355,.T.);
#195=FACE_OUTER_BOUND('',#356,.T.);
#196=FACE_OUTER_BOUND('',#357,.T.);
#197=FACE_OUTER_BOUND('',#358,.T.);
#198=FACE_OUTER_BOUND('',#359,.T.);
#199=FACE_OUTER_BOUND('',#360,.T.);
#200=FACE_OUTER_BOUND('',#361,.T.);
#201=FACE_OUTER_BOUND('',#362,.T.);
#202=FACE_OUTER_BOUND('',#363,.T.);
#203=FACE_OUTER_BOUND('',#364,.T.);
#204=FACE_OUTER_BOUND('',#366,.T.);
#205=FACE_OUTER_BOUND('',#367,.T.);
#206=FACE_OUTER_BOUND('',#368,.T.);
#207=FACE_OUTER_BOUND('',#369,.T.);
#208=FACE_OUTER_BOUND('',#371,.T.);
#209=FACE_OUTER_BOUND('',#372,.T.);
#210=FACE_OUTER_BOUND('',#373,.T.);
#211=FACE_OUTER_BOUND('',#374,.T.);
#212=FACE_OUTER_BOUND('',#378,.T.);
#213=FACE_OUTER_BOUND('',#379,.T.);
#214=FACE_OUTER_BOUND('',#380,.T.);
#215=FACE_OUTER_BOUND('',#381,.T.);
#216=FACE_OUTER_BOUND('',#382,.T.);
#217=FACE_OUTER_BOUND('',#383,.T.);
#218=FACE_OUTER_BOUND('',#384,.T.);
#219=FACE_OUTER_BOUND('',#385,.T.);
#220=FACE_OUTER_BOUND('',#386,.T.);
#221=FACE_OUTER_BOUND('',#387,.T.);
#222=FACE_OUTER_BOUND('',#388,.T.);
#223=FACE_OUTER_BOUND('',#389,.T.);
#224=FACE_OUTER_BOUND('',#390,.T.);
#225=FACE_OUTER_BOUND('',#392,.T.);
#226=FACE_OUTER_BOUND('',#393,.T.);
#227=FACE_OUTER_BOUND('',#394,.T.);
#228=FACE_OUTER_BOUND('',#395,.T.);
#229=FACE_OUTER_BOUND('',#398,.T.);
#230=FACE_OUTER_BOUND('',#399,.T.);
#231=FACE_OUTER_BOUND('',#400,.T.);
#232=FACE_OUTER_BOUND('',#401,.T.);
#233=FACE_OUTER_BOUND('',#402,.T.);
#234=FACE_OUTER_BOUND('',#403,.T.);
#235=FACE_OUTER_BOUND('',#404,.T.);
#236=FACE_OUTER_BOUND('',#405,.T.);
#237=FACE_OUTER_BOUND('',#406,.T.);
#238=FACE_OUTER_BOUND('',#407,.T.);
#239=FACE_OUTER_BOUND('',#408,.T.);
#240=FACE_OUTER_BOUND('',#409,.T.);
#241=FACE_OUTER_BOUND('',#410,.T.);
#242=FACE_OUTER_BOUND('',#411,.T.);
#243=FACE_OUTER_BOUND('',#412,.T.);
#244=EDGE_LOOP('',(#1816,#1817,#1818,#1819));
#245=EDGE_LOOP('',(#1820,#1821,#1822,#1823));
#246=EDGE_LOOP('',(#1824,#1825,#1826,#1827));
#247=EDGE_LOOP('',(#1828,#1829,#1830,#1831));
#248=EDGE_LOOP('',(#1832,#1833,#1834,#1835));
#249=EDGE_LOOP('',(#1836,#1837,#1838,#1839));
#250=EDGE_LOOP('',(#1840,#1841,#1842,#1843,#1844,#1845));
#251=EDGE_LOOP('',(#1846,#1847,#1848,#1849,#1850,#1851));
#252=EDGE_LOOP('',(#1852,#1853,#1854,#1855));
#253=EDGE_LOOP('',(#1856,#1857,#1858,#1859));
#254=EDGE_LOOP('',(#1860,#1861,#1862,#1863));
#255=EDGE_LOOP('',(#1864,#1865,#1866,#1867));
#256=EDGE_LOOP('',(#1868,#1869,#1870,#1871));
#257=EDGE_LOOP('',(#1872,#1873,#1874,#1875));
#258=EDGE_LOOP('',(#1876));
#259=EDGE_LOOP('',(#1877,#1878,#1879,#1880));
#260=EDGE_LOOP('',(#1881));
#261=EDGE_LOOP('',(#1882,#1883,#1884,#1885,#1886,#1887,#1888,#1889,#1890,
#1891,#1892,#1893,#1894,#1895,#1896,#1897,#1898,#1899,#1900,#1901,#1902));
#262=EDGE_LOOP('',(#1903,#1904,#1905,#1906,#1907,#1908,#1909,#1910,#1911,
#1912));
#263=EDGE_LOOP('',(#1913,#1914,#1915,#1916,#1917,#1918,#1919,#1920));
#264=EDGE_LOOP('',(#1921,#1922,#1923,#1924,#1925,#1926));
#265=EDGE_LOOP('',(#1927,#1928,#1929,#1930));
#266=EDGE_LOOP('',(#1931,#1932,#1933,#1934,#1935,#1936));
#267=EDGE_LOOP('',(#1937,#1938,#1939,#1940));
#268=EDGE_LOOP('',(#1941,#1942,#1943,#1944));
#269=EDGE_LOOP('',(#1945,#1946,#1947,#1948,#1949,#1950,#1951,#1952));
#270=EDGE_LOOP('',(#1953,#1954,#1955,#1956,#1957,#1958,#1959,#1960));
#271=EDGE_LOOP('',(#1961,#1962,#1963,#1964,#1965,#1966,#1967,#1968,#1969,
#1970,#1971,#1972));
#272=EDGE_LOOP('',(#1973,#1974,#1975,#1976,#1977));
#273=EDGE_LOOP('',(#1978,#1979,#1980,#1981));
#274=EDGE_LOOP('',(#1982,#1983,#1984,#1985));
#275=EDGE_LOOP('',(#1986,#1987,#1988,#1989));
#276=EDGE_LOOP('',(#1990,#1991,#1992,#1993,#1994,#1995,#1996,#1997,#1998,
#1999,#2000,#2001,#2002,#2003));
#277=EDGE_LOOP('',(#2004,#2005,#2006,#2007));
#278=EDGE_LOOP('',(#2008,#2009,#2010,#2011));
#279=EDGE_LOOP('',(#2012,#2013,#2014,#2015));
#280=EDGE_LOOP('',(#2016,#2017,#2018,#2019));
#281=EDGE_LOOP('',(#2020,#2021,#2022,#2023));
#282=EDGE_LOOP('',(#2024,#2025,#2026,#2027,#2028));
#283=EDGE_LOOP('',(#2029,#2030,#2031,#2032,#2033));
#284=EDGE_LOOP('',(#2034,#2035,#2036,#2037,#2038));
#285=EDGE_LOOP('',(#2039,#2040,#2041,#2042));
#286=EDGE_LOOP('',(#2043,#2044,#2045,#2046));
#287=EDGE_LOOP('',(#2047,#2048,#2049,#2050,#2051,#2052,#2053,#2054,#2055,
#2056));
#288=EDGE_LOOP('',(#2057,#2058,#2059,#2060));
#289=EDGE_LOOP('',(#2061,#2062,#2063,#2064,#2065,#2066));
#290=EDGE_LOOP('',(#2067,#2068,#2069,#2070));
#291=EDGE_LOOP('',(#2071,#2072,#2073,#2074,#2075,#2076,#2077,#2078));
#292=EDGE_LOOP('',(#2079,#2080));
#293=EDGE_LOOP('',(#2081,#2082,#2083,#2084));
#294=EDGE_LOOP('',(#2085,#2086,#2087,#2088,#2089,#2090,#2091,#2092));
#295=EDGE_LOOP('',(#2093));
#296=EDGE_LOOP('',(#2094));
#297=EDGE_LOOP('',(#2095));
#298=EDGE_LOOP('',(#2096,#2097,#2098,#2099,#2100,#2101,#2102,#2103));
#299=EDGE_LOOP('',(#2104,#2105,#2106,#2107));
#300=EDGE_LOOP('',(#2108,#2109,#2110,#2111));
#301=EDGE_LOOP('',(#2112,#2113,#2114,#2115,#2116,#2117,#2118,#2119));
#302=EDGE_LOOP('',(#2120,#2121,#2122,#2123));
#303=EDGE_LOOP('',(#2124,#2125,#2126,#2127));
#304=EDGE_LOOP('',(#2128,#2129,#2130,#2131,#2132,#2133));
#305=EDGE_LOOP('',(#2134,#2135,#2136,#2137));
#306=EDGE_LOOP('',(#2138,#2139,#2140,#2141));
#307=EDGE_LOOP('',(#2142,#2143,#2144,#2145));
#308=EDGE_LOOP('',(#2146,#2147,#2148,#2149));
#309=EDGE_LOOP('',(#2150,#2151,#2152,#2153,#2154,#2155,#2156,#2157));
#310=EDGE_LOOP('',(#2158,#2159,#2160,#2161));
#311=EDGE_LOOP('',(#2162,#2163,#2164,#2165,#2166,#2167,#2168,#2169));
#312=EDGE_LOOP('',(#2170,#2171,#2172,#2173));
#313=EDGE_LOOP('',(#2174,#2175,#2176,#2177));
#314=EDGE_LOOP('',(#2178,#2179,#2180,#2181));
#315=EDGE_LOOP('',(#2182,#2183,#2184,#2185));
#316=EDGE_LOOP('',(#2186,#2187,#2188,#2189));
#317=EDGE_LOOP('',(#2190));
#318=EDGE_LOOP('',(#2191));
#319=EDGE_LOOP('',(#2192));
#320=EDGE_LOOP('',(#2193,#2194,#2195,#2196));
#321=EDGE_LOOP('',(#2197));
#322=EDGE_LOOP('',(#2198));
#323=EDGE_LOOP('',(#2199,#2200,#2201,#2202));
#324=EDGE_LOOP('',(#2203,#2204));
#325=EDGE_LOOP('',(#2205,#2206,#2207,#2208));
#326=EDGE_LOOP('',(#2209,#2210,#2211,#2212));
#327=EDGE_LOOP('',(#2213));
#328=EDGE_LOOP('',(#2214,#2215,#2216,#2217));
#329=EDGE_LOOP('',(#2218));
#330=EDGE_LOOP('',(#2219));
#331=EDGE_LOOP('',(#2220,#2221,#2222,#2223));
#332=EDGE_LOOP('',(#2224,#2225,#2226,#2227));
#333=EDGE_LOOP('',(#2228,#2229,#2230,#2231));
#334=EDGE_LOOP('',(#2232,#2233,#2234,#2235));
#335=EDGE_LOOP('',(#2236,#2237,#2238,#2239));
#336=EDGE_LOOP('',(#2240,#2241,#2242,#2243));
#337=EDGE_LOOP('',(#2244,#2245,#2246,#2247));
#338=EDGE_LOOP('',(#2248,#2249,#2250,#2251,#2252,#2253,#2254,#2255));
#339=EDGE_LOOP('',(#2256));
#340=EDGE_LOOP('',(#2257,#2258,#2259));
#341=EDGE_LOOP('',(#2260));
#342=EDGE_LOOP('',(#2261,#2262,#2263,#2264));
#343=EDGE_LOOP('',(#2265,#2266,#2267,#2268,#2269,#2270));
#344=EDGE_LOOP('',(#2271,#2272,#2273,#2274));
#345=EDGE_LOOP('',(#2275,#2276,#2277,#2278,#2279,#2280));
#346=EDGE_LOOP('',(#2281,#2282,#2283,#2284,#2285));
#347=EDGE_LOOP('',(#2286,#2287,#2288,#2289));
#348=EDGE_LOOP('',(#2290,#2291,#2292,#2293,#2294,#2295));
#349=EDGE_LOOP('',(#2296,#2297,#2298,#2299));
#350=EDGE_LOOP('',(#2300,#2301,#2302,#2303,#2304,#2305,#2306));
#351=EDGE_LOOP('',(#2307,#2308,#2309,#2310));
#352=EDGE_LOOP('',(#2311,#2312,#2313,#2314));
#353=EDGE_LOOP('',(#2315,#2316,#2317,#2318));
#354=EDGE_LOOP('',(#2319,#2320,#2321,#2322));
#355=EDGE_LOOP('',(#2323,#2324,#2325,#2326));
#356=EDGE_LOOP('',(#2327,#2328,#2329));
#357=EDGE_LOOP('',(#2330,#2331,#2332,#2333,#2334,#2335,#2336,#2337,#2338,
#2339,#2340,#2341));
#358=EDGE_LOOP('',(#2342,#2343,#2344,#2345));
#359=EDGE_LOOP('',(#2346,#2347,#2348,#2349,#2350,#2351,#2352,#2353));
#360=EDGE_LOOP('',(#2354,#2355,#2356,#2357));
#361=EDGE_LOOP('',(#2358,#2359,#2360,#2361));
#362=EDGE_LOOP('',(#2362,#2363,#2364,#2365));
#363=EDGE_LOOP('',(#2366,#2367,#2368,#2369,#2370,#2371));
#364=EDGE_LOOP('',(#2372,#2373,#2374,#2375,#2376,#2377,#2378));
#365=EDGE_LOOP('',(#2379));
#366=EDGE_LOOP('',(#2380,#2381,#2382,#2383));
#367=EDGE_LOOP('',(#2384,#2385,#2386,#2387,#2388,#2389,#2390,#2391));
#368=EDGE_LOOP('',(#2392,#2393,#2394,#2395));
#369=EDGE_LOOP('',(#2396,#2397,#2398,#2399));
#370=EDGE_LOOP('',(#2400));
#371=EDGE_LOOP('',(#2401,#2402,#2403,#2404));
#372=EDGE_LOOP('',(#2405,#2406,#2407,#2408));
#373=EDGE_LOOP('',(#2409,#2410,#2411,#2412));
#374=EDGE_LOOP('',(#2413,#2414,#2415,#2416,#2417,#2418,#2419,#2420,#2421,
#2422,#2423,#2424,#2425,#2426,#2427,#2428,#2429,#2430,#2431,#2432,#2433,
#2434,#2435,#2436));
#375=EDGE_LOOP('',(#2437));
#376=EDGE_LOOP('',(#2438));
#377=EDGE_LOOP('',(#2439));
#378=EDGE_LOOP('',(#2440,#2441,#2442,#2443,#2444,#2445));
#379=EDGE_LOOP('',(#2446,#2447,#2448,#2449,#2450,#2451,#2452,#2453,#2454,
#2455));
#380=EDGE_LOOP('',(#2456,#2457,#2458,#2459,#2460,#2461,#2462,#2463));
#381=EDGE_LOOP('',(#2464,#2465,#2466,#2467,#2468,#2469,#2470,#2471,#2472));
#382=EDGE_LOOP('',(#2473,#2474,#2475,#2476,#2477,#2478,#2479,#2480,#2481,
#2482,#2483,#2484,#2485,#2486,#2487));
#383=EDGE_LOOP('',(#2488,#2489,#2490,#2491));
#384=EDGE_LOOP('',(#2492,#2493,#2494,#2495));
#385=EDGE_LOOP('',(#2496,#2497,#2498,#2499));
#386=EDGE_LOOP('',(#2500,#2501,#2502,#2503));
#387=EDGE_LOOP('',(#2504,#2505,#2506,#2507));
#388=EDGE_LOOP('',(#2508,#2509,#2510,#2511));
#389=EDGE_LOOP('',(#2512,#2513,#2514,#2515,#2516,#2517,#2518,#2519,#2520,
#2521));
#390=EDGE_LOOP('',(#2522,#2523,#2524,#2525,#2526));
#391=EDGE_LOOP('',(#2527,#2528,#2529,#2530));
#392=EDGE_LOOP('',(#2531,#2532,#2533,#2534));
#393=EDGE_LOOP('',(#2535,#2536,#2537,#2538,#2539));
#394=EDGE_LOOP('',(#2540,#2541,#2542,#2543));
#395=EDGE_LOOP('',(#2544,#2545,#2546,#2547));
#396=EDGE_LOOP('',(#2548));
#397=EDGE_LOOP('',(#2549));
#398=EDGE_LOOP('',(#2550,#2551,#2552,#2553));
#399=EDGE_LOOP('',(#2554,#2555,#2556,#2557,#2558,#2559,#2560,#2561));
#400=EDGE_LOOP('',(#2562,#2563,#2564,#2565));
#401=EDGE_LOOP('',(#2566,#2567,#2568,#2569));
#402=EDGE_LOOP('',(#2570,#2571,#2572,#2573));
#403=EDGE_LOOP('',(#2574,#2575,#2576,#2577,#2578,#2579,#2580,#2581));
#404=EDGE_LOOP('',(#2582,#2583,#2584,#2585,#2586,#2587,#2588,#2589,#2590,
#2591,#2592,#2593));
#405=EDGE_LOOP('',(#2594,#2595,#2596,#2597));
#406=EDGE_LOOP('',(#2598,#2599,#2600,#2601));
#407=EDGE_LOOP('',(#2602,#2603,#2604,#2605));
#408=EDGE_LOOP('',(#2606,#2607,#2608,#2609));
#409=EDGE_LOOP('',(#2610,#2611,#2612,#2613));
#410=EDGE_LOOP('',(#2614,#2615,#2616,#2617));
#411=EDGE_LOOP('',(#2618,#2619,#2620,#2621));
#412=EDGE_LOOP('',(#2622,#2623,#2624,#2625));
#413=LINE('',#3888,#779);
#414=LINE('',#3890,#780);
#415=LINE('',#3892,#781);
#416=LINE('',#3893,#782);
#417=LINE('',#3897,#783);
#418=LINE('',#3898,#784);
#419=LINE('',#3899,#785);
#420=LINE('',#3903,#786);
#421=LINE('',#3904,#787);
#422=LINE('',#3905,#788);
#423=LINE('',#3908,#789);
#424=LINE('',#3910,#790);
#425=LINE('',#3911,#791);
#426=LINE('',#3914,#792);
#427=LINE('',#3916,#793);
#428=LINE('',#3917,#794);
#429=LINE('',#3919,#795);
#430=LINE('',#3920,#796);
#431=LINE('',#3926,#797);
#432=LINE('',#3928,#798);
#433=LINE('',#3930,#799);
#434=LINE('',#3931,#800);
#435=LINE('',#3934,#801);
#436=LINE('',#3936,#802);
#437=LINE('',#3937,#803);
#438=LINE('',#3940,#804);
#439=LINE('',#3942,#805);
#440=LINE('',#3943,#806);
#441=LINE('',#3945,#807);
#442=LINE('',#3946,#808);
#443=LINE('',#3956,#809);
#444=LINE('',#3962,#810);
#445=LINE('',#3964,#811);
#446=LINE('',#3966,#812);
#447=LINE('',#3968,#813);
#448=LINE('',#3970,#814);
#449=LINE('',#3972,#815);
#450=LINE('',#3974,#816);
#451=LINE('',#3976,#817);
#452=LINE('',#3978,#818);
#453=LINE('',#3980,#819);
#454=LINE('',#3982,#820);
#455=LINE('',#3984,#821);
#456=LINE('',#3986,#822);
#457=LINE('',#3988,#823);
#458=LINE('',#3990,#824);
#459=LINE('',#3992,#825);
#460=LINE('',#3994,#826);
#461=LINE('',#3996,#827);
#462=LINE('',#4000,#828);
#463=LINE('',#4001,#829);
#464=LINE('',#4004,#830);
#465=LINE('',#4006,#831);
#466=LINE('',#4008,#832);
#467=LINE('',#4010,#833);
#468=LINE('',#4012,#834);
#469=LINE('',#4014,#835);
#470=LINE('',#4016,#836);
#471=LINE('',#4018,#837);
#472=LINE('',#4019,#838);
#473=LINE('',#4022,#839);
#474=LINE('',#4024,#840);
#475=LINE('',#4026,#841);
#476=LINE('',#4028,#842);
#477=LINE('',#4030,#843);
#478=LINE('',#4031,#844);
#479=LINE('',#4034,#845);
#480=LINE('',#4036,#846);
#481=LINE('',#4038,#847);
#482=LINE('',#4040,#848);
#483=LINE('',#4041,#849);
#484=LINE('',#4044,#850);
#485=LINE('',#4046,#851);
#486=LINE('',#4048,#852);
#487=LINE('',#4049,#853);
#488=LINE('',#4053,#854);
#489=LINE('',#4054,#855);
#490=LINE('',#4056,#856);
#491=LINE('',#4057,#857);
#492=LINE('',#4060,#858);
#493=LINE('',#4062,#859);
#494=LINE('',#4064,#860);
#495=LINE('',#4065,#861);
#496=LINE('',#4068,#862);
#497=LINE('',#4069,#863);
#498=LINE('',#4072,#864);
#499=LINE('',#4074,#865);
#500=LINE('',#4076,#866);
#501=LINE('',#4078,#867);
#502=LINE('',#4080,#868);
#503=LINE('',#4081,#869);
#504=LINE('',#4084,#870);
#505=LINE('',#4086,#871);
#506=LINE('',#4088,#872);
#507=LINE('',#4090,#873);
#508=LINE('',#4092,#874);
#509=LINE('',#4093,#875);
#510=LINE('',#4096,#876);
#511=LINE('',#4098,#877);
#512=LINE('',#4100,#878);
#513=LINE('',#4102,#879);
#514=LINE('',#4104,#880);
#515=LINE('',#4106,#881);
#516=LINE('',#4108,#882);
#517=LINE('',#4110,#883);
#518=LINE('',#4112,#884);
#519=LINE('',#4114,#885);
#520=LINE('',#4115,#886);
#521=LINE('',#4119,#887);
#522=LINE('',#4121,#888);
#523=LINE('',#4123,#889);
#524=LINE('',#4126,#890);
#525=LINE('',#4127,#891);
#526=LINE('',#4130,#892);
#527=LINE('',#4132,#893);
#528=LINE('',#4133,#894);
#529=LINE('',#4136,#895);
#530=LINE('',#4137,#896);
#531=LINE('',#4141,#897);
#532=LINE('',#4142,#898);
#533=LINE('',#4144,#899);
#534=LINE('',#4146,#900);
#535=LINE('',#4147,#901);
#536=LINE('',#4148,#902);
#537=LINE('',#4150,#903);
#538=LINE('',#4151,#904);
#539=LINE('',#4152,#905);
#540=LINE('',#4155,#906);
#541=LINE('',#4157,#907);
#542=LINE('',#4158,#908);
#543=LINE('',#4161,#909);
#544=LINE('',#4162,#910);
#545=LINE('',#4165,#911);
#546=LINE('',#4166,#912);
#547=LINE('',#4168,#913);
#548=LINE('',#4170,#914);
#549=LINE('',#4173,#915);
#550=LINE('',#4177,#916);
#551=LINE('',#4178,#917);
#552=LINE('',#4180,#918);
#553=LINE('',#4181,#919);
#554=LINE('',#4184,#920);
#555=LINE('',#4187,#921);
#556=LINE('',#4190,#922);
#557=LINE('',#4191,#923);
#558=LINE('',#4195,#924);
#559=LINE('',#4197,#925);
#560=LINE('',#4199,#926);
#561=LINE('',#4201,#927);
#562=LINE('',#4202,#928);
#563=LINE('',#4204,#929);
#564=LINE('',#4205,#930);
#565=LINE('',#4208,#931);
#566=LINE('',#4209,#932);
#567=LINE('',#4217,#933);
#568=LINE('',#4220,#934);
#569=LINE('',#4222,#935);
#570=LINE('',#4223,#936);
#571=LINE('',#4228,#937);
#572=LINE('',#4235,#938);
#573=LINE('',#4237,#939);
#574=LINE('',#4238,#940);
#575=LINE('',#4242,#941);
#576=LINE('',#4244,#942);
#577=LINE('',#4246,#943);
#578=LINE('',#4248,#944);
#579=LINE('',#4250,#945);
#580=LINE('',#4252,#946);
#581=LINE('',#4254,#947);
#582=LINE('',#4255,#948);
#583=LINE('',#4265,#949);
#584=LINE('',#4267,#950);
#585=LINE('',#4269,#951);
#586=LINE('',#4271,#952);
#587=LINE('',#4272,#953);
#588=LINE('',#4274,#954);
#589=LINE('',#4275,#955);
#590=LINE('',#4279,#956);
#591=LINE('',#4281,#957);
#592=LINE('',#4283,#958);
#593=LINE('',#4284,#959);
#594=LINE('',#4287,#960);
#595=LINE('',#4289,#961);
#596=LINE('',#4290,#962);
#597=LINE('',#4294,#963);
#598=LINE('',#4296,#964);
#599=LINE('',#4297,#965);
#600=LINE('',#4299,#966);
#601=LINE('',#4301,#967);
#602=LINE('',#4303,#968);
#603=LINE('',#4304,#969);
#604=LINE('',#4307,#970);
#605=LINE('',#4309,#971);
#606=LINE('',#4310,#972);
#607=LINE('',#4314,#973);
#608=LINE('',#4350,#974);
#609=LINE('',#4355,#975);
#610=LINE('',#4358,#976);
#611=LINE('',#4360,#977);
#612=LINE('',#4361,#978);
#613=LINE('',#4363,#979);
#614=LINE('',#4366,#980);
#615=LINE('',#4368,#981);
#616=LINE('',#4369,#982);
#617=LINE('',#4373,#983);
#618=LINE('',#4374,#984);
#619=LINE('',#4376,#985);
#620=LINE('',#4378,#986);
#621=LINE('',#4380,#987);
#622=LINE('',#4382,#988);
#623=LINE('',#4383,#989);
#624=LINE('',#4386,#990);
#625=LINE('',#4388,#991);
#626=LINE('',#4389,#992);
#627=LINE('',#4392,#993);
#628=LINE('',#4394,#994);
#629=LINE('',#4396,#995);
#630=LINE('',#4398,#996);
#631=LINE('',#4400,#997);
#632=LINE('',#4402,#998);
#633=LINE('',#4403,#999);
#634=LINE('',#4406,#1000);
#635=LINE('',#4408,#1001);
#636=LINE('',#4409,#1002);
#637=LINE('',#4413,#1003);
#638=LINE('',#4415,#1004);
#639=LINE('',#4417,#1005);
#640=LINE('',#4418,#1006);
#641=LINE('',#4423,#1007);
#642=LINE('',#4429,#1008);
#643=LINE('',#4435,#1009);
#644=LINE('',#4444,#1010);
#645=LINE('',#4453,#1011);
#646=LINE('',#4454,#1012);
#647=LINE('',#4458,#1013);
#648=LINE('',#4460,#1014);
#649=LINE('',#4462,#1015);
#650=LINE('',#4463,#1016);
#651=LINE('',#4468,#1017);
#652=LINE('',#4474,#1018);
#653=LINE('',#4476,#1019);
#654=LINE('',#4478,#1020);
#655=LINE('',#4479,#1021);
#656=LINE('',#4482,#1022);
#657=LINE('',#4484,#1023);
#658=LINE('',#4485,#1024);
#659=LINE('',#4488,#1025);
#660=LINE('',#4489,#1026);
#661=LINE('',#4492,#1027);
#662=LINE('',#4493,#1028);
#663=LINE('',#4495,#1029);
#664=LINE('',#4496,#1030);
#665=LINE('',#4498,#1031);
#666=LINE('',#4499,#1032);
#667=LINE('',#4502,#1033);
#668=LINE('',#4503,#1034);
#669=LINE('',#4506,#1035);
#670=LINE('',#4507,#1036);
#671=LINE('',#4509,#1037);
#672=LINE('',#4511,#1038);
#673=LINE('',#4512,#1039);
#674=LINE('',#4518,#1040);
#675=LINE('',#4520,#1041);
#676=LINE('',#4521,#1042);
#677=LINE('',#4523,#1043);
#678=LINE('',#4525,#1044);
#679=LINE('',#4528,#1045);
#680=LINE('',#4529,#1046);
#681=LINE('',#4530,#1047);
#682=LINE('',#4532,#1048);
#683=LINE('',#4533,#1049);
#684=LINE('',#4537,#1050);
#685=LINE('',#4538,#1051);
#686=LINE('',#4540,#1052);
#687=LINE('',#4541,#1053);
#688=LINE('',#4546,#1054);
#689=LINE('',#4548,#1055);
#690=LINE('',#4549,#1056);
#691=LINE('',#4552,#1057);
#692=LINE('',#4553,#1058);
#693=LINE('',#4556,#1059);
#694=LINE('',#4557,#1060);
#695=LINE('',#4559,#1061);
#696=LINE('',#4562,#1062);
#697=LINE('',#4564,#1063);
#698=LINE('',#4565,#1064);
#699=LINE('',#4567,#1065);
#700=LINE('',#4570,#1066);
#701=LINE('',#4571,#1067);
#702=LINE('',#4572,#1068);
#703=LINE('',#4574,#1069);
#704=LINE('',#4576,#1070);
#705=LINE('',#4578,#1071);
#706=LINE('',#4580,#1072);
#707=LINE('',#4583,#1073);
#708=LINE('',#4584,#1074);
#709=LINE('',#4587,#1075);
#710=LINE('',#4588,#1076);
#711=LINE('',#4589,#1077);
#712=LINE('',#4598,#1078);
#713=LINE('',#4599,#1079);
#714=LINE('',#4601,#1080);
#715=LINE('',#4603,#1081);
#716=LINE('',#4605,#1082);
#717=LINE('',#4607,#1083);
#718=LINE('',#4608,#1084);
#719=LINE('',#4610,#1085);
#720=LINE('',#4612,#1086);
#721=LINE('',#4616,#1087);
#722=LINE('',#4618,#1088);
#723=LINE('',#4620,#1089);
#724=LINE('',#4623,#1090);
#725=LINE('',#4627,#1091);
#726=LINE('',#4628,#1092);
#727=LINE('',#4631,#1093);
#728=LINE('',#4632,#1094);
#729=LINE('',#4635,#1095);
#730=LINE('',#4636,#1096);
#731=LINE('',#4639,#1097);
#732=LINE('',#4641,#1098);
#733=LINE('',#4642,#1099);
#734=LINE('',#4645,#1100);
#735=LINE('',#4647,#1101);
#736=LINE('',#4648,#1102);
#737=LINE('',#4651,#1103);
#738=LINE('',#4652,#1104);
#739=LINE('',#4655,#1105);
#740=LINE('',#4656,#1106);
#741=LINE('',#4658,#1107);
#742=LINE('',#4663,#1108);
#743=LINE('',#4667,#1109);
#744=LINE('',#4669,#1110);
#745=LINE('',#4671,#1111);
#746=LINE('',#4673,#1112);
#747=LINE('',#4675,#1113);
#748=LINE('',#4677,#1114);
#749=LINE('',#4679,#1115);
#750=LINE('',#4680,#1116);
#751=LINE('',#4683,#1117);
#752=LINE('',#4685,#1118);
#753=LINE('',#4686,#1119);
#754=LINE('',#4690,#1120);
#755=LINE('',#4691,#1121);
#756=LINE('',#4692,#1122);
#757=LINE('',#4696,#1123);
#758=LINE('',#4698,#1124);
#759=LINE('',#4700,#1125);
#760=LINE('',#4701,#1126);
#761=LINE('',#4705,#1127);
#762=LINE('',#4707,#1128);
#763=LINE('',#4709,#1129);
#764=LINE('',#4711,#1130);
#765=LINE('',#4712,#1131);
#766=LINE('',#4714,#1132);
#767=LINE('',#4715,#1133);
#768=LINE('',#4717,#1134);
#769=LINE('',#4718,#1135);
#770=LINE('',#4719,#1136);
#771=LINE('',#4721,#1137);
#772=LINE('',#4722,#1138);
#773=LINE('',#4724,#1139);
#774=LINE('',#4726,#1140);
#775=LINE('',#4729,#1141);
#776=LINE('',#4730,#1142);
#777=LINE('',#4733,#1143);
#778=LINE('',#4736,#1144);
#779=VECTOR('',#3138,1.);
#780=VECTOR('',#3139,1.);
#781=VECTOR('',#3140,1.);
#782=VECTOR('',#3141,10.);
#783=VECTOR('',#3144,1.);
#784=VECTOR('',#3145,1.);
#785=VECTOR('',#3146,1.);
#786=VECTOR('',#3149,10.);
#787=VECTOR('',#3150,1.);
#788=VECTOR('',#3151,1.);
#789=VECTOR('',#3154,10.);
#790=VECTOR('',#3155,10.);
#791=VECTOR('',#3156,10.);
#792=VECTOR('',#3159,10.);
#793=VECTOR('',#3160,10.);
#794=VECTOR('',#3161,10.);
#795=VECTOR('',#3164,10.);
#796=VECTOR('',#3165,10.);
#797=VECTOR('',#3172,10.);
#798=VECTOR('',#3173,10.);
#799=VECTOR('',#3174,10.);
#800=VECTOR('',#3175,10.);
#801=VECTOR('',#3178,10.);
#802=VECTOR('',#3179,10.);
#803=VECTOR('',#3180,10.);
#804=VECTOR('',#3183,10.);
#805=VECTOR('',#3184,10.);
#806=VECTOR('',#3185,10.);
#807=VECTOR('',#3188,10.);
#808=VECTOR('',#3189,10.);
#809=VECTOR('',#3202,2.);
#810=VECTOR('',#3209,10.);
#811=VECTOR('',#3210,10.);
#812=VECTOR('',#3211,10.);
#813=VECTOR('',#3212,10.);
#814=VECTOR('',#3213,10.);
#815=VECTOR('',#3214,10.);
#816=VECTOR('',#3215,10.);
#817=VECTOR('',#3216,10.);
#818=VECTOR('',#3217,10.);
#819=VECTOR('',#3218,10.);
#820=VECTOR('',#3219,10.);
#821=VECTOR('',#3220,10.);
#822=VECTOR('',#3221,10.);
#823=VECTOR('',#3222,10.);
#824=VECTOR('',#3223,10.);
#825=VECTOR('',#3224,10.);
#826=VECTOR('',#3225,10.);
#827=VECTOR('',#3226,10.);
#828=VECTOR('',#3229,10.);
#829=VECTOR('',#3230,10.);
#830=VECTOR('',#3233,10.);
#831=VECTOR('',#3234,10.);
#832=VECTOR('',#3235,1.);
#833=VECTOR('',#3236,1.);
#834=VECTOR('',#3237,1.);
#835=VECTOR('',#3238,1.);
#836=VECTOR('',#3239,1.);
#837=VECTOR('',#3240,1.);
#838=VECTOR('',#3241,1.);
#839=VECTOR('',#3244,10.);
#840=VECTOR('',#3245,10.);
#841=VECTOR('',#3246,10.);
#842=VECTOR('',#3247,10.);
#843=VECTOR('',#3248,10.);
#844=VECTOR('',#3249,10.);
#845=VECTOR('',#3252,10.);
#846=VECTOR('',#3253,10.);
#847=VECTOR('',#3254,10.);
#848=VECTOR('',#3255,10.);
#849=VECTOR('',#3256,10.);
#850=VECTOR('',#3257,10.);
#851=VECTOR('',#3258,10.);
#852=VECTOR('',#3259,10.);
#853=VECTOR('',#3260,10.);
#854=VECTOR('',#3263,10.);
#855=VECTOR('',#3264,10.);
#856=VECTOR('',#3265,10.);
#857=VECTOR('',#3266,10.);
#858=VECTOR('',#3267,10.);
#859=VECTOR('',#3268,10.);
#860=VECTOR('',#3269,10.);
#861=VECTOR('',#3270,10.);
#862=VECTOR('',#3273,10.);
#863=VECTOR('',#3274,10.);
#864=VECTOR('',#3277,10.);
#865=VECTOR('',#3278,10.);
#866=VECTOR('',#3279,10.);
#867=VECTOR('',#3280,10.);
#868=VECTOR('',#3281,10.);
#869=VECTOR('',#3282,10.);
#870=VECTOR('',#3285,10.);
#871=VECTOR('',#3286,10.);
#872=VECTOR('',#3287,10.);
#873=VECTOR('',#3288,10.);
#874=VECTOR('',#3289,10.);
#875=VECTOR('',#3290,10.);
#876=VECTOR('',#3293,10.);
#877=VECTOR('',#3294,10.);
#878=VECTOR('',#3295,10.);
#879=VECTOR('',#3296,10.);
#880=VECTOR('',#3297,10.);
#881=VECTOR('',#3298,10.);
#882=VECTOR('',#3299,10.);
#883=VECTOR('',#3300,10.);
#884=VECTOR('',#3301,10.);
#885=VECTOR('',#3302,10.);
#886=VECTOR('',#3303,10.);
#887=VECTOR('',#3306,10.);
#888=VECTOR('',#3307,10.);
#889=VECTOR('',#3310,10.);
#890=VECTOR('',#3313,10.);
#891=VECTOR('',#3314,10.);
#892=VECTOR('',#3317,1.);
#893=VECTOR('',#3318,1.);
#894=VECTOR('',#3319,1.);
#895=VECTOR('',#3322,1.);
#896=VECTOR('',#3323,1.);
#897=VECTOR('',#3326,10.);
#898=VECTOR('',#3327,10.);
#899=VECTOR('',#3328,10.);
#900=VECTOR('',#3329,10.);
#901=VECTOR('',#3330,10.);
#902=VECTOR('',#3331,10.);
#903=VECTOR('',#3332,10.);
#904=VECTOR('',#3333,10.);
#905=VECTOR('',#3334,10.);
#906=VECTOR('',#3337,10.);
#907=VECTOR('',#3338,10.);
#908=VECTOR('',#3339,10.);
#909=VECTOR('',#3342,10.);
#910=VECTOR('',#3343,10.);
#911=VECTOR('',#3346,10.);
#912=VECTOR('',#3347,10.);
#913=VECTOR('',#3350,10.);
#914=VECTOR('',#3353,10.);
#915=VECTOR('',#3356,10.);
#916=VECTOR('',#3359,10.);
#917=VECTOR('',#3360,10.);
#918=VECTOR('',#3363,10.);
#919=VECTOR('',#3364,10.);
#920=VECTOR('',#3367,10.);
#921=VECTOR('',#3372,10.);
#922=VECTOR('',#3375,10.);
#923=VECTOR('',#3376,10.);
#924=VECTOR('',#3379,10.);
#925=VECTOR('',#3380,10.);
#926=VECTOR('',#3381,10.);
#927=VECTOR('',#3382,10.);
#928=VECTOR('',#3383,10.);
#929=VECTOR('',#3384,10.);
#930=VECTOR('',#3385,10.);
#931=VECTOR('',#3388,1.);
#932=VECTOR('',#3389,1.);
#933=VECTOR('',#3398,1.);
#934=VECTOR('',#3401,10.);
#935=VECTOR('',#3402,10.);
#936=VECTOR('',#3403,10.);
#937=VECTOR('',#3408,3.2);
#938=VECTOR('',#3419,10.);
#939=VECTOR('',#3420,10.);
#940=VECTOR('',#3421,10.);
#941=VECTOR('',#3424,10.);
#942=VECTOR('',#3425,1.);
#943=VECTOR('',#3426,1.);
#944=VECTOR('',#3427,1.);
#945=VECTOR('',#3428,10.);
#946=VECTOR('',#3429,10.);
#947=VECTOR('',#3430,10.);
#948=VECTOR('',#3431,10.);
#949=VECTOR('',#3440,10.);
#950=VECTOR('',#3441,10.);
#951=VECTOR('',#3442,10.);
#952=VECTOR('',#3443,10.);
#953=VECTOR('',#3444,10.);
#954=VECTOR('',#3445,10.);
#955=VECTOR('',#3446,10.);
#956=VECTOR('',#3449,10.);
#957=VECTOR('',#3450,10.);
#958=VECTOR('',#3451,10.);
#959=VECTOR('',#3452,10.);
#960=VECTOR('',#3455,10.);
#961=VECTOR('',#3456,10.);
#962=VECTOR('',#3457,10.);
#963=VECTOR('',#3460,10.);
#964=VECTOR('',#3461,10.);
#965=VECTOR('',#3462,10.);
#966=VECTOR('',#3463,10.);
#967=VECTOR('',#3464,10.);
#968=VECTOR('',#3465,10.);
#969=VECTOR('',#3466,10.);
#970=VECTOR('',#3469,1.);
#971=VECTOR('',#3470,1.);
#972=VECTOR('',#3471,1.);
#973=VECTOR('',#3476,2.);
#974=VECTOR('',#3481,2.);
#975=VECTOR('',#3488,2.);
#976=VECTOR('',#3491,10.);
#977=VECTOR('',#3492,10.);
#978=VECTOR('',#3493,10.);
#979=VECTOR('',#3496,10.);
#980=VECTOR('',#3499,10.);
#981=VECTOR('',#3500,10.);
#982=VECTOR('',#3501,10.);
#983=VECTOR('',#3504,1.);
#984=VECTOR('',#3505,1.);
#985=VECTOR('',#3506,1.);
#986=VECTOR('',#3507,10.);
#987=VECTOR('',#3508,10.);
#988=VECTOR('',#3509,10.);
#989=VECTOR('',#3510,10.);
#990=VECTOR('',#3513,10.);
#991=VECTOR('',#3514,10.);
#992=VECTOR('',#3515,10.);
#993=VECTOR('',#3518,10.);
#994=VECTOR('',#3519,10.);
#995=VECTOR('',#3520,10.);
#996=VECTOR('',#3521,10.);
#997=VECTOR('',#3522,10.);
#998=VECTOR('',#3523,10.);
#999=VECTOR('',#3524,1.);
#1000=VECTOR('',#3527,10.);
#1001=VECTOR('',#3528,10.);
#1002=VECTOR('',#3529,1.);
#1003=VECTOR('',#3532,10.);
#1004=VECTOR('',#3533,10.);
#1005=VECTOR('',#3534,10.);
#1006=VECTOR('',#3535,10.);
#1007=VECTOR('',#3540,7.05);
#1008=VECTOR('',#3547,7.05);
#1009=VECTOR('',#3554,7.05);
#1010=VECTOR('',#3567,3.2);
#1011=VECTOR('',#3580,3.2);
#1012=VECTOR('',#3581,10.);
#1013=VECTOR('',#3584,1.);
#1014=VECTOR('',#3585,1.);
#1015=VECTOR('',#3586,1.);
#1016=VECTOR('',#3587,1.);
#1017=VECTOR('',#3592,3.2);
#1018=VECTOR('',#3599,10.);
#1019=VECTOR('',#3600,10.);
#1020=VECTOR('',#3601,10.);
#1021=VECTOR('',#3602,10.);
#1022=VECTOR('',#3605,1.);
#1023=VECTOR('',#3606,1.);
#1024=VECTOR('',#3607,1.);
#1025=VECTOR('',#3610,1.);
#1026=VECTOR('',#3611,1.);
#1027=VECTOR('',#3614,1.);
#1028=VECTOR('',#3615,1.);
#1029=VECTOR('',#3618,10.);
#1030=VECTOR('',#3619,10.);
#1031=VECTOR('',#3622,10.);
#1032=VECTOR('',#3623,10.);
#1033=VECTOR('',#3626,10.);
#1034=VECTOR('',#3627,10.);
#1035=VECTOR('',#3630,10.);
#1036=VECTOR('',#3631,10.);
#1037=VECTOR('',#3634,1.);
#1038=VECTOR('',#3635,1.);
#1039=VECTOR('',#3636,1.);
#1040=VECTOR('',#3645,10.);
#1041=VECTOR('',#3646,1.);
#1042=VECTOR('',#3647,10.);
#1043=VECTOR('',#3650,1.);
#1044=VECTOR('',#3653,1.);
#1045=VECTOR('',#3656,10.);
#1046=VECTOR('',#3657,10.);
#1047=VECTOR('',#3658,10.);
#1048=VECTOR('',#3661,10.);
#1049=VECTOR('',#3662,10.);
#1050=VECTOR('',#3667,1.);
#1051=VECTOR('',#3668,1.);
#1052=VECTOR('',#3671,10.);
#1053=VECTOR('',#3672,10.);
#1054=VECTOR('',#3679,10.);
#1055=VECTOR('',#3680,10.);
#1056=VECTOR('',#3681,10.);
#1057=VECTOR('',#3684,10.);
#1058=VECTOR('',#3685,10.);
#1059=VECTOR('',#3688,10.);
#1060=VECTOR('',#3689,10.);
#1061=VECTOR('',#3692,10.);
#1062=VECTOR('',#3695,10.);
#1063=VECTOR('',#3696,10.);
#1064=VECTOR('',#3697,10.);
#1065=VECTOR('',#3700,10.);
#1066=VECTOR('',#3703,10.);
#1067=VECTOR('',#3704,10.);
#1068=VECTOR('',#3705,10.);
#1069=VECTOR('',#3708,10.);
#1070=VECTOR('',#3711,10.);
#1071=VECTOR('',#3714,10.);
#1072=VECTOR('',#3717,10.);
#1073=VECTOR('',#3720,10.);
#1074=VECTOR('',#3721,10.);
#1075=VECTOR('',#3724,10.);
#1076=VECTOR('',#3725,10.);
#1077=VECTOR('',#3726,10.);
#1078=VECTOR('',#3741,10.);
#1079=VECTOR('',#3742,10.);
#1080=VECTOR('',#3745,10.);
#1081=VECTOR('',#3748,10.);
#1082=VECTOR('',#3751,1.);
#1083=VECTOR('',#3754,1.);
#1084=VECTOR('',#3755,10.);
#1085=VECTOR('',#3758,1.);
#1086=VECTOR('',#3761,10.);
#1087=VECTOR('',#3766,1.);
#1088=VECTOR('',#3769,10.);
#1089=VECTOR('',#3772,10.);
#1090=VECTOR('',#3777,10.);
#1091=VECTOR('',#3782,10.);
#1092=VECTOR('',#3783,10.);
#1093=VECTOR('',#3786,10.);
#1094=VECTOR('',#3787,10.);
#1095=VECTOR('',#3790,10.);
#1096=VECTOR('',#3791,10.);
#1097=VECTOR('',#3794,10.);
#1098=VECTOR('',#3795,10.);
#1099=VECTOR('',#3796,10.);
#1100=VECTOR('',#3799,10.);
#1101=VECTOR('',#3800,10.);
#1102=VECTOR('',#3801,10.);
#1103=VECTOR('',#3804,10.);
#1104=VECTOR('',#3805,10.);
#1105=VECTOR('',#3808,10.);
#1106=VECTOR('',#3809,10.);
#1107=VECTOR('',#3812,10.);
#1108=VECTOR('',#3819,2.);
#1109=VECTOR('',#3822,1.);
#1110=VECTOR('',#3823,1.);
#1111=VECTOR('',#3824,1.);
#1112=VECTOR('',#3825,1.);
#1113=VECTOR('',#3826,1.);
#1114=VECTOR('',#3827,1.);
#1115=VECTOR('',#3828,1.);
#1116=VECTOR('',#3829,1.);
#1117=VECTOR('',#3832,1.);
#1118=VECTOR('',#3833,1.);
#1119=VECTOR('',#3834,1.);
#1120=VECTOR('',#3837,1.);
#1121=VECTOR('',#3838,1.);
#1122=VECTOR('',#3839,1.);
#1123=VECTOR('',#3842,1.);
#1124=VECTOR('',#3843,1.);
#1125=VECTOR('',#3844,1.);
#1126=VECTOR('',#3845,1.);
#1127=VECTOR('',#3848,1.);
#1128=VECTOR('',#3849,1.);
#1129=VECTOR('',#3850,1.);
#1130=VECTOR('',#3851,1.);
#1131=VECTOR('',#3852,1.);
#1132=VECTOR('',#3853,1.);
#1133=VECTOR('',#3854,1.);
#1134=VECTOR('',#3857,10.);
#1135=VECTOR('',#3858,1.);
#1136=VECTOR('',#3859,10.);
#1137=VECTOR('',#3860,1.);
#1138=VECTOR('',#3861,1.);
#1139=VECTOR('',#3864,10.);
#1140=VECTOR('',#3867,10.);
#1141=VECTOR('',#3870,1.);
#1142=VECTOR('',#3871,1.);
#1143=VECTOR('',#3876,1.);
#1144=VECTOR('',#3881,1.);
#1145=VERTEX_POINT('',#3886);
#1146=VERTEX_POINT('',#3887);
#1147=VERTEX_POINT('',#3889);
#1148=VERTEX_POINT('',#3891);
#1149=VERTEX_POINT('',#3895);
#1150=VERTEX_POINT('',#3896);
#1151=VERTEX_POINT('',#3901);
#1152=VERTEX_POINT('',#3902);
#1153=VERTEX_POINT('',#3907);
#1154=VERTEX_POINT('',#3909);
#1155=VERTEX_POINT('',#3913);
#1156=VERTEX_POINT('',#3915);
#1157=VERTEX_POINT('',#3924);
#1158=VERTEX_POINT('',#3925);
#1159=VERTEX_POINT('',#3927);
#1160=VERTEX_POINT('',#3929);
#1161=VERTEX_POINT('',#3933);
#1162=VERTEX_POINT('',#3935);
#1163=VERTEX_POINT('',#3939);
#1164=VERTEX_POINT('',#3941);
#1165=VERTEX_POINT('',#3950);
#1166=VERTEX_POINT('',#3953);
#1167=VERTEX_POINT('',#3955);
#1168=VERTEX_POINT('',#3960);
#1169=VERTEX_POINT('',#3961);
#1170=VERTEX_POINT('',#3963);
#1171=VERTEX_POINT('',#3965);
#1172=VERTEX_POINT('',#3967);
#1173=VERTEX_POINT('',#3969);
#1174=VERTEX_POINT('',#3971);
#1175=VERTEX_POINT('',#3973);
#1176=VERTEX_POINT('',#3975);
#1177=VERTEX_POINT('',#3977);
#1178=VERTEX_POINT('',#3979);
#1179=VERTEX_POINT('',#3981);
#1180=VERTEX_POINT('',#3983);
#1181=VERTEX_POINT('',#3985);
#1182=VERTEX_POINT('',#3987);
#1183=VERTEX_POINT('',#3989);
#1184=VERTEX_POINT('',#3991);
#1185=VERTEX_POINT('',#3993);
#1186=VERTEX_POINT('',#3995);
#1187=VERTEX_POINT('',#3997);
#1188=VERTEX_POINT('',#3999);
#1189=VERTEX_POINT('',#4003);
#1190=VERTEX_POINT('',#4005);
#1191=VERTEX_POINT('',#4007);
#1192=VERTEX_POINT('',#4009);
#1193=VERTEX_POINT('',#4011);
#1194=VERTEX_POINT('',#4013);
#1195=VERTEX_POINT('',#4015);
#1196=VERTEX_POINT('',#4017);
#1197=VERTEX_POINT('',#4021);
#1198=VERTEX_POINT('',#4023);
#1199=VERTEX_POINT('',#4025);
#1200=VERTEX_POINT('',#4027);
#1201=VERTEX_POINT('',#4029);
#1202=VERTEX_POINT('',#4033);
#1203=VERTEX_POINT('',#4035);
#1204=VERTEX_POINT('',#4037);
#1205=VERTEX_POINT('',#4039);
#1206=VERTEX_POINT('',#4042);
#1207=VERTEX_POINT('',#4043);
#1208=VERTEX_POINT('',#4045);
#1209=VERTEX_POINT('',#4047);
#1210=VERTEX_POINT('',#4051);
#1211=VERTEX_POINT('',#4052);
#1212=VERTEX_POINT('',#4055);
#1213=VERTEX_POINT('',#4058);
#1214=VERTEX_POINT('',#4059);
#1215=VERTEX_POINT('',#4061);
#1216=VERTEX_POINT('',#4063);
#1217=VERTEX_POINT('',#4067);
#1218=VERTEX_POINT('',#4071);
#1219=VERTEX_POINT('',#4073);
#1220=VERTEX_POINT('',#4075);
#1221=VERTEX_POINT('',#4077);
#1222=VERTEX_POINT('',#4079);
#1223=VERTEX_POINT('',#4083);
#1224=VERTEX_POINT('',#4085);
#1225=VERTEX_POINT('',#4087);
#1226=VERTEX_POINT('',#4089);
#1227=VERTEX_POINT('',#4091);
#1228=VERTEX_POINT('',#4095);
#1229=VERTEX_POINT('',#4097);
#1230=VERTEX_POINT('',#4099);
#1231=VERTEX_POINT('',#4101);
#1232=VERTEX_POINT('',#4103);
#1233=VERTEX_POINT('',#4105);
#1234=VERTEX_POINT('',#4107);
#1235=VERTEX_POINT('',#4109);
#1236=VERTEX_POINT('',#4111);
#1237=VERTEX_POINT('',#4113);
#1238=VERTEX_POINT('',#4117);
#1239=VERTEX_POINT('',#4118);
#1240=VERTEX_POINT('',#4120);
#1241=VERTEX_POINT('',#4125);
#1242=VERTEX_POINT('',#4129);
#1243=VERTEX_POINT('',#4131);
#1244=VERTEX_POINT('',#4135);
#1245=VERTEX_POINT('',#4139);
#1246=VERTEX_POINT('',#4140);
#1247=VERTEX_POINT('',#4143);
#1248=VERTEX_POINT('',#4145);
#1249=VERTEX_POINT('',#4149);
#1250=VERTEX_POINT('',#4154);
#1251=VERTEX_POINT('',#4156);
#1252=VERTEX_POINT('',#4160);
#1253=VERTEX_POINT('',#4164);
#1254=VERTEX_POINT('',#4172);
#1255=VERTEX_POINT('',#4174);
#1256=VERTEX_POINT('',#4176);
#1257=VERTEX_POINT('',#4183);
#1258=VERTEX_POINT('',#4189);
#1259=VERTEX_POINT('',#4193);
#1260=VERTEX_POINT('',#4194);
#1261=VERTEX_POINT('',#4196);
#1262=VERTEX_POINT('',#4198);
#1263=VERTEX_POINT('',#4200);
#1264=VERTEX_POINT('',#4203);
#1265=VERTEX_POINT('',#4207);
#1266=VERTEX_POINT('',#4211);
#1267=VERTEX_POINT('',#4213);
#1268=VERTEX_POINT('',#4215);
#1269=VERTEX_POINT('',#4219);
#1270=VERTEX_POINT('',#4221);
#1271=VERTEX_POINT('',#4225);
#1272=VERTEX_POINT('',#4227);
#1273=VERTEX_POINT('',#4234);
#1274=VERTEX_POINT('',#4236);
#1275=VERTEX_POINT('',#4240);
#1276=VERTEX_POINT('',#4241);
#1277=VERTEX_POINT('',#4243);
#1278=VERTEX_POINT('',#4245);
#1279=VERTEX_POINT('',#4247);
#1280=VERTEX_POINT('',#4249);
#1281=VERTEX_POINT('',#4251);
#1282=VERTEX_POINT('',#4253);
#1283=VERTEX_POINT('',#4256);
#1284=VERTEX_POINT('',#4258);
#1285=VERTEX_POINT('',#4260);
#1286=VERTEX_POINT('',#4263);
#1287=VERTEX_POINT('',#4264);
#1288=VERTEX_POINT('',#4266);
#1289=VERTEX_POINT('',#4268);
#1290=VERTEX_POINT('',#4270);
#1291=VERTEX_POINT('',#4273);
#1292=VERTEX_POINT('',#4277);
#1293=VERTEX_POINT('',#4278);
#1294=VERTEX_POINT('',#4280);
#1295=VERTEX_POINT('',#4282);
#1296=VERTEX_POINT('',#4286);
#1297=VERTEX_POINT('',#4288);
#1298=VERTEX_POINT('',#4292);
#1299=VERTEX_POINT('',#4293);
#1300=VERTEX_POINT('',#4295);
#1301=VERTEX_POINT('',#4298);
#1302=VERTEX_POINT('',#4300);
#1303=VERTEX_POINT('',#4302);
#1304=VERTEX_POINT('',#4306);
#1305=VERTEX_POINT('',#4308);
#1306=VERTEX_POINT('',#4312);
#1307=VERTEX_POINT('',#4316);
#1308=VERTEX_POINT('',#4317);
#1309=VERTEX_POINT('',#4348);
#1310=VERTEX_POINT('',#4353);
#1311=VERTEX_POINT('',#4357);
#1312=VERTEX_POINT('',#4359);
#1313=VERTEX_POINT('',#4365);
#1314=VERTEX_POINT('',#4367);
#1315=VERTEX_POINT('',#4371);
#1316=VERTEX_POINT('',#4372);
#1317=VERTEX_POINT('',#4375);
#1318=VERTEX_POINT('',#4377);
#1319=VERTEX_POINT('',#4379);
#1320=VERTEX_POINT('',#4381);
#1321=VERTEX_POINT('',#4385);
#1322=VERTEX_POINT('',#4387);
#1323=VERTEX_POINT('',#4391);
#1324=VERTEX_POINT('',#4393);
#1325=VERTEX_POINT('',#4395);
#1326=VERTEX_POINT('',#4397);
#1327=VERTEX_POINT('',#4399);
#1328=VERTEX_POINT('',#4401);
#1329=VERTEX_POINT('',#4405);
#1330=VERTEX_POINT('',#4407);
#1331=VERTEX_POINT('',#4411);
#1332=VERTEX_POINT('',#4412);
#1333=VERTEX_POINT('',#4414);
#1334=VERTEX_POINT('',#4416);
#1335=VERTEX_POINT('',#4420);
#1336=VERTEX_POINT('',#4422);
#1337=VERTEX_POINT('',#4426);
#1338=VERTEX_POINT('',#4428);
#1339=VERTEX_POINT('',#4432);
#1340=VERTEX_POINT('',#4434);
#1341=VERTEX_POINT('',#4441);
#1342=VERTEX_POINT('',#4443);
#1343=VERTEX_POINT('',#4448);
#1344=VERTEX_POINT('',#4451);
#1345=VERTEX_POINT('',#4456);
#1346=VERTEX_POINT('',#4457);
#1347=VERTEX_POINT('',#4459);
#1348=VERTEX_POINT('',#4461);
#1349=VERTEX_POINT('',#4465);
#1350=VERTEX_POINT('',#4467);
#1351=VERTEX_POINT('',#4472);
#1352=VERTEX_POINT('',#4473);
#1353=VERTEX_POINT('',#4475);
#1354=VERTEX_POINT('',#4477);
#1355=VERTEX_POINT('',#4481);
#1356=VERTEX_POINT('',#4483);
#1357=VERTEX_POINT('',#4487);
#1358=VERTEX_POINT('',#4491);
#1359=VERTEX_POINT('',#4501);
#1360=VERTEX_POINT('',#4505);
#1361=VERTEX_POINT('',#4510);
#1362=VERTEX_POINT('',#4517);
#1363=VERTEX_POINT('',#4519);
#1364=VERTEX_POINT('',#4527);
#1365=VERTEX_POINT('',#4536);
#1366=VERTEX_POINT('',#4545);
#1367=VERTEX_POINT('',#4547);
#1368=VERTEX_POINT('',#4551);
#1369=VERTEX_POINT('',#4555);
#1370=VERTEX_POINT('',#4561);
#1371=VERTEX_POINT('',#4563);
#1372=VERTEX_POINT('',#4569);
#1373=VERTEX_POINT('',#4582);
#1374=VERTEX_POINT('',#4586);
#1375=VERTEX_POINT('',#4597);
#1376=VERTEX_POINT('',#4614);
#1377=VERTEX_POINT('',#4626);
#1378=VERTEX_POINT('',#4630);
#1379=VERTEX_POINT('',#4634);
#1380=VERTEX_POINT('',#4638);
#1381=VERTEX_POINT('',#4640);
#1382=VERTEX_POINT('',#4644);
#1383=VERTEX_POINT('',#4646);
#1384=VERTEX_POINT('',#4650);
#1385=VERTEX_POINT('',#4654);
#1386=VERTEX_POINT('',#4660);
#1387=VERTEX_POINT('',#4665);
#1388=VERTEX_POINT('',#4666);
#1389=VERTEX_POINT('',#4668);
#1390=VERTEX_POINT('',#4670);
#1391=VERTEX_POINT('',#4672);
#1392=VERTEX_POINT('',#4674);
#1393=VERTEX_POINT('',#4676);
#1394=VERTEX_POINT('',#4678);
#1395=VERTEX_POINT('',#4682);
#1396=VERTEX_POINT('',#4684);
#1397=VERTEX_POINT('',#4688);
#1398=VERTEX_POINT('',#4689);
#1399=VERTEX_POINT('',#4694);
#1400=VERTEX_POINT('',#4695);
#1401=VERTEX_POINT('',#4697);
#1402=VERTEX_POINT('',#4699);
#1403=VERTEX_POINT('',#4703);
#1404=VERTEX_POINT('',#4704);
#1405=VERTEX_POINT('',#4706);
#1406=VERTEX_POINT('',#4708);
#1407=VERTEX_POINT('',#4710);
#1408=VERTEX_POINT('',#4713);
#1409=VERTEX_POINT('',#4720);
#1410=VERTEX_POINT('',#4728);
#1411=EDGE_CURVE('',#1145,#1146,#413,.T.);
#1412=EDGE_CURVE('',#1147,#1145,#414,.T.);
#1413=EDGE_CURVE('',#1147,#1148,#415,.T.);
#1414=EDGE_CURVE('',#1148,#1146,#416,.T.);
#1415=EDGE_CURVE('',#1149,#1150,#417,.T.);
#1416=EDGE_CURVE('',#1149,#1147,#418,.T.);
#1417=EDGE_CURVE('',#1150,#1145,#419,.T.);
#1418=EDGE_CURVE('',#1151,#1152,#420,.T.);
#1419=EDGE_CURVE('',#1151,#1149,#421,.T.);
#1420=EDGE_CURVE('',#1152,#1150,#422,.T.);
#1421=EDGE_CURVE('',#1151,#1153,#423,.T.);
#1422=EDGE_CURVE('',#1154,#1152,#424,.T.);
#1423=EDGE_CURVE('',#1153,#1154,#425,.T.);
#1424=EDGE_CURVE('',#1153,#1155,#426,.T.);
#1425=EDGE_CURVE('',#1156,#1154,#427,.T.);
#1426=EDGE_CURVE('',#1155,#1156,#428,.T.);
#1427=EDGE_CURVE('',#1155,#1148,#429,.T.);
#1428=EDGE_CURVE('',#1146,#1156,#430,.T.);
#1429=EDGE_CURVE('',#1157,#1158,#431,.T.);
#1430=EDGE_CURVE('',#1157,#1159,#432,.T.);
#1431=EDGE_CURVE('',#1160,#1159,#433,.T.);
#1432=EDGE_CURVE('',#1158,#1160,#434,.T.);
#1433=EDGE_CURVE('',#1158,#1161,#435,.T.);
#1434=EDGE_CURVE('',#1162,#1160,#436,.T.);
#1435=EDGE_CURVE('',#1161,#1162,#437,.T.);
#1436=EDGE_CURVE('',#1161,#1163,#438,.T.);
#1437=EDGE_CURVE('',#1164,#1162,#439,.T.);
#1438=EDGE_CURVE('',#1163,#1164,#440,.T.);
#1439=EDGE_CURVE('',#1163,#1157,#441,.T.);
#1440=EDGE_CURVE('',#1159,#1164,#442,.T.);
#1441=EDGE_CURVE('',#1165,#1165,#50,.T.);
#1442=EDGE_CURVE('',#1166,#1166,#51,.T.);
#1443=EDGE_CURVE('',#1166,#1167,#443,.T.);
#1444=EDGE_CURVE('',#1167,#1167,#52,.T.);
#1445=EDGE_CURVE('',#1168,#1169,#444,.T.);
#1446=EDGE_CURVE('',#1169,#1170,#445,.T.);
#1447=EDGE_CURVE('',#1171,#1170,#446,.T.);
#1448=EDGE_CURVE('',#1172,#1171,#447,.T.);
#1449=EDGE_CURVE('',#1173,#1172,#448,.T.);
#1450=EDGE_CURVE('',#1174,#1173,#449,.T.);
#1451=EDGE_CURVE('',#1174,#1175,#450,.T.);
#1452=EDGE_CURVE('',#1175,#1176,#451,.T.);
#1453=EDGE_CURVE('',#1176,#1177,#452,.T.);
#1454=EDGE_CURVE('',#1177,#1178,#453,.T.);
#1455=EDGE_CURVE('',#1178,#1179,#454,.T.);
#1456=EDGE_CURVE('',#1180,#1179,#455,.T.);
#1457=EDGE_CURVE('',#1181,#1180,#456,.T.);
#1458=EDGE_CURVE('',#1181,#1182,#457,.T.);
#1459=EDGE_CURVE('',#1183,#1182,#458,.T.);
#1460=EDGE_CURVE('',#1184,#1183,#459,.T.);
#1461=EDGE_CURVE('',#1185,#1184,#460,.T.);
#1462=EDGE_CURVE('',#1185,#1186,#461,.T.);
#1463=EDGE_CURVE('',#1187,#1186,#53,.T.);
#1464=EDGE_CURVE('',#1188,#1187,#462,.T.);
#1465=EDGE_CURVE('',#1188,#1168,#463,.T.);
#1466=EDGE_CURVE('',#1189,#1168,#464,.T.);
#1467=EDGE_CURVE('',#1190,#1189,#465,.T.);
#1468=EDGE_CURVE('',#1191,#1190,#466,.T.);
#1469=EDGE_CURVE('',#1191,#1192,#467,.T.);
#1470=EDGE_CURVE('',#1192,#1193,#468,.T.);
#1471=EDGE_CURVE('',#1193,#1194,#469,.T.);
#1472=EDGE_CURVE('',#1195,#1194,#470,.T.);
#1473=EDGE_CURVE('',#1195,#1196,#471,.T.);
#1474=EDGE_CURVE('',#1169,#1196,#472,.T.);
#1475=EDGE_CURVE('',#1197,#1196,#473,.T.);
#1476=EDGE_CURVE('',#1198,#1197,#474,.T.);
#1477=EDGE_CURVE('',#1198,#1199,#475,.T.);
#1478=EDGE_CURVE('',#1200,#1199,#476,.T.);
#1479=EDGE_CURVE('',#1201,#1200,#477,.T.);
#1480=EDGE_CURVE('',#1170,#1201,#478,.T.);
#1481=EDGE_CURVE('',#1202,#1174,#479,.T.);
#1482=EDGE_CURVE('',#1203,#1202,#480,.T.);
#1483=EDGE_CURVE('',#1204,#1203,#481,.T.);
#1484=EDGE_CURVE('',#1205,#1204,#482,.T.);
#1485=EDGE_CURVE('',#1205,#1175,#483,.T.);
#1486=EDGE_CURVE('',#1206,#1207,#484,.T.);
#1487=EDGE_CURVE('',#1207,#1208,#485,.T.);
#1488=EDGE_CURVE('',#1208,#1209,#486,.T.);
#1489=EDGE_CURVE('',#1209,#1206,#487,.T.);
#1490=EDGE_CURVE('',#1210,#1211,#488,.T.);
#1491=EDGE_CURVE('',#1210,#1176,#489,.T.);
#1492=EDGE_CURVE('',#1212,#1205,#490,.T.);
#1493=EDGE_CURVE('',#1212,#1211,#491,.T.);
#1494=EDGE_CURVE('',#1213,#1214,#492,.T.);
#1495=EDGE_CURVE('',#1214,#1215,#493,.T.);
#1496=EDGE_CURVE('',#1215,#1216,#494,.T.);
#1497=EDGE_CURVE('',#1216,#1213,#495,.T.);
#1498=EDGE_CURVE('',#1177,#1217,#496,.T.);
#1499=EDGE_CURVE('',#1210,#1217,#497,.T.);
#1500=EDGE_CURVE('',#1217,#1218,#498,.T.);
#1501=EDGE_CURVE('',#1219,#1218,#499,.T.);
#1502=EDGE_CURVE('',#1220,#1219,#500,.T.);
#1503=EDGE_CURVE('',#1220,#1221,#501,.T.);
#1504=EDGE_CURVE('',#1221,#1222,#502,.T.);
#1505=EDGE_CURVE('',#1222,#1178,#503,.T.);
#1506=EDGE_CURVE('',#1223,#1222,#504,.T.);
#1507=EDGE_CURVE('',#1224,#1223,#505,.T.);
#1508=EDGE_CURVE('',#1225,#1224,#506,.T.);
#1509=EDGE_CURVE('',#1226,#1225,#507,.T.);
#1510=EDGE_CURVE('',#1227,#1226,#508,.T.);
#1511=EDGE_CURVE('',#1179,#1227,#509,.T.);
#1512=EDGE_CURVE('',#1228,#1181,#510,.T.);
#1513=EDGE_CURVE('',#1229,#1228,#511,.T.);
#1514=EDGE_CURVE('',#1230,#1229,#512,.T.);
#1515=EDGE_CURVE('',#1230,#1231,#513,.T.);
#1516=EDGE_CURVE('',#1232,#1231,#514,.T.);
#1517=EDGE_CURVE('',#1233,#1232,#515,.T.);
#1518=EDGE_CURVE('',#1234,#1233,#516,.T.);
#1519=EDGE_CURVE('',#1235,#1234,#517,.T.);
#1520=EDGE_CURVE('',#1236,#1235,#518,.T.);
#1521=EDGE_CURVE('',#1237,#1236,#519,.T.);
#1522=EDGE_CURVE('',#1182,#1237,#520,.T.);
#1523=EDGE_CURVE('',#1238,#1239,#521,.T.);
#1524=EDGE_CURVE('',#1238,#1240,#522,.T.);
#1525=EDGE_CURVE('',#1240,#1186,#14,.T.);
#1526=EDGE_CURVE('',#1239,#1185,#523,.T.);
#1527=EDGE_CURVE('',#1241,#1188,#524,.T.);
#1528=EDGE_CURVE('',#1189,#1241,#525,.T.);
#1529=EDGE_CURVE('',#1242,#1192,#526,.T.);
#1530=EDGE_CURVE('',#1242,#1243,#527,.T.);
#1531=EDGE_CURVE('',#1193,#1243,#528,.T.);
#1532=EDGE_CURVE('',#1244,#1243,#529,.T.);
#1533=EDGE_CURVE('',#1194,#1244,#530,.T.);
#1534=EDGE_CURVE('',#1245,#1246,#531,.T.);
#1535=EDGE_CURVE('',#1231,#1245,#532,.T.);
#1536=EDGE_CURVE('',#1247,#1230,#533,.T.);
#1537=EDGE_CURVE('',#1247,#1248,#534,.T.);
#1538=EDGE_CURVE('',#1248,#1220,#535,.T.);
#1539=EDGE_CURVE('',#1219,#1212,#536,.T.);
#1540=EDGE_CURVE('',#1204,#1249,#537,.T.);
#1541=EDGE_CURVE('',#1199,#1249,#538,.T.);
#1542=EDGE_CURVE('',#1246,#1198,#539,.T.);
#1543=EDGE_CURVE('',#1250,#1206,#540,.T.);
#1544=EDGE_CURVE('',#1251,#1250,#541,.T.);
#1545=EDGE_CURVE('',#1251,#1207,#542,.T.);
#1546=EDGE_CURVE('',#1252,#1209,#543,.T.);
#1547=EDGE_CURVE('',#1250,#1252,#544,.T.);
#1548=EDGE_CURVE('',#1253,#1208,#545,.T.);
#1549=EDGE_CURVE('',#1252,#1253,#546,.T.);
#1550=EDGE_CURVE('',#1253,#1251,#547,.T.);
#1551=EDGE_CURVE('',#1211,#1218,#548,.T.);
#1552=EDGE_CURVE('',#1213,#1254,#549,.T.);
#1553=EDGE_CURVE('',#1254,#1255,#54,.T.);
#1554=EDGE_CURVE('',#1256,#1255,#550,.T.);
#1555=EDGE_CURVE('',#1214,#1256,#551,.T.);
#1556=EDGE_CURVE('',#1216,#1238,#552,.T.);
#1557=EDGE_CURVE('',#1254,#1239,#553,.T.);
#1558=EDGE_CURVE('',#1257,#1215,#554,.T.);
#1559=EDGE_CURVE('',#1240,#1257,#55,.T.);
#1560=EDGE_CURVE('',#1257,#1256,#555,.T.);
#1561=EDGE_CURVE('',#1258,#1223,#556,.T.);
#1562=EDGE_CURVE('',#1258,#1221,#557,.T.);
#1563=EDGE_CURVE('',#1259,#1260,#558,.T.);
#1564=EDGE_CURVE('',#1260,#1261,#559,.T.);
#1565=EDGE_CURVE('',#1261,#1262,#560,.T.);
#1566=EDGE_CURVE('',#1262,#1263,#561,.T.);
#1567=EDGE_CURVE('',#1263,#1258,#562,.T.);
#1568=EDGE_CURVE('',#1264,#1248,#563,.T.);
#1569=EDGE_CURVE('',#1264,#1259,#564,.T.);
#1570=EDGE_CURVE('',#1265,#1242,#565,.T.);
#1571=EDGE_CURVE('',#1265,#1244,#566,.T.);
#1572=EDGE_CURVE('',#1255,#1266,#15,.T.);
#1573=EDGE_CURVE('',#1267,#1239,#56,.T.);
#1574=EDGE_CURVE('',#1268,#1267,#16,.T.);
#1575=EDGE_CURVE('',#1268,#1266,#567,.T.);
#1576=EDGE_CURVE('',#1269,#1264,#568,.T.);
#1577=EDGE_CURVE('',#1269,#1270,#569,.T.);
#1578=EDGE_CURVE('',#1259,#1270,#570,.T.);
#1579=EDGE_CURVE('',#1271,#1271,#57,.T.);
#1580=EDGE_CURVE('',#1271,#1272,#571,.T.);
#1581=EDGE_CURVE('',#1263,#1272,#58,.T.);
#1582=EDGE_CURVE('',#1262,#1261,#59,.T.);
#1583=EDGE_CURVE('',#1272,#1260,#60,.T.);
#1584=EDGE_CURVE('',#1273,#1266,#572,.T.);
#1585=EDGE_CURVE('',#1268,#1274,#573,.T.);
#1586=EDGE_CURVE('',#1273,#1274,#574,.T.);
#1587=EDGE_CURVE('',#1275,#1276,#575,.T.);
#1588=EDGE_CURVE('',#1277,#1275,#576,.T.);
#1589=EDGE_CURVE('',#1277,#1278,#577,.T.);
#1590=EDGE_CURVE('',#1278,#1279,#578,.T.);
#1591=EDGE_CURVE('',#1280,#1279,#579,.T.);
#1592=EDGE_CURVE('',#1281,#1280,#580,.T.);
#1593=EDGE_CURVE('',#1282,#1281,#581,.T.);
#1594=EDGE_CURVE('',#1276,#1282,#582,.T.);
#1595=EDGE_CURVE('',#1283,#1283,#61,.T.);
#1596=EDGE_CURVE('',#1284,#1284,#62,.T.);
#1597=EDGE_CURVE('',#1285,#1285,#63,.T.);
#1598=EDGE_CURVE('',#1286,#1287,#583,.T.);
#1599=EDGE_CURVE('',#1287,#1288,#584,.T.);
#1600=EDGE_CURVE('',#1288,#1289,#585,.T.);
#1601=EDGE_CURVE('',#1289,#1290,#586,.T.);
#1602=EDGE_CURVE('',#1290,#1281,#587,.T.);
#1603=EDGE_CURVE('',#1291,#1280,#588,.T.);
#1604=EDGE_CURVE('',#1286,#1291,#589,.T.);
#1605=EDGE_CURVE('',#1292,#1293,#590,.T.);
#1606=EDGE_CURVE('',#1294,#1293,#591,.T.);
#1607=EDGE_CURVE('',#1295,#1294,#592,.T.);
#1608=EDGE_CURVE('',#1292,#1295,#593,.T.);
#1609=EDGE_CURVE('',#1296,#1295,#594,.T.);
#1610=EDGE_CURVE('',#1296,#1297,#595,.T.);
#1611=EDGE_CURVE('',#1297,#1292,#596,.T.);
#1612=EDGE_CURVE('',#1298,#1299,#597,.T.);
#1613=EDGE_CURVE('',#1299,#1300,#598,.T.);
#1614=EDGE_CURVE('',#1300,#1297,#599,.T.);
#1615=EDGE_CURVE('',#1301,#1296,#600,.T.);
#1616=EDGE_CURVE('',#1302,#1301,#601,.T.);
#1617=EDGE_CURVE('',#1303,#1302,#602,.T.);
#1618=EDGE_CURVE('',#1298,#1303,#603,.T.);
#1619=EDGE_CURVE('',#1278,#1304,#604,.T.);
#1620=EDGE_CURVE('',#1277,#1305,#605,.T.);
#1621=EDGE_CURVE('',#1305,#1304,#606,.T.);
#1622=EDGE_CURVE('',#1306,#1306,#64,.T.);
#1623=EDGE_CURVE('',#1306,#1283,#607,.T.);
#1624=EDGE_CURVE('',#1307,#1308,#13,.T.);
#1625=EDGE_CURVE('',#1309,#1307,#65,.T.);
#1626=EDGE_CURVE('',#1309,#1284,#608,.T.);
#1627=EDGE_CURVE('',#1308,#1309,#66,.T.);
#1628=EDGE_CURVE('',#1310,#1310,#67,.T.);
#1629=EDGE_CURVE('',#1310,#1285,#609,.T.);
#1630=EDGE_CURVE('',#1311,#1288,#610,.T.);
#1631=EDGE_CURVE('',#1312,#1311,#611,.T.);
#1632=EDGE_CURVE('',#1289,#1312,#612,.T.);
#1633=EDGE_CURVE('',#1293,#1300,#613,.T.);
#1634=EDGE_CURVE('',#1313,#1298,#614,.T.);
#1635=EDGE_CURVE('',#1313,#1314,#615,.T.);
#1636=EDGE_CURVE('',#1299,#1314,#616,.T.);
#1637=EDGE_CURVE('',#1315,#1316,#617,.T.);
#1638=EDGE_CURVE('',#1304,#1315,#618,.T.);
#1639=EDGE_CURVE('',#1317,#1305,#619,.T.);
#1640=EDGE_CURVE('',#1318,#1317,#620,.T.);
#1641=EDGE_CURVE('',#1319,#1318,#621,.T.);
#1642=EDGE_CURVE('',#1320,#1319,#622,.T.);
#1643=EDGE_CURVE('',#1320,#1316,#623,.T.);
#1644=EDGE_CURVE('',#1321,#1313,#624,.T.);
#1645=EDGE_CURVE('',#1321,#1322,#625,.T.);
#1646=EDGE_CURVE('',#1314,#1322,#626,.T.);
#1647=EDGE_CURVE('',#1323,#1320,#627,.T.);
#1648=EDGE_CURVE('',#1324,#1323,#628,.T.);
#1649=EDGE_CURVE('',#1325,#1324,#629,.T.);
#1650=EDGE_CURVE('',#1325,#1326,#630,.T.);
#1651=EDGE_CURVE('',#1327,#1326,#631,.T.);
#1652=EDGE_CURVE('',#1328,#1327,#632,.T.);
#1653=EDGE_CURVE('',#1316,#1328,#633,.T.);
#1654=EDGE_CURVE('',#1322,#1329,#634,.T.);
#1655=EDGE_CURVE('',#1330,#1321,#635,.T.);
#1656=EDGE_CURVE('',#1329,#1330,#636,.T.);
#1657=EDGE_CURVE('',#1331,#1332,#637,.T.);
#1658=EDGE_CURVE('',#1333,#1331,#638,.T.);
#1659=EDGE_CURVE('',#1334,#1333,#639,.T.);
#1660=EDGE_CURVE('',#1332,#1334,#640,.T.);
#1661=EDGE_CURVE('',#1335,#1335,#68,.T.);
#1662=EDGE_CURVE('',#1335,#1336,#641,.T.);
#1663=EDGE_CURVE('',#1336,#1336,#69,.T.);
#1664=EDGE_CURVE('',#1337,#1337,#70,.T.);
#1665=EDGE_CURVE('',#1337,#1338,#642,.T.);
#1666=EDGE_CURVE('',#1338,#1338,#71,.T.);
#1667=EDGE_CURVE('',#1339,#1339,#72,.T.);
#1668=EDGE_CURVE('',#1339,#1340,#643,.T.);
#1669=EDGE_CURVE('',#1340,#1340,#73,.T.);
#1670=EDGE_CURVE('',#1341,#1341,#74,.T.);
#1671=EDGE_CURVE('',#1341,#1342,#644,.T.);
#1672=EDGE_CURVE('',#1342,#1342,#75,.T.);
#1673=EDGE_CURVE('',#1343,#1343,#76,.T.);
#1674=EDGE_CURVE('',#1344,#1344,#77,.T.);
#1675=EDGE_CURVE('',#1344,#1343,#645,.T.);
#1676=EDGE_CURVE('',#1308,#1307,#646,.T.);
#1677=EDGE_CURVE('',#1345,#1346,#647,.T.);
#1678=EDGE_CURVE('',#1346,#1347,#648,.T.);
#1679=EDGE_CURVE('',#1348,#1347,#649,.T.);
#1680=EDGE_CURVE('',#1345,#1348,#650,.T.);
#1681=EDGE_CURVE('',#1349,#1349,#78,.T.);
#1682=EDGE_CURVE('',#1349,#1350,#651,.T.);
#1683=EDGE_CURVE('',#1350,#1350,#79,.T.);
#1684=EDGE_CURVE('',#1351,#1352,#652,.T.);
#1685=EDGE_CURVE('',#1351,#1353,#653,.T.);
#1686=EDGE_CURVE('',#1354,#1353,#654,.T.);
#1687=EDGE_CURVE('',#1352,#1354,#655,.T.);
#1688=EDGE_CURVE('',#1355,#1345,#656,.T.);
#1689=EDGE_CURVE('',#1356,#1348,#657,.T.);
#1690=EDGE_CURVE('',#1356,#1355,#658,.T.);
#1691=EDGE_CURVE('',#1355,#1357,#659,.T.);
#1692=EDGE_CURVE('',#1357,#1346,#660,.T.);
#1693=EDGE_CURVE('',#1358,#1347,#661,.T.);
#1694=EDGE_CURVE('',#1358,#1357,#662,.T.);
#1695=EDGE_CURVE('',#1333,#1327,#663,.T.);
#1696=EDGE_CURVE('',#1326,#1334,#664,.T.);
#1697=EDGE_CURVE('',#1324,#1354,#665,.T.);
#1698=EDGE_CURVE('',#1353,#1325,#666,.T.);
#1699=EDGE_CURVE('',#1319,#1359,#667,.T.);
#1700=EDGE_CURVE('',#1359,#1323,#668,.T.);
#1701=EDGE_CURVE('',#1318,#1360,#669,.T.);
#1702=EDGE_CURVE('',#1359,#1360,#670,.T.);
#1703=EDGE_CURVE('',#1356,#1328,#671,.T.);
#1704=EDGE_CURVE('',#1361,#1358,#672,.T.);
#1705=EDGE_CURVE('',#1361,#1315,#673,.T.);
#1706=EDGE_CURVE('',#1362,#1302,#674,.T.);
#1707=EDGE_CURVE('',#1362,#1363,#675,.T.);
#1708=EDGE_CURVE('',#1303,#1363,#676,.T.);
#1709=EDGE_CURVE('',#1330,#1363,#677,.T.);
#1710=EDGE_CURVE('',#1317,#1275,#678,.T.);
#1711=EDGE_CURVE('',#1364,#1286,#679,.T.);
#1712=EDGE_CURVE('',#1364,#1282,#680,.T.);
#1713=EDGE_CURVE('',#1287,#1290,#681,.T.);
#1714=EDGE_CURVE('',#1360,#1364,#682,.T.);
#1715=EDGE_CURVE('',#1318,#1276,#683,.T.);
#1716=EDGE_CURVE('',#1365,#1361,#684,.T.);
#1717=EDGE_CURVE('',#1365,#1279,#685,.T.);
#1718=EDGE_CURVE('',#1290,#1273,#686,.T.);
#1719=EDGE_CURVE('',#1274,#1287,#687,.T.);
#1720=EDGE_CURVE('',#1256,#1312,#17,.T.);
#1721=EDGE_CURVE('',#1251,#1366,#688,.T.);
#1722=EDGE_CURVE('',#1366,#1367,#689,.T.);
#1723=EDGE_CURVE('',#1367,#1253,#690,.T.);
#1724=EDGE_CURVE('',#1367,#1368,#691,.T.);
#1725=EDGE_CURVE('',#1368,#1252,#692,.T.);
#1726=EDGE_CURVE('',#1368,#1369,#693,.T.);
#1727=EDGE_CURVE('',#1369,#1250,#694,.T.);
#1728=EDGE_CURVE('',#1369,#1366,#695,.T.);
#1729=EDGE_CURVE('',#1245,#1370,#696,.T.);
#1730=EDGE_CURVE('',#1371,#1246,#697,.T.);
#1731=EDGE_CURVE('',#1370,#1371,#698,.T.);
#1732=EDGE_CURVE('',#1267,#1185,#699,.T.);
#1733=EDGE_CURVE('',#1291,#1372,#700,.T.);
#1734=EDGE_CURVE('',#1237,#1372,#701,.T.);
#1735=EDGE_CURVE('',#1352,#1236,#702,.T.);
#1736=EDGE_CURVE('',#1235,#1351,#703,.T.);
#1737=EDGE_CURVE('',#1332,#1234,#704,.T.);
#1738=EDGE_CURVE('',#1233,#1331,#705,.T.);
#1739=EDGE_CURVE('',#1370,#1232,#706,.T.);
#1740=EDGE_CURVE('',#1229,#1373,#707,.T.);
#1741=EDGE_CURVE('',#1373,#1247,#708,.T.);
#1742=EDGE_CURVE('',#1374,#1227,#709,.T.);
#1743=EDGE_CURVE('',#1226,#1373,#710,.T.);
#1744=EDGE_CURVE('',#1374,#1228,#711,.T.);
#1745=EDGE_CURVE('',#1225,#1269,#80,.T.);
#1746=EDGE_CURVE('',#1270,#1224,#81,.T.);
#1747=EDGE_CURVE('',#1375,#1203,#712,.T.);
#1748=EDGE_CURVE('',#1249,#1375,#713,.T.);
#1749=EDGE_CURVE('',#1375,#1200,#714,.T.);
#1750=EDGE_CURVE('',#1197,#1371,#715,.T.);
#1751=EDGE_CURVE('',#1195,#1265,#716,.T.);
#1752=EDGE_CURVE('',#1191,#1362,#717,.T.);
#1753=EDGE_CURVE('',#1301,#1365,#718,.T.);
#1754=EDGE_CURVE('',#1190,#1329,#719,.T.);
#1755=EDGE_CURVE('',#1294,#1241,#720,.T.);
#1756=EDGE_CURVE('',#1311,#1376,#18,.T.);
#1757=EDGE_CURVE('',#1376,#1187,#721,.T.);
#1758=EDGE_CURVE('',#1184,#1376,#722,.T.);
#1759=EDGE_CURVE('',#1372,#1183,#723,.T.);
#1760=EDGE_CURVE('',#1180,#1374,#724,.T.);
#1761=EDGE_CURVE('',#1173,#1377,#725,.T.);
#1762=EDGE_CURVE('',#1202,#1377,#726,.T.);
#1763=EDGE_CURVE('',#1201,#1378,#727,.T.);
#1764=EDGE_CURVE('',#1378,#1171,#728,.T.);
#1765=EDGE_CURVE('',#1379,#1172,#729,.T.);
#1766=EDGE_CURVE('',#1379,#1378,#730,.T.);
#1767=EDGE_CURVE('',#1377,#1380,#731,.T.);
#1768=EDGE_CURVE('',#1380,#1381,#732,.T.);
#1769=EDGE_CURVE('',#1381,#1379,#733,.T.);
#1770=EDGE_CURVE('',#1380,#1382,#734,.T.);
#1771=EDGE_CURVE('',#1173,#1383,#735,.T.);
#1772=EDGE_CURVE('',#1383,#1382,#736,.T.);
#1773=EDGE_CURVE('',#1172,#1384,#737,.T.);
#1774=EDGE_CURVE('',#1384,#1383,#738,.T.);
#1775=EDGE_CURVE('',#1381,#1385,#739,.T.);
#1776=EDGE_CURVE('',#1385,#1384,#740,.T.);
#1777=EDGE_CURVE('',#1382,#1385,#741,.T.);
#1778=EDGE_CURVE('',#1386,#1386,#82,.T.);
#1779=EDGE_CURVE('',#1386,#1165,#742,.T.);
#1780=EDGE_CURVE('',#1387,#1388,#743,.T.);
#1781=EDGE_CURVE('',#1387,#1389,#744,.T.);
#1782=EDGE_CURVE('',#1390,#1389,#745,.T.);
#1783=EDGE_CURVE('',#1390,#1391,#746,.T.);
#1784=EDGE_CURVE('',#1391,#1392,#747,.T.);
#1785=EDGE_CURVE('',#1393,#1392,#748,.T.);
#1786=EDGE_CURVE('',#1393,#1394,#749,.T.);
#1787=EDGE_CURVE('',#1394,#1388,#750,.T.);
#1788=EDGE_CURVE('',#1395,#1388,#751,.T.);
#1789=EDGE_CURVE('',#1396,#1395,#752,.T.);
#1790=EDGE_CURVE('',#1396,#1387,#753,.T.);
#1791=EDGE_CURVE('',#1397,#1398,#754,.T.);
#1792=EDGE_CURVE('',#1396,#1397,#755,.T.);
#1793=EDGE_CURVE('',#1395,#1398,#756,.T.);
#1794=EDGE_CURVE('',#1399,#1400,#757,.T.);
#1795=EDGE_CURVE('',#1399,#1401,#758,.T.);
#1796=EDGE_CURVE('',#1401,#1402,#759,.T.);
#1797=EDGE_CURVE('',#1400,#1402,#760,.T.);
#1798=EDGE_CURVE('',#1403,#1404,#761,.T.);
#1799=EDGE_CURVE('',#1404,#1405,#762,.T.);
#1800=EDGE_CURVE('',#1405,#1406,#763,.T.);
#1801=EDGE_CURVE('',#1406,#1407,#764,.T.);
#1802=EDGE_CURVE('',#1399,#1407,#765,.T.);
#1803=EDGE_CURVE('',#1400,#1408,#766,.T.);
#1804=EDGE_CURVE('',#1403,#1408,#767,.T.);
#1805=EDGE_CURVE('',#1405,#1391,#768,.T.);
#1806=EDGE_CURVE('',#1398,#1390,#769,.T.);
#1807=EDGE_CURVE('',#1394,#1408,#770,.T.);
#1808=EDGE_CURVE('',#1402,#1409,#771,.T.);
#1809=EDGE_CURVE('',#1406,#1409,#772,.T.);
#1810=EDGE_CURVE('',#1403,#1393,#773,.T.);
#1811=EDGE_CURVE('',#1392,#1404,#774,.T.);
#1812=EDGE_CURVE('',#1401,#1410,#775,.T.);
#1813=EDGE_CURVE('',#1410,#1409,#776,.T.);
#1814=EDGE_CURVE('',#1397,#1389,#777,.T.);
#1815=EDGE_CURVE('',#1407,#1410,#778,.T.);
#1816=ORIENTED_EDGE('',*,*,#1411,.F.);
#1817=ORIENTED_EDGE('',*,*,#1412,.F.);
#1818=ORIENTED_EDGE('',*,*,#1413,.T.);
#1819=ORIENTED_EDGE('',*,*,#1414,.T.);
#1820=ORIENTED_EDGE('',*,*,#1415,.F.);
#1821=ORIENTED_EDGE('',*,*,#1416,.T.);
#1822=ORIENTED_EDGE('',*,*,#1412,.T.);
#1823=ORIENTED_EDGE('',*,*,#1417,.F.);
#1824=ORIENTED_EDGE('',*,*,#1418,.F.);
#1825=ORIENTED_EDGE('',*,*,#1419,.T.);
#1826=ORIENTED_EDGE('',*,*,#1415,.T.);
#1827=ORIENTED_EDGE('',*,*,#1420,.F.);
#1828=ORIENTED_EDGE('',*,*,#1421,.F.);
#1829=ORIENTED_EDGE('',*,*,#1418,.T.);
#1830=ORIENTED_EDGE('',*,*,#1422,.F.);
#1831=ORIENTED_EDGE('',*,*,#1423,.F.);
#1832=ORIENTED_EDGE('',*,*,#1424,.F.);
#1833=ORIENTED_EDGE('',*,*,#1423,.T.);
#1834=ORIENTED_EDGE('',*,*,#1425,.F.);
#1835=ORIENTED_EDGE('',*,*,#1426,.F.);
#1836=ORIENTED_EDGE('',*,*,#1427,.F.);
#1837=ORIENTED_EDGE('',*,*,#1426,.T.);
#1838=ORIENTED_EDGE('',*,*,#1428,.F.);
#1839=ORIENTED_EDGE('',*,*,#1414,.F.);
#1840=ORIENTED_EDGE('',*,*,#1424,.T.);
#1841=ORIENTED_EDGE('',*,*,#1427,.T.);
#1842=ORIENTED_EDGE('',*,*,#1413,.F.);
#1843=ORIENTED_EDGE('',*,*,#1416,.F.);
#1844=ORIENTED_EDGE('',*,*,#1419,.F.);
#1845=ORIENTED_EDGE('',*,*,#1421,.T.);
#1846=ORIENTED_EDGE('',*,*,#1425,.T.);
#1847=ORIENTED_EDGE('',*,*,#1422,.T.);
#1848=ORIENTED_EDGE('',*,*,#1420,.T.);
#1849=ORIENTED_EDGE('',*,*,#1417,.T.);
#1850=ORIENTED_EDGE('',*,*,#1411,.T.);
#1851=ORIENTED_EDGE('',*,*,#1428,.T.);
#1852=ORIENTED_EDGE('',*,*,#1429,.F.);
#1853=ORIENTED_EDGE('',*,*,#1430,.T.);
#1854=ORIENTED_EDGE('',*,*,#1431,.F.);
#1855=ORIENTED_EDGE('',*,*,#1432,.F.);
#1856=ORIENTED_EDGE('',*,*,#1433,.F.);
#1857=ORIENTED_EDGE('',*,*,#1432,.T.);
#1858=ORIENTED_EDGE('',*,*,#1434,.F.);
#1859=ORIENTED_EDGE('',*,*,#1435,.F.);
#1860=ORIENTED_EDGE('',*,*,#1436,.F.);
#1861=ORIENTED_EDGE('',*,*,#1435,.T.);
#1862=ORIENTED_EDGE('',*,*,#1437,.F.);
#1863=ORIENTED_EDGE('',*,*,#1438,.F.);
#1864=ORIENTED_EDGE('',*,*,#1439,.F.);
#1865=ORIENTED_EDGE('',*,*,#1438,.T.);
#1866=ORIENTED_EDGE('',*,*,#1440,.F.);
#1867=ORIENTED_EDGE('',*,*,#1430,.F.);
#1868=ORIENTED_EDGE('',*,*,#1439,.T.);
#1869=ORIENTED_EDGE('',*,*,#1429,.T.);
#1870=ORIENTED_EDGE('',*,*,#1433,.T.);
#1871=ORIENTED_EDGE('',*,*,#1436,.T.);
#1872=ORIENTED_EDGE('',*,*,#1440,.T.);
#1873=ORIENTED_EDGE('',*,*,#1437,.T.);
#1874=ORIENTED_EDGE('',*,*,#1434,.T.);
#1875=ORIENTED_EDGE('',*,*,#1431,.T.);
#1876=ORIENTED_EDGE('',*,*,#1441,.F.);
#1877=ORIENTED_EDGE('',*,*,#1442,.F.);
#1878=ORIENTED_EDGE('',*,*,#1443,.T.);
#1879=ORIENTED_EDGE('',*,*,#1444,.T.);
#1880=ORIENTED_EDGE('',*,*,#1443,.F.);
#1881=ORIENTED_EDGE('',*,*,#1444,.F.);
#1882=ORIENTED_EDGE('',*,*,#1445,.T.);
#1883=ORIENTED_EDGE('',*,*,#1446,.T.);
#1884=ORIENTED_EDGE('',*,*,#1447,.F.);
#1885=ORIENTED_EDGE('',*,*,#1448,.F.);
#1886=ORIENTED_EDGE('',*,*,#1449,.F.);
#1887=ORIENTED_EDGE('',*,*,#1450,.F.);
#1888=ORIENTED_EDGE('',*,*,#1451,.T.);
#1889=ORIENTED_EDGE('',*,*,#1452,.T.);
#1890=ORIENTED_EDGE('',*,*,#1453,.T.);
#1891=ORIENTED_EDGE('',*,*,#1454,.T.);
#1892=ORIENTED_EDGE('',*,*,#1455,.T.);
#1893=ORIENTED_EDGE('',*,*,#1456,.F.);
#1894=ORIENTED_EDGE('',*,*,#1457,.F.);
#1895=ORIENTED_EDGE('',*,*,#1458,.T.);
#1896=ORIENTED_EDGE('',*,*,#1459,.F.);
#1897=ORIENTED_EDGE('',*,*,#1460,.F.);
#1898=ORIENTED_EDGE('',*,*,#1461,.F.);
#1899=ORIENTED_EDGE('',*,*,#1462,.T.);
#1900=ORIENTED_EDGE('',*,*,#1463,.F.);
#1901=ORIENTED_EDGE('',*,*,#1464,.F.);
#1902=ORIENTED_EDGE('',*,*,#1465,.T.);
#1903=ORIENTED_EDGE('',*,*,#1445,.F.);
#1904=ORIENTED_EDGE('',*,*,#1466,.F.);
#1905=ORIENTED_EDGE('',*,*,#1467,.F.);
#1906=ORIENTED_EDGE('',*,*,#1468,.F.);
#1907=ORIENTED_EDGE('',*,*,#1469,.T.);
#1908=ORIENTED_EDGE('',*,*,#1470,.T.);
#1909=ORIENTED_EDGE('',*,*,#1471,.T.);
#1910=ORIENTED_EDGE('',*,*,#1472,.F.);
#1911=ORIENTED_EDGE('',*,*,#1473,.T.);
#1912=ORIENTED_EDGE('',*,*,#1474,.F.);
#1913=ORIENTED_EDGE('',*,*,#1475,.F.);
#1914=ORIENTED_EDGE('',*,*,#1476,.F.);
#1915=ORIENTED_EDGE('',*,*,#1477,.T.);
#1916=ORIENTED_EDGE('',*,*,#1478,.F.);
#1917=ORIENTED_EDGE('',*,*,#1479,.F.);
#1918=ORIENTED_EDGE('',*,*,#1480,.F.);
#1919=ORIENTED_EDGE('',*,*,#1446,.F.);
#1920=ORIENTED_EDGE('',*,*,#1474,.T.);
#1921=ORIENTED_EDGE('',*,*,#1451,.F.);
#1922=ORIENTED_EDGE('',*,*,#1481,.F.);
#1923=ORIENTED_EDGE('',*,*,#1482,.F.);
#1924=ORIENTED_EDGE('',*,*,#1483,.F.);
#1925=ORIENTED_EDGE('',*,*,#1484,.F.);
#1926=ORIENTED_EDGE('',*,*,#1485,.T.);
#1927=ORIENTED_EDGE('',*,*,#1486,.T.);
#1928=ORIENTED_EDGE('',*,*,#1487,.T.);
#1929=ORIENTED_EDGE('',*,*,#1488,.T.);
#1930=ORIENTED_EDGE('',*,*,#1489,.T.);
#1931=ORIENTED_EDGE('',*,*,#1490,.F.);
#1932=ORIENTED_EDGE('',*,*,#1491,.T.);
#1933=ORIENTED_EDGE('',*,*,#1452,.F.);
#1934=ORIENTED_EDGE('',*,*,#1485,.F.);
#1935=ORIENTED_EDGE('',*,*,#1492,.F.);
#1936=ORIENTED_EDGE('',*,*,#1493,.T.);
#1937=ORIENTED_EDGE('',*,*,#1494,.T.);
#1938=ORIENTED_EDGE('',*,*,#1495,.T.);
#1939=ORIENTED_EDGE('',*,*,#1496,.T.);
#1940=ORIENTED_EDGE('',*,*,#1497,.T.);
#1941=ORIENTED_EDGE('',*,*,#1498,.F.);
#1942=ORIENTED_EDGE('',*,*,#1453,.F.);
#1943=ORIENTED_EDGE('',*,*,#1491,.F.);
#1944=ORIENTED_EDGE('',*,*,#1499,.T.);
#1945=ORIENTED_EDGE('',*,*,#1498,.T.);
#1946=ORIENTED_EDGE('',*,*,#1500,.T.);
#1947=ORIENTED_EDGE('',*,*,#1501,.F.);
#1948=ORIENTED_EDGE('',*,*,#1502,.F.);
#1949=ORIENTED_EDGE('',*,*,#1503,.T.);
#1950=ORIENTED_EDGE('',*,*,#1504,.T.);
#1951=ORIENTED_EDGE('',*,*,#1505,.T.);
#1952=ORIENTED_EDGE('',*,*,#1454,.F.);
#1953=ORIENTED_EDGE('',*,*,#1505,.F.);
#1954=ORIENTED_EDGE('',*,*,#1506,.F.);
#1955=ORIENTED_EDGE('',*,*,#1507,.F.);
#1956=ORIENTED_EDGE('',*,*,#1508,.F.);
#1957=ORIENTED_EDGE('',*,*,#1509,.F.);
#1958=ORIENTED_EDGE('',*,*,#1510,.F.);
#1959=ORIENTED_EDGE('',*,*,#1511,.F.);
#1960=ORIENTED_EDGE('',*,*,#1455,.F.);
#1961=ORIENTED_EDGE('',*,*,#1512,.F.);
#1962=ORIENTED_EDGE('',*,*,#1513,.F.);
#1963=ORIENTED_EDGE('',*,*,#1514,.F.);
#1964=ORIENTED_EDGE('',*,*,#1515,.T.);
#1965=ORIENTED_EDGE('',*,*,#1516,.F.);
#1966=ORIENTED_EDGE('',*,*,#1517,.F.);
#1967=ORIENTED_EDGE('',*,*,#1518,.F.);
#1968=ORIENTED_EDGE('',*,*,#1519,.F.);
#1969=ORIENTED_EDGE('',*,*,#1520,.F.);
#1970=ORIENTED_EDGE('',*,*,#1521,.F.);
#1971=ORIENTED_EDGE('',*,*,#1522,.F.);
#1972=ORIENTED_EDGE('',*,*,#1458,.F.);
#1973=ORIENTED_EDGE('',*,*,#1523,.F.);
#1974=ORIENTED_EDGE('',*,*,#1524,.T.);
#1975=ORIENTED_EDGE('',*,*,#1525,.T.);
#1976=ORIENTED_EDGE('',*,*,#1462,.F.);
#1977=ORIENTED_EDGE('',*,*,#1526,.F.);
#1978=ORIENTED_EDGE('',*,*,#1527,.F.);
#1979=ORIENTED_EDGE('',*,*,#1528,.F.);
#1980=ORIENTED_EDGE('',*,*,#1466,.T.);
#1981=ORIENTED_EDGE('',*,*,#1465,.F.);
#1982=ORIENTED_EDGE('',*,*,#1529,.F.);
#1983=ORIENTED_EDGE('',*,*,#1530,.T.);
#1984=ORIENTED_EDGE('',*,*,#1531,.F.);
#1985=ORIENTED_EDGE('',*,*,#1470,.F.);
#1986=ORIENTED_EDGE('',*,*,#1471,.F.);
#1987=ORIENTED_EDGE('',*,*,#1531,.T.);
#1988=ORIENTED_EDGE('',*,*,#1532,.F.);
#1989=ORIENTED_EDGE('',*,*,#1533,.F.);
#1990=ORIENTED_EDGE('',*,*,#1534,.F.);
#1991=ORIENTED_EDGE('',*,*,#1535,.F.);
#1992=ORIENTED_EDGE('',*,*,#1515,.F.);
#1993=ORIENTED_EDGE('',*,*,#1536,.F.);
#1994=ORIENTED_EDGE('',*,*,#1537,.T.);
#1995=ORIENTED_EDGE('',*,*,#1538,.T.);
#1996=ORIENTED_EDGE('',*,*,#1502,.T.);
#1997=ORIENTED_EDGE('',*,*,#1539,.T.);
#1998=ORIENTED_EDGE('',*,*,#1492,.T.);
#1999=ORIENTED_EDGE('',*,*,#1484,.T.);
#2000=ORIENTED_EDGE('',*,*,#1540,.T.);
#2001=ORIENTED_EDGE('',*,*,#1541,.F.);
#2002=ORIENTED_EDGE('',*,*,#1477,.F.);
#2003=ORIENTED_EDGE('',*,*,#1542,.F.);
#2004=ORIENTED_EDGE('',*,*,#1543,.F.);
#2005=ORIENTED_EDGE('',*,*,#1544,.F.);
#2006=ORIENTED_EDGE('',*,*,#1545,.T.);
#2007=ORIENTED_EDGE('',*,*,#1486,.F.);
#2008=ORIENTED_EDGE('',*,*,#1546,.F.);
#2009=ORIENTED_EDGE('',*,*,#1547,.F.);
#2010=ORIENTED_EDGE('',*,*,#1543,.T.);
#2011=ORIENTED_EDGE('',*,*,#1489,.F.);
#2012=ORIENTED_EDGE('',*,*,#1548,.F.);
#2013=ORIENTED_EDGE('',*,*,#1549,.F.);
#2014=ORIENTED_EDGE('',*,*,#1546,.T.);
#2015=ORIENTED_EDGE('',*,*,#1488,.F.);
#2016=ORIENTED_EDGE('',*,*,#1545,.F.);
#2017=ORIENTED_EDGE('',*,*,#1550,.F.);
#2018=ORIENTED_EDGE('',*,*,#1548,.T.);
#2019=ORIENTED_EDGE('',*,*,#1487,.F.);
#2020=ORIENTED_EDGE('',*,*,#1501,.T.);
#2021=ORIENTED_EDGE('',*,*,#1551,.F.);
#2022=ORIENTED_EDGE('',*,*,#1493,.F.);
#2023=ORIENTED_EDGE('',*,*,#1539,.F.);
#2024=ORIENTED_EDGE('',*,*,#1552,.T.);
#2025=ORIENTED_EDGE('',*,*,#1553,.T.);
#2026=ORIENTED_EDGE('',*,*,#1554,.F.);
#2027=ORIENTED_EDGE('',*,*,#1555,.F.);
#2028=ORIENTED_EDGE('',*,*,#1494,.F.);
#2029=ORIENTED_EDGE('',*,*,#1497,.F.);
#2030=ORIENTED_EDGE('',*,*,#1556,.T.);
#2031=ORIENTED_EDGE('',*,*,#1523,.T.);
#2032=ORIENTED_EDGE('',*,*,#1557,.F.);
#2033=ORIENTED_EDGE('',*,*,#1552,.F.);
#2034=ORIENTED_EDGE('',*,*,#1524,.F.);
#2035=ORIENTED_EDGE('',*,*,#1556,.F.);
#2036=ORIENTED_EDGE('',*,*,#1496,.F.);
#2037=ORIENTED_EDGE('',*,*,#1558,.F.);
#2038=ORIENTED_EDGE('',*,*,#1559,.F.);
#2039=ORIENTED_EDGE('',*,*,#1495,.F.);
#2040=ORIENTED_EDGE('',*,*,#1555,.T.);
#2041=ORIENTED_EDGE('',*,*,#1560,.F.);
#2042=ORIENTED_EDGE('',*,*,#1558,.T.);
#2043=ORIENTED_EDGE('',*,*,#1561,.T.);
#2044=ORIENTED_EDGE('',*,*,#1506,.T.);
#2045=ORIENTED_EDGE('',*,*,#1504,.F.);
#2046=ORIENTED_EDGE('',*,*,#1562,.F.);
#2047=ORIENTED_EDGE('',*,*,#1563,.T.);
#2048=ORIENTED_EDGE('',*,*,#1564,.T.);
#2049=ORIENTED_EDGE('',*,*,#1565,.T.);
#2050=ORIENTED_EDGE('',*,*,#1566,.T.);
#2051=ORIENTED_EDGE('',*,*,#1567,.T.);
#2052=ORIENTED_EDGE('',*,*,#1562,.T.);
#2053=ORIENTED_EDGE('',*,*,#1503,.F.);
#2054=ORIENTED_EDGE('',*,*,#1538,.F.);
#2055=ORIENTED_EDGE('',*,*,#1568,.F.);
#2056=ORIENTED_EDGE('',*,*,#1569,.T.);
#2057=ORIENTED_EDGE('',*,*,#1532,.T.);
#2058=ORIENTED_EDGE('',*,*,#1530,.F.);
#2059=ORIENTED_EDGE('',*,*,#1570,.F.);
#2060=ORIENTED_EDGE('',*,*,#1571,.T.);
#2061=ORIENTED_EDGE('',*,*,#1572,.F.);
#2062=ORIENTED_EDGE('',*,*,#1553,.F.);
#2063=ORIENTED_EDGE('',*,*,#1557,.T.);
#2064=ORIENTED_EDGE('',*,*,#1573,.F.);
#2065=ORIENTED_EDGE('',*,*,#1574,.F.);
#2066=ORIENTED_EDGE('',*,*,#1575,.T.);
#2067=ORIENTED_EDGE('',*,*,#1576,.F.);
#2068=ORIENTED_EDGE('',*,*,#1577,.T.);
#2069=ORIENTED_EDGE('',*,*,#1578,.F.);
#2070=ORIENTED_EDGE('',*,*,#1569,.F.);
#2071=ORIENTED_EDGE('',*,*,#1579,.F.);
#2072=ORIENTED_EDGE('',*,*,#1580,.T.);
#2073=ORIENTED_EDGE('',*,*,#1581,.F.);
#2074=ORIENTED_EDGE('',*,*,#1566,.F.);
#2075=ORIENTED_EDGE('',*,*,#1582,.T.);
#2076=ORIENTED_EDGE('',*,*,#1564,.F.);
#2077=ORIENTED_EDGE('',*,*,#1583,.F.);
#2078=ORIENTED_EDGE('',*,*,#1580,.F.);
#2079=ORIENTED_EDGE('',*,*,#1565,.F.);
#2080=ORIENTED_EDGE('',*,*,#1582,.F.);
#2081=ORIENTED_EDGE('',*,*,#1584,.T.);
#2082=ORIENTED_EDGE('',*,*,#1575,.F.);
#2083=ORIENTED_EDGE('',*,*,#1585,.T.);
#2084=ORIENTED_EDGE('',*,*,#1586,.F.);
#2085=ORIENTED_EDGE('',*,*,#1587,.F.);
#2086=ORIENTED_EDGE('',*,*,#1588,.F.);
#2087=ORIENTED_EDGE('',*,*,#1589,.T.);
#2088=ORIENTED_EDGE('',*,*,#1590,.T.);
#2089=ORIENTED_EDGE('',*,*,#1591,.F.);
#2090=ORIENTED_EDGE('',*,*,#1592,.F.);
#2091=ORIENTED_EDGE('',*,*,#1593,.F.);
#2092=ORIENTED_EDGE('',*,*,#1594,.F.);
#2093=ORIENTED_EDGE('',*,*,#1595,.T.);
#2094=ORIENTED_EDGE('',*,*,#1596,.T.);
#2095=ORIENTED_EDGE('',*,*,#1597,.T.);
#2096=ORIENTED_EDGE('',*,*,#1598,.T.);
#2097=ORIENTED_EDGE('',*,*,#1599,.T.);
#2098=ORIENTED_EDGE('',*,*,#1600,.T.);
#2099=ORIENTED_EDGE('',*,*,#1601,.T.);
#2100=ORIENTED_EDGE('',*,*,#1602,.T.);
#2101=ORIENTED_EDGE('',*,*,#1592,.T.);
#2102=ORIENTED_EDGE('',*,*,#1603,.F.);
#2103=ORIENTED_EDGE('',*,*,#1604,.F.);
#2104=ORIENTED_EDGE('',*,*,#1605,.T.);
#2105=ORIENTED_EDGE('',*,*,#1606,.F.);
#2106=ORIENTED_EDGE('',*,*,#1607,.F.);
#2107=ORIENTED_EDGE('',*,*,#1608,.F.);
#2108=ORIENTED_EDGE('',*,*,#1609,.F.);
#2109=ORIENTED_EDGE('',*,*,#1610,.T.);
#2110=ORIENTED_EDGE('',*,*,#1611,.T.);
#2111=ORIENTED_EDGE('',*,*,#1608,.T.);
#2112=ORIENTED_EDGE('',*,*,#1612,.T.);
#2113=ORIENTED_EDGE('',*,*,#1613,.T.);
#2114=ORIENTED_EDGE('',*,*,#1614,.T.);
#2115=ORIENTED_EDGE('',*,*,#1610,.F.);
#2116=ORIENTED_EDGE('',*,*,#1615,.F.);
#2117=ORIENTED_EDGE('',*,*,#1616,.F.);
#2118=ORIENTED_EDGE('',*,*,#1617,.F.);
#2119=ORIENTED_EDGE('',*,*,#1618,.F.);
#2120=ORIENTED_EDGE('',*,*,#1619,.F.);
#2121=ORIENTED_EDGE('',*,*,#1589,.F.);
#2122=ORIENTED_EDGE('',*,*,#1620,.T.);
#2123=ORIENTED_EDGE('',*,*,#1621,.T.);
#2124=ORIENTED_EDGE('',*,*,#1622,.F.);
#2125=ORIENTED_EDGE('',*,*,#1623,.T.);
#2126=ORIENTED_EDGE('',*,*,#1595,.F.);
#2127=ORIENTED_EDGE('',*,*,#1623,.F.);
#2128=ORIENTED_EDGE('',*,*,#1624,.F.);
#2129=ORIENTED_EDGE('',*,*,#1625,.F.);
#2130=ORIENTED_EDGE('',*,*,#1626,.T.);
#2131=ORIENTED_EDGE('',*,*,#1596,.F.);
#2132=ORIENTED_EDGE('',*,*,#1626,.F.);
#2133=ORIENTED_EDGE('',*,*,#1627,.F.);
#2134=ORIENTED_EDGE('',*,*,#1628,.F.);
#2135=ORIENTED_EDGE('',*,*,#1629,.T.);
#2136=ORIENTED_EDGE('',*,*,#1597,.F.);
#2137=ORIENTED_EDGE('',*,*,#1629,.F.);
#2138=ORIENTED_EDGE('',*,*,#1630,.F.);
#2139=ORIENTED_EDGE('',*,*,#1631,.F.);
#2140=ORIENTED_EDGE('',*,*,#1632,.F.);
#2141=ORIENTED_EDGE('',*,*,#1600,.F.);
#2142=ORIENTED_EDGE('',*,*,#1611,.F.);
#2143=ORIENTED_EDGE('',*,*,#1614,.F.);
#2144=ORIENTED_EDGE('',*,*,#1633,.F.);
#2145=ORIENTED_EDGE('',*,*,#1605,.F.);
#2146=ORIENTED_EDGE('',*,*,#1634,.F.);
#2147=ORIENTED_EDGE('',*,*,#1635,.T.);
#2148=ORIENTED_EDGE('',*,*,#1636,.F.);
#2149=ORIENTED_EDGE('',*,*,#1612,.F.);
#2150=ORIENTED_EDGE('',*,*,#1637,.F.);
#2151=ORIENTED_EDGE('',*,*,#1638,.F.);
#2152=ORIENTED_EDGE('',*,*,#1621,.F.);
#2153=ORIENTED_EDGE('',*,*,#1639,.F.);
#2154=ORIENTED_EDGE('',*,*,#1640,.F.);
#2155=ORIENTED_EDGE('',*,*,#1641,.F.);
#2156=ORIENTED_EDGE('',*,*,#1642,.F.);
#2157=ORIENTED_EDGE('',*,*,#1643,.T.);
#2158=ORIENTED_EDGE('',*,*,#1635,.F.);
#2159=ORIENTED_EDGE('',*,*,#1644,.F.);
#2160=ORIENTED_EDGE('',*,*,#1645,.T.);
#2161=ORIENTED_EDGE('',*,*,#1646,.F.);
#2162=ORIENTED_EDGE('',*,*,#1643,.F.);
#2163=ORIENTED_EDGE('',*,*,#1647,.F.);
#2164=ORIENTED_EDGE('',*,*,#1648,.F.);
#2165=ORIENTED_EDGE('',*,*,#1649,.F.);
#2166=ORIENTED_EDGE('',*,*,#1650,.T.);
#2167=ORIENTED_EDGE('',*,*,#1651,.F.);
#2168=ORIENTED_EDGE('',*,*,#1652,.F.);
#2169=ORIENTED_EDGE('',*,*,#1653,.F.);
#2170=ORIENTED_EDGE('',*,*,#1654,.F.);
#2171=ORIENTED_EDGE('',*,*,#1645,.F.);
#2172=ORIENTED_EDGE('',*,*,#1655,.F.);
#2173=ORIENTED_EDGE('',*,*,#1656,.F.);
#2174=ORIENTED_EDGE('',*,*,#1657,.F.);
#2175=ORIENTED_EDGE('',*,*,#1658,.F.);
#2176=ORIENTED_EDGE('',*,*,#1659,.F.);
#2177=ORIENTED_EDGE('',*,*,#1660,.F.);
#2178=ORIENTED_EDGE('',*,*,#1661,.F.);
#2179=ORIENTED_EDGE('',*,*,#1662,.T.);
#2180=ORIENTED_EDGE('',*,*,#1663,.T.);
#2181=ORIENTED_EDGE('',*,*,#1662,.F.);
#2182=ORIENTED_EDGE('',*,*,#1664,.F.);
#2183=ORIENTED_EDGE('',*,*,#1665,.T.);
#2184=ORIENTED_EDGE('',*,*,#1666,.T.);
#2185=ORIENTED_EDGE('',*,*,#1665,.F.);
#2186=ORIENTED_EDGE('',*,*,#1667,.F.);
#2187=ORIENTED_EDGE('',*,*,#1668,.T.);
#2188=ORIENTED_EDGE('',*,*,#1669,.T.);
#2189=ORIENTED_EDGE('',*,*,#1668,.F.);
#2190=ORIENTED_EDGE('',*,*,#1663,.F.);
#2191=ORIENTED_EDGE('',*,*,#1666,.F.);
#2192=ORIENTED_EDGE('',*,*,#1669,.F.);
#2193=ORIENTED_EDGE('',*,*,#1670,.F.);
#2194=ORIENTED_EDGE('',*,*,#1671,.T.);
#2195=ORIENTED_EDGE('',*,*,#1672,.T.);
#2196=ORIENTED_EDGE('',*,*,#1671,.F.);
#2197=ORIENTED_EDGE('',*,*,#1672,.F.);
#2198=ORIENTED_EDGE('',*,*,#1673,.F.);
#2199=ORIENTED_EDGE('',*,*,#1674,.F.);
#2200=ORIENTED_EDGE('',*,*,#1675,.T.);
#2201=ORIENTED_EDGE('',*,*,#1673,.T.);
#2202=ORIENTED_EDGE('',*,*,#1675,.F.);
#2203=ORIENTED_EDGE('',*,*,#1676,.T.);
#2204=ORIENTED_EDGE('',*,*,#1624,.T.);
#2205=ORIENTED_EDGE('',*,*,#1677,.T.);
#2206=ORIENTED_EDGE('',*,*,#1678,.T.);
#2207=ORIENTED_EDGE('',*,*,#1679,.F.);
#2208=ORIENTED_EDGE('',*,*,#1680,.F.);
#2209=ORIENTED_EDGE('',*,*,#1681,.F.);
#2210=ORIENTED_EDGE('',*,*,#1682,.T.);
#2211=ORIENTED_EDGE('',*,*,#1683,.T.);
#2212=ORIENTED_EDGE('',*,*,#1682,.F.);
#2213=ORIENTED_EDGE('',*,*,#1683,.F.);
#2214=ORIENTED_EDGE('',*,*,#1684,.F.);
#2215=ORIENTED_EDGE('',*,*,#1685,.T.);
#2216=ORIENTED_EDGE('',*,*,#1686,.F.);
#2217=ORIENTED_EDGE('',*,*,#1687,.F.);
#2218=ORIENTED_EDGE('',*,*,#1681,.T.);
#2219=ORIENTED_EDGE('',*,*,#1674,.T.);
#2220=ORIENTED_EDGE('',*,*,#1688,.T.);
#2221=ORIENTED_EDGE('',*,*,#1680,.T.);
#2222=ORIENTED_EDGE('',*,*,#1689,.F.);
#2223=ORIENTED_EDGE('',*,*,#1690,.T.);
#2224=ORIENTED_EDGE('',*,*,#1691,.T.);
#2225=ORIENTED_EDGE('',*,*,#1692,.T.);
#2226=ORIENTED_EDGE('',*,*,#1677,.F.);
#2227=ORIENTED_EDGE('',*,*,#1688,.F.);
#2228=ORIENTED_EDGE('',*,*,#1693,.T.);
#2229=ORIENTED_EDGE('',*,*,#1678,.F.);
#2230=ORIENTED_EDGE('',*,*,#1692,.F.);
#2231=ORIENTED_EDGE('',*,*,#1694,.F.);
#2232=ORIENTED_EDGE('',*,*,#1695,.T.);
#2233=ORIENTED_EDGE('',*,*,#1651,.T.);
#2234=ORIENTED_EDGE('',*,*,#1696,.T.);
#2235=ORIENTED_EDGE('',*,*,#1659,.T.);
#2236=ORIENTED_EDGE('',*,*,#1697,.T.);
#2237=ORIENTED_EDGE('',*,*,#1686,.T.);
#2238=ORIENTED_EDGE('',*,*,#1698,.T.);
#2239=ORIENTED_EDGE('',*,*,#1649,.T.);
#2240=ORIENTED_EDGE('',*,*,#1642,.T.);
#2241=ORIENTED_EDGE('',*,*,#1699,.T.);
#2242=ORIENTED_EDGE('',*,*,#1700,.T.);
#2243=ORIENTED_EDGE('',*,*,#1647,.T.);
#2244=ORIENTED_EDGE('',*,*,#1641,.T.);
#2245=ORIENTED_EDGE('',*,*,#1701,.T.);
#2246=ORIENTED_EDGE('',*,*,#1702,.F.);
#2247=ORIENTED_EDGE('',*,*,#1699,.F.);
#2248=ORIENTED_EDGE('',*,*,#1653,.T.);
#2249=ORIENTED_EDGE('',*,*,#1703,.F.);
#2250=ORIENTED_EDGE('',*,*,#1689,.T.);
#2251=ORIENTED_EDGE('',*,*,#1679,.T.);
#2252=ORIENTED_EDGE('',*,*,#1693,.F.);
#2253=ORIENTED_EDGE('',*,*,#1704,.F.);
#2254=ORIENTED_EDGE('',*,*,#1705,.T.);
#2255=ORIENTED_EDGE('',*,*,#1637,.T.);
#2256=ORIENTED_EDGE('',*,*,#1628,.T.);
#2257=ORIENTED_EDGE('',*,*,#1676,.F.);
#2258=ORIENTED_EDGE('',*,*,#1627,.T.);
#2259=ORIENTED_EDGE('',*,*,#1625,.T.);
#2260=ORIENTED_EDGE('',*,*,#1622,.T.);
#2261=ORIENTED_EDGE('',*,*,#1706,.F.);
#2262=ORIENTED_EDGE('',*,*,#1707,.T.);
#2263=ORIENTED_EDGE('',*,*,#1708,.F.);
#2264=ORIENTED_EDGE('',*,*,#1617,.T.);
#2265=ORIENTED_EDGE('',*,*,#1708,.T.);
#2266=ORIENTED_EDGE('',*,*,#1709,.F.);
#2267=ORIENTED_EDGE('',*,*,#1655,.T.);
#2268=ORIENTED_EDGE('',*,*,#1644,.T.);
#2269=ORIENTED_EDGE('',*,*,#1634,.T.);
#2270=ORIENTED_EDGE('',*,*,#1618,.T.);
#2271=ORIENTED_EDGE('',*,*,#1620,.F.);
#2272=ORIENTED_EDGE('',*,*,#1588,.T.);
#2273=ORIENTED_EDGE('',*,*,#1710,.F.);
#2274=ORIENTED_EDGE('',*,*,#1639,.T.);
#2275=ORIENTED_EDGE('',*,*,#1598,.F.);
#2276=ORIENTED_EDGE('',*,*,#1711,.F.);
#2277=ORIENTED_EDGE('',*,*,#1712,.T.);
#2278=ORIENTED_EDGE('',*,*,#1593,.T.);
#2279=ORIENTED_EDGE('',*,*,#1602,.F.);
#2280=ORIENTED_EDGE('',*,*,#1713,.F.);
#2281=ORIENTED_EDGE('',*,*,#1712,.F.);
#2282=ORIENTED_EDGE('',*,*,#1714,.F.);
#2283=ORIENTED_EDGE('',*,*,#1701,.F.);
#2284=ORIENTED_EDGE('',*,*,#1715,.T.);
#2285=ORIENTED_EDGE('',*,*,#1594,.T.);
#2286=ORIENTED_EDGE('',*,*,#1640,.T.);
#2287=ORIENTED_EDGE('',*,*,#1710,.T.);
#2288=ORIENTED_EDGE('',*,*,#1587,.T.);
#2289=ORIENTED_EDGE('',*,*,#1715,.F.);
#2290=ORIENTED_EDGE('',*,*,#1716,.F.);
#2291=ORIENTED_EDGE('',*,*,#1717,.T.);
#2292=ORIENTED_EDGE('',*,*,#1590,.F.);
#2293=ORIENTED_EDGE('',*,*,#1619,.T.);
#2294=ORIENTED_EDGE('',*,*,#1638,.T.);
#2295=ORIENTED_EDGE('',*,*,#1705,.F.);
#2296=ORIENTED_EDGE('',*,*,#1718,.T.);
#2297=ORIENTED_EDGE('',*,*,#1586,.T.);
#2298=ORIENTED_EDGE('',*,*,#1719,.T.);
#2299=ORIENTED_EDGE('',*,*,#1713,.T.);
#2300=ORIENTED_EDGE('',*,*,#1554,.T.);
#2301=ORIENTED_EDGE('',*,*,#1572,.T.);
#2302=ORIENTED_EDGE('',*,*,#1584,.F.);
#2303=ORIENTED_EDGE('',*,*,#1718,.F.);
#2304=ORIENTED_EDGE('',*,*,#1601,.F.);
#2305=ORIENTED_EDGE('',*,*,#1632,.T.);
#2306=ORIENTED_EDGE('',*,*,#1720,.F.);
#2307=ORIENTED_EDGE('',*,*,#1550,.T.);
#2308=ORIENTED_EDGE('',*,*,#1721,.T.);
#2309=ORIENTED_EDGE('',*,*,#1722,.T.);
#2310=ORIENTED_EDGE('',*,*,#1723,.T.);
#2311=ORIENTED_EDGE('',*,*,#1724,.T.);
#2312=ORIENTED_EDGE('',*,*,#1725,.T.);
#2313=ORIENTED_EDGE('',*,*,#1549,.T.);
#2314=ORIENTED_EDGE('',*,*,#1723,.F.);
#2315=ORIENTED_EDGE('',*,*,#1726,.T.);
#2316=ORIENTED_EDGE('',*,*,#1727,.T.);
#2317=ORIENTED_EDGE('',*,*,#1547,.T.);
#2318=ORIENTED_EDGE('',*,*,#1725,.F.);
#2319=ORIENTED_EDGE('',*,*,#1728,.T.);
#2320=ORIENTED_EDGE('',*,*,#1721,.F.);
#2321=ORIENTED_EDGE('',*,*,#1544,.T.);
#2322=ORIENTED_EDGE('',*,*,#1727,.F.);
#2323=ORIENTED_EDGE('',*,*,#1729,.F.);
#2324=ORIENTED_EDGE('',*,*,#1534,.T.);
#2325=ORIENTED_EDGE('',*,*,#1730,.F.);
#2326=ORIENTED_EDGE('',*,*,#1731,.F.);
#2327=ORIENTED_EDGE('',*,*,#1573,.T.);
#2328=ORIENTED_EDGE('',*,*,#1526,.T.);
#2329=ORIENTED_EDGE('',*,*,#1732,.F.);
#2330=ORIENTED_EDGE('',*,*,#1702,.T.);
#2331=ORIENTED_EDGE('',*,*,#1714,.T.);
#2332=ORIENTED_EDGE('',*,*,#1711,.T.);
#2333=ORIENTED_EDGE('',*,*,#1604,.T.);
#2334=ORIENTED_EDGE('',*,*,#1733,.T.);
#2335=ORIENTED_EDGE('',*,*,#1734,.F.);
#2336=ORIENTED_EDGE('',*,*,#1521,.T.);
#2337=ORIENTED_EDGE('',*,*,#1735,.F.);
#2338=ORIENTED_EDGE('',*,*,#1687,.T.);
#2339=ORIENTED_EDGE('',*,*,#1697,.F.);
#2340=ORIENTED_EDGE('',*,*,#1648,.T.);
#2341=ORIENTED_EDGE('',*,*,#1700,.F.);
#2342=ORIENTED_EDGE('',*,*,#1735,.T.);
#2343=ORIENTED_EDGE('',*,*,#1520,.T.);
#2344=ORIENTED_EDGE('',*,*,#1736,.T.);
#2345=ORIENTED_EDGE('',*,*,#1684,.T.);
#2346=ORIENTED_EDGE('',*,*,#1737,.F.);
#2347=ORIENTED_EDGE('',*,*,#1660,.T.);
#2348=ORIENTED_EDGE('',*,*,#1696,.F.);
#2349=ORIENTED_EDGE('',*,*,#1650,.F.);
#2350=ORIENTED_EDGE('',*,*,#1698,.F.);
#2351=ORIENTED_EDGE('',*,*,#1685,.F.);
#2352=ORIENTED_EDGE('',*,*,#1736,.F.);
#2353=ORIENTED_EDGE('',*,*,#1519,.T.);
#2354=ORIENTED_EDGE('',*,*,#1737,.T.);
#2355=ORIENTED_EDGE('',*,*,#1518,.T.);
#2356=ORIENTED_EDGE('',*,*,#1738,.T.);
#2357=ORIENTED_EDGE('',*,*,#1657,.T.);
#2358=ORIENTED_EDGE('',*,*,#1739,.T.);
#2359=ORIENTED_EDGE('',*,*,#1516,.T.);
#2360=ORIENTED_EDGE('',*,*,#1535,.T.);
#2361=ORIENTED_EDGE('',*,*,#1729,.T.);
#2362=ORIENTED_EDGE('',*,*,#1740,.T.);
#2363=ORIENTED_EDGE('',*,*,#1741,.T.);
#2364=ORIENTED_EDGE('',*,*,#1536,.T.);
#2365=ORIENTED_EDGE('',*,*,#1514,.T.);
#2366=ORIENTED_EDGE('',*,*,#1742,.T.);
#2367=ORIENTED_EDGE('',*,*,#1510,.T.);
#2368=ORIENTED_EDGE('',*,*,#1743,.T.);
#2369=ORIENTED_EDGE('',*,*,#1740,.F.);
#2370=ORIENTED_EDGE('',*,*,#1513,.T.);
#2371=ORIENTED_EDGE('',*,*,#1744,.F.);
#2372=ORIENTED_EDGE('',*,*,#1509,.T.);
#2373=ORIENTED_EDGE('',*,*,#1745,.T.);
#2374=ORIENTED_EDGE('',*,*,#1576,.T.);
#2375=ORIENTED_EDGE('',*,*,#1568,.T.);
#2376=ORIENTED_EDGE('',*,*,#1537,.F.);
#2377=ORIENTED_EDGE('',*,*,#1741,.F.);
#2378=ORIENTED_EDGE('',*,*,#1743,.F.);
#2379=ORIENTED_EDGE('',*,*,#1579,.T.);
#2380=ORIENTED_EDGE('',*,*,#1745,.F.);
#2381=ORIENTED_EDGE('',*,*,#1508,.T.);
#2382=ORIENTED_EDGE('',*,*,#1746,.F.);
#2383=ORIENTED_EDGE('',*,*,#1577,.F.);
#2384=ORIENTED_EDGE('',*,*,#1567,.F.);
#2385=ORIENTED_EDGE('',*,*,#1581,.T.);
#2386=ORIENTED_EDGE('',*,*,#1583,.T.);
#2387=ORIENTED_EDGE('',*,*,#1563,.F.);
#2388=ORIENTED_EDGE('',*,*,#1578,.T.);
#2389=ORIENTED_EDGE('',*,*,#1746,.T.);
#2390=ORIENTED_EDGE('',*,*,#1507,.T.);
#2391=ORIENTED_EDGE('',*,*,#1561,.F.);
#2392=ORIENTED_EDGE('',*,*,#1500,.F.);
#2393=ORIENTED_EDGE('',*,*,#1499,.F.);
#2394=ORIENTED_EDGE('',*,*,#1490,.T.);
#2395=ORIENTED_EDGE('',*,*,#1551,.T.);
#2396=ORIENTED_EDGE('',*,*,#1483,.T.);
#2397=ORIENTED_EDGE('',*,*,#1747,.F.);
#2398=ORIENTED_EDGE('',*,*,#1748,.F.);
#2399=ORIENTED_EDGE('',*,*,#1540,.F.);
#2400=ORIENTED_EDGE('',*,*,#1670,.T.);
#2401=ORIENTED_EDGE('',*,*,#1749,.T.);
#2402=ORIENTED_EDGE('',*,*,#1478,.T.);
#2403=ORIENTED_EDGE('',*,*,#1541,.T.);
#2404=ORIENTED_EDGE('',*,*,#1748,.T.);
#2405=ORIENTED_EDGE('',*,*,#1750,.T.);
#2406=ORIENTED_EDGE('',*,*,#1730,.T.);
#2407=ORIENTED_EDGE('',*,*,#1542,.T.);
#2408=ORIENTED_EDGE('',*,*,#1476,.T.);
#2409=ORIENTED_EDGE('',*,*,#1533,.T.);
#2410=ORIENTED_EDGE('',*,*,#1571,.F.);
#2411=ORIENTED_EDGE('',*,*,#1751,.F.);
#2412=ORIENTED_EDGE('',*,*,#1472,.T.);
#2413=ORIENTED_EDGE('',*,*,#1716,.T.);
#2414=ORIENTED_EDGE('',*,*,#1704,.T.);
#2415=ORIENTED_EDGE('',*,*,#1694,.T.);
#2416=ORIENTED_EDGE('',*,*,#1691,.F.);
#2417=ORIENTED_EDGE('',*,*,#1690,.F.);
#2418=ORIENTED_EDGE('',*,*,#1703,.T.);
#2419=ORIENTED_EDGE('',*,*,#1652,.T.);
#2420=ORIENTED_EDGE('',*,*,#1695,.F.);
#2421=ORIENTED_EDGE('',*,*,#1658,.T.);
#2422=ORIENTED_EDGE('',*,*,#1738,.F.);
#2423=ORIENTED_EDGE('',*,*,#1517,.T.);
#2424=ORIENTED_EDGE('',*,*,#1739,.F.);
#2425=ORIENTED_EDGE('',*,*,#1731,.T.);
#2426=ORIENTED_EDGE('',*,*,#1750,.F.);
#2427=ORIENTED_EDGE('',*,*,#1475,.T.);
#2428=ORIENTED_EDGE('',*,*,#1473,.F.);
#2429=ORIENTED_EDGE('',*,*,#1751,.T.);
#2430=ORIENTED_EDGE('',*,*,#1570,.T.);
#2431=ORIENTED_EDGE('',*,*,#1529,.T.);
#2432=ORIENTED_EDGE('',*,*,#1469,.F.);
#2433=ORIENTED_EDGE('',*,*,#1752,.T.);
#2434=ORIENTED_EDGE('',*,*,#1706,.T.);
#2435=ORIENTED_EDGE('',*,*,#1616,.T.);
#2436=ORIENTED_EDGE('',*,*,#1753,.T.);
#2437=ORIENTED_EDGE('',*,*,#1661,.T.);
#2438=ORIENTED_EDGE('',*,*,#1664,.T.);
#2439=ORIENTED_EDGE('',*,*,#1667,.T.);
#2440=ORIENTED_EDGE('',*,*,#1468,.T.);
#2441=ORIENTED_EDGE('',*,*,#1754,.T.);
#2442=ORIENTED_EDGE('',*,*,#1656,.T.);
#2443=ORIENTED_EDGE('',*,*,#1709,.T.);
#2444=ORIENTED_EDGE('',*,*,#1707,.F.);
#2445=ORIENTED_EDGE('',*,*,#1752,.F.);
#2446=ORIENTED_EDGE('',*,*,#1467,.T.);
#2447=ORIENTED_EDGE('',*,*,#1528,.T.);
#2448=ORIENTED_EDGE('',*,*,#1755,.F.);
#2449=ORIENTED_EDGE('',*,*,#1606,.T.);
#2450=ORIENTED_EDGE('',*,*,#1633,.T.);
#2451=ORIENTED_EDGE('',*,*,#1613,.F.);
#2452=ORIENTED_EDGE('',*,*,#1636,.T.);
#2453=ORIENTED_EDGE('',*,*,#1646,.T.);
#2454=ORIENTED_EDGE('',*,*,#1654,.T.);
#2455=ORIENTED_EDGE('',*,*,#1754,.F.);
#2456=ORIENTED_EDGE('',*,*,#1559,.T.);
#2457=ORIENTED_EDGE('',*,*,#1560,.T.);
#2458=ORIENTED_EDGE('',*,*,#1720,.T.);
#2459=ORIENTED_EDGE('',*,*,#1631,.T.);
#2460=ORIENTED_EDGE('',*,*,#1756,.T.);
#2461=ORIENTED_EDGE('',*,*,#1757,.T.);
#2462=ORIENTED_EDGE('',*,*,#1463,.T.);
#2463=ORIENTED_EDGE('',*,*,#1525,.F.);
#2464=ORIENTED_EDGE('',*,*,#1585,.F.);
#2465=ORIENTED_EDGE('',*,*,#1574,.T.);
#2466=ORIENTED_EDGE('',*,*,#1732,.T.);
#2467=ORIENTED_EDGE('',*,*,#1461,.T.);
#2468=ORIENTED_EDGE('',*,*,#1758,.T.);
#2469=ORIENTED_EDGE('',*,*,#1756,.F.);
#2470=ORIENTED_EDGE('',*,*,#1630,.T.);
#2471=ORIENTED_EDGE('',*,*,#1599,.F.);
#2472=ORIENTED_EDGE('',*,*,#1719,.F.);
#2473=ORIENTED_EDGE('',*,*,#1591,.T.);
#2474=ORIENTED_EDGE('',*,*,#1717,.F.);
#2475=ORIENTED_EDGE('',*,*,#1753,.F.);
#2476=ORIENTED_EDGE('',*,*,#1615,.T.);
#2477=ORIENTED_EDGE('',*,*,#1609,.T.);
#2478=ORIENTED_EDGE('',*,*,#1607,.T.);
#2479=ORIENTED_EDGE('',*,*,#1755,.T.);
#2480=ORIENTED_EDGE('',*,*,#1527,.T.);
#2481=ORIENTED_EDGE('',*,*,#1464,.T.);
#2482=ORIENTED_EDGE('',*,*,#1757,.F.);
#2483=ORIENTED_EDGE('',*,*,#1758,.F.);
#2484=ORIENTED_EDGE('',*,*,#1460,.T.);
#2485=ORIENTED_EDGE('',*,*,#1759,.F.);
#2486=ORIENTED_EDGE('',*,*,#1733,.F.);
#2487=ORIENTED_EDGE('',*,*,#1603,.T.);
#2488=ORIENTED_EDGE('',*,*,#1459,.T.);
#2489=ORIENTED_EDGE('',*,*,#1522,.T.);
#2490=ORIENTED_EDGE('',*,*,#1734,.T.);
#2491=ORIENTED_EDGE('',*,*,#1759,.T.);
#2492=ORIENTED_EDGE('',*,*,#1457,.T.);
#2493=ORIENTED_EDGE('',*,*,#1760,.T.);
#2494=ORIENTED_EDGE('',*,*,#1744,.T.);
#2495=ORIENTED_EDGE('',*,*,#1512,.T.);
#2496=ORIENTED_EDGE('',*,*,#1456,.T.);
#2497=ORIENTED_EDGE('',*,*,#1511,.T.);
#2498=ORIENTED_EDGE('',*,*,#1742,.F.);
#2499=ORIENTED_EDGE('',*,*,#1760,.F.);
#2500=ORIENTED_EDGE('',*,*,#1761,.T.);
#2501=ORIENTED_EDGE('',*,*,#1762,.F.);
#2502=ORIENTED_EDGE('',*,*,#1481,.T.);
#2503=ORIENTED_EDGE('',*,*,#1450,.T.);
#2504=ORIENTED_EDGE('',*,*,#1447,.T.);
#2505=ORIENTED_EDGE('',*,*,#1480,.T.);
#2506=ORIENTED_EDGE('',*,*,#1763,.T.);
#2507=ORIENTED_EDGE('',*,*,#1764,.T.);
#2508=ORIENTED_EDGE('',*,*,#1765,.T.);
#2509=ORIENTED_EDGE('',*,*,#1448,.T.);
#2510=ORIENTED_EDGE('',*,*,#1764,.F.);
#2511=ORIENTED_EDGE('',*,*,#1766,.F.);
#2512=ORIENTED_EDGE('',*,*,#1762,.T.);
#2513=ORIENTED_EDGE('',*,*,#1767,.T.);
#2514=ORIENTED_EDGE('',*,*,#1768,.T.);
#2515=ORIENTED_EDGE('',*,*,#1769,.T.);
#2516=ORIENTED_EDGE('',*,*,#1766,.T.);
#2517=ORIENTED_EDGE('',*,*,#1763,.F.);
#2518=ORIENTED_EDGE('',*,*,#1479,.T.);
#2519=ORIENTED_EDGE('',*,*,#1749,.F.);
#2520=ORIENTED_EDGE('',*,*,#1747,.T.);
#2521=ORIENTED_EDGE('',*,*,#1482,.T.);
#2522=ORIENTED_EDGE('',*,*,#1770,.F.);
#2523=ORIENTED_EDGE('',*,*,#1767,.F.);
#2524=ORIENTED_EDGE('',*,*,#1761,.F.);
#2525=ORIENTED_EDGE('',*,*,#1771,.T.);
#2526=ORIENTED_EDGE('',*,*,#1772,.T.);
#2527=ORIENTED_EDGE('',*,*,#1726,.F.);
#2528=ORIENTED_EDGE('',*,*,#1724,.F.);
#2529=ORIENTED_EDGE('',*,*,#1722,.F.);
#2530=ORIENTED_EDGE('',*,*,#1728,.F.);
#2531=ORIENTED_EDGE('',*,*,#1771,.F.);
#2532=ORIENTED_EDGE('',*,*,#1449,.T.);
#2533=ORIENTED_EDGE('',*,*,#1773,.T.);
#2534=ORIENTED_EDGE('',*,*,#1774,.T.);
#2535=ORIENTED_EDGE('',*,*,#1765,.F.);
#2536=ORIENTED_EDGE('',*,*,#1769,.F.);
#2537=ORIENTED_EDGE('',*,*,#1775,.T.);
#2538=ORIENTED_EDGE('',*,*,#1776,.T.);
#2539=ORIENTED_EDGE('',*,*,#1773,.F.);
#2540=ORIENTED_EDGE('',*,*,#1775,.F.);
#2541=ORIENTED_EDGE('',*,*,#1768,.F.);
#2542=ORIENTED_EDGE('',*,*,#1770,.T.);
#2543=ORIENTED_EDGE('',*,*,#1777,.T.);
#2544=ORIENTED_EDGE('',*,*,#1777,.F.);
#2545=ORIENTED_EDGE('',*,*,#1772,.F.);
#2546=ORIENTED_EDGE('',*,*,#1774,.F.);
#2547=ORIENTED_EDGE('',*,*,#1776,.F.);
#2548=ORIENTED_EDGE('',*,*,#1778,.T.);
#2549=ORIENTED_EDGE('',*,*,#1442,.T.);
#2550=ORIENTED_EDGE('',*,*,#1778,.F.);
#2551=ORIENTED_EDGE('',*,*,#1779,.T.);
#2552=ORIENTED_EDGE('',*,*,#1441,.T.);
#2553=ORIENTED_EDGE('',*,*,#1779,.F.);
#2554=ORIENTED_EDGE('',*,*,#1780,.F.);
#2555=ORIENTED_EDGE('',*,*,#1781,.T.);
#2556=ORIENTED_EDGE('',*,*,#1782,.F.);
#2557=ORIENTED_EDGE('',*,*,#1783,.T.);
#2558=ORIENTED_EDGE('',*,*,#1784,.T.);
#2559=ORIENTED_EDGE('',*,*,#1785,.F.);
#2560=ORIENTED_EDGE('',*,*,#1786,.T.);
#2561=ORIENTED_EDGE('',*,*,#1787,.T.);
#2562=ORIENTED_EDGE('',*,*,#1780,.T.);
#2563=ORIENTED_EDGE('',*,*,#1788,.F.);
#2564=ORIENTED_EDGE('',*,*,#1789,.F.);
#2565=ORIENTED_EDGE('',*,*,#1790,.T.);
#2566=ORIENTED_EDGE('',*,*,#1791,.F.);
#2567=ORIENTED_EDGE('',*,*,#1792,.F.);
#2568=ORIENTED_EDGE('',*,*,#1789,.T.);
#2569=ORIENTED_EDGE('',*,*,#1793,.T.);
#2570=ORIENTED_EDGE('',*,*,#1794,.F.);
#2571=ORIENTED_EDGE('',*,*,#1795,.T.);
#2572=ORIENTED_EDGE('',*,*,#1796,.T.);
#2573=ORIENTED_EDGE('',*,*,#1797,.F.);
#2574=ORIENTED_EDGE('',*,*,#1798,.T.);
#2575=ORIENTED_EDGE('',*,*,#1799,.T.);
#2576=ORIENTED_EDGE('',*,*,#1800,.T.);
#2577=ORIENTED_EDGE('',*,*,#1801,.T.);
#2578=ORIENTED_EDGE('',*,*,#1802,.F.);
#2579=ORIENTED_EDGE('',*,*,#1794,.T.);
#2580=ORIENTED_EDGE('',*,*,#1803,.T.);
#2581=ORIENTED_EDGE('',*,*,#1804,.F.);
#2582=ORIENTED_EDGE('',*,*,#1800,.F.);
#2583=ORIENTED_EDGE('',*,*,#1805,.T.);
#2584=ORIENTED_EDGE('',*,*,#1783,.F.);
#2585=ORIENTED_EDGE('',*,*,#1806,.F.);
#2586=ORIENTED_EDGE('',*,*,#1793,.F.);
#2587=ORIENTED_EDGE('',*,*,#1788,.T.);
#2588=ORIENTED_EDGE('',*,*,#1787,.F.);
#2589=ORIENTED_EDGE('',*,*,#1807,.T.);
#2590=ORIENTED_EDGE('',*,*,#1803,.F.);
#2591=ORIENTED_EDGE('',*,*,#1797,.T.);
#2592=ORIENTED_EDGE('',*,*,#1808,.T.);
#2593=ORIENTED_EDGE('',*,*,#1809,.F.);
#2594=ORIENTED_EDGE('',*,*,#1786,.F.);
#2595=ORIENTED_EDGE('',*,*,#1810,.F.);
#2596=ORIENTED_EDGE('',*,*,#1804,.T.);
#2597=ORIENTED_EDGE('',*,*,#1807,.F.);
#2598=ORIENTED_EDGE('',*,*,#1810,.T.);
#2599=ORIENTED_EDGE('',*,*,#1785,.T.);
#2600=ORIENTED_EDGE('',*,*,#1811,.T.);
#2601=ORIENTED_EDGE('',*,*,#1798,.F.);
#2602=ORIENTED_EDGE('',*,*,#1812,.T.);
#2603=ORIENTED_EDGE('',*,*,#1813,.T.);
#2604=ORIENTED_EDGE('',*,*,#1808,.F.);
#2605=ORIENTED_EDGE('',*,*,#1796,.F.);
#2606=ORIENTED_EDGE('',*,*,#1784,.F.);
#2607=ORIENTED_EDGE('',*,*,#1805,.F.);
#2608=ORIENTED_EDGE('',*,*,#1799,.F.);
#2609=ORIENTED_EDGE('',*,*,#1811,.F.);
#2610=ORIENTED_EDGE('',*,*,#1782,.T.);
#2611=ORIENTED_EDGE('',*,*,#1814,.F.);
#2612=ORIENTED_EDGE('',*,*,#1791,.T.);
#2613=ORIENTED_EDGE('',*,*,#1806,.T.);
#2614=ORIENTED_EDGE('',*,*,#1814,.T.);
#2615=ORIENTED_EDGE('',*,*,#1781,.F.);
#2616=ORIENTED_EDGE('',*,*,#1790,.F.);
#2617=ORIENTED_EDGE('',*,*,#1792,.T.);
#2618=ORIENTED_EDGE('',*,*,#1812,.F.);
#2619=ORIENTED_EDGE('',*,*,#1795,.F.);
#2620=ORIENTED_EDGE('',*,*,#1802,.T.);
#2621=ORIENTED_EDGE('',*,*,#1815,.T.);
#2622=ORIENTED_EDGE('',*,*,#1813,.F.);
#2623=ORIENTED_EDGE('',*,*,#1815,.F.);
#2624=ORIENTED_EDGE('',*,*,#1801,.F.);
#2625=ORIENTED_EDGE('',*,*,#1809,.T.);
#2626=PLANE('',#2943);
#2627=PLANE('',#2944);
#2628=PLANE('',#2945);
#2629=PLANE('',#2946);
#2630=PLANE('',#2947);
#2631=PLANE('',#2948);
#2632=PLANE('',#2949);
#2633=PLANE('',#2950);
#2634=PLANE('',#2951);
#2635=PLANE('',#2952);
#2636=PLANE('',#2953);
#2637=PLANE('',#2954);
#2638=PLANE('',#2955);
#2639=PLANE('',#2956);
#2640=PLANE('',#2957);
#2641=PLANE('',#2962);
#2642=PLANE('',#2963);
#2643=PLANE('',#2965);
#2644=PLANE('',#2966);
#2645=PLANE('',#2967);
#2646=PLANE('',#2968);
#2647=PLANE('',#2969);
#2648=PLANE('',#2970);
#2649=PLANE('',#2971);
#2650=PLANE('',#2972);
#2651=PLANE('',#2973);
#2652=PLANE('',#2975);
#2653=PLANE('',#2976);
#2654=PLANE('',#2977);
#2655=PLANE('',#2978);
#2656=PLANE('',#2979);
#2657=PLANE('',#2980);
#2658=PLANE('',#2981);
#2659=PLANE('',#2982);
#2660=PLANE('',#2983);
#2661=PLANE('',#2984);
#2662=PLANE('',#2986);
#2663=PLANE('',#2987);
#2664=PLANE('',#2989);
#2665=PLANE('',#2990);
#2666=PLANE('',#2991);
#2667=PLANE('',#2992);
#2668=PLANE('',#2997);
#2669=PLANE('',#3003);
#2670=PLANE('',#3004);
#2671=PLANE('',#3005);
#2672=PLANE('',#3009);
#2673=PLANE('',#3010);
#2674=PLANE('',#3011);
#2675=PLANE('',#3012);
#2676=PLANE('',#3013);
#2677=PLANE('',#3021);
#2678=PLANE('',#3022);
#2679=PLANE('',#3023);
#2680=PLANE('',#3024);
#2681=PLANE('',#3025);
#2682=PLANE('',#3026);
#2683=PLANE('',#3027);
#2684=PLANE('',#3028);
#2685=PLANE('',#3038);
#2686=PLANE('',#3039);
#2687=PLANE('',#3040);
#2688=PLANE('',#3044);
#2689=PLANE('',#3045);
#2690=PLANE('',#3049);
#2691=PLANE('',#3053);
#2692=PLANE('',#3054);
#2693=PLANE('',#3055);
#2694=PLANE('',#3056);
#2695=PLANE('',#3057);
#2696=PLANE('',#3058);
#2697=PLANE('',#3059);
#2698=PLANE('',#3060);
#2699=PLANE('',#3061);
#2700=PLANE('',#3062);
#2701=PLANE('',#3063);
#2702=PLANE('',#3064);
#2703=PLANE('',#3065);
#2704=PLANE('',#3066);
#2705=PLANE('',#3067);
#2706=PLANE('',#3068);
#2707=PLANE('',#3069);
#2708=PLANE('',#3070);
#2709=PLANE('',#3071);
#2710=PLANE('',#3072);
#2711=PLANE('',#3073);
#2712=PLANE('',#3074);
#2713=PLANE('',#3076);
#2714=PLANE('',#3077);
#2715=PLANE('',#3078);
#2716=PLANE('',#3079);
#2717=PLANE('',#3080);
#2718=PLANE('',#3081);
#2719=PLANE('',#3082);
#2720=PLANE('',#3083);
#2721=PLANE('',#3084);
#2722=PLANE('',#3085);
#2723=PLANE('',#3086);
#2724=PLANE('',#3087);
#2725=PLANE('',#3088);
#2726=PLANE('',#3089);
#2727=PLANE('',#3093);
#2728=PLANE('',#3094);
#2729=PLANE('',#3095);
#2730=PLANE('',#3096);
#2731=PLANE('',#3097);
#2732=PLANE('',#3098);
#2733=PLANE('',#3099);
#2734=PLANE('',#3100);
#2735=PLANE('',#3101);
#2736=PLANE('',#3104);
#2737=PLANE('',#3105);
#2738=PLANE('',#3106);
#2739=PLANE('',#3107);
#2740=PLANE('',#3108);
#2741=PLANE('',#3109);
#2742=PLANE('',#3110);
#2743=PLANE('',#3111);
#2744=PLANE('',#3112);
#2745=PLANE('',#3113);
#2746=PLANE('',#3114);
#2747=PLANE('',#3115);
#2748=PLANE('',#3116);
#2749=PLANE('',#3117);
#2750=PLANE('',#3120);
#2751=PLANE('',#3121);
#2752=PLANE('',#3122);
#2753=PLANE('',#3123);
#2754=PLANE('',#3124);
#2755=PLANE('',#3125);
#2756=PLANE('',#3126);
#2757=PLANE('',#3127);
#2758=PLANE('',#3128);
#2759=PLANE('',#3129);
#2760=PLANE('',#3130);
#2761=PLANE('',#3131);
#2762=PLANE('',#3132);
#2763=PLANE('',#3133);
#2764=ADVANCED_FACE('',(#91),#2626,.T.);
#2765=ADVANCED_FACE('',(#92),#2627,.T.);
#2766=ADVANCED_FACE('',(#93),#2628,.T.);
#2767=ADVANCED_FACE('',(#94),#2629,.T.);
#2768=ADVANCED_FACE('',(#95),#2630,.T.);
#2769=ADVANCED_FACE('',(#96),#2631,.T.);
#2770=ADVANCED_FACE('',(#97),#2632,.T.);
#2771=ADVANCED_FACE('',(#98),#2633,.T.);
#2772=ADVANCED_FACE('',(#99),#2634,.T.);
#2773=ADVANCED_FACE('',(#100),#2635,.T.);
#2774=ADVANCED_FACE('',(#101),#2636,.T.);
#2775=ADVANCED_FACE('',(#102),#2637,.T.);
#2776=ADVANCED_FACE('',(#103),#2638,.T.);
#2777=ADVANCED_FACE('',(#104),#2639,.T.);
#2778=ADVANCED_FACE('',(#105),#2640,.T.);
#2779=ADVANCED_FACE('',(#106),#35,.F.);
#2780=ADVANCED_FACE('',(#107),#2641,.T.);
#2781=ADVANCED_FACE('',(#108),#2642,.T.);
#2782=ADVANCED_FACE('',(#109),#2643,.T.);
#2783=ADVANCED_FACE('',(#110),#2644,.T.);
#2784=ADVANCED_FACE('',(#111,#19),#2645,.F.);
#2785=ADVANCED_FACE('',(#112,#20),#2646,.F.);
#2786=ADVANCED_FACE('',(#113),#2647,.T.);
#2787=ADVANCED_FACE('',(#114),#2648,.F.);
#2788=ADVANCED_FACE('',(#115),#2649,.T.);
#2789=ADVANCED_FACE('',(#116),#2650,.T.);
#2790=ADVANCED_FACE('',(#117),#2651,.T.);
#2791=ADVANCED_FACE('',(#118),#2652,.T.);
#2792=ADVANCED_FACE('',(#119),#2653,.F.);
#2793=ADVANCED_FACE('',(#120),#2654,.F.);
#2794=ADVANCED_FACE('',(#121),#2655,.F.);
#2795=ADVANCED_FACE('',(#122),#2656,.F.);
#2796=ADVANCED_FACE('',(#123),#2657,.F.);
#2797=ADVANCED_FACE('',(#124),#2658,.F.);
#2798=ADVANCED_FACE('',(#125),#2659,.F.);
#2799=ADVANCED_FACE('',(#126),#2660,.F.);
#2800=ADVANCED_FACE('',(#127),#2661,.F.);
#2801=ADVANCED_FACE('',(#128),#2662,.F.);
#2802=ADVANCED_FACE('',(#129),#2663,.T.);
#2803=ADVANCED_FACE('',(#130),#2664,.F.);
#2804=ADVANCED_FACE('',(#131),#2665,.F.);
#2805=ADVANCED_FACE('',(#132),#2666,.F.);
#2806=ADVANCED_FACE('',(#133),#2667,.F.);
#2807=ADVANCED_FACE('',(#134),#36,.F.);
#2808=ADVANCED_FACE('',(#135),#2668,.T.);
#2809=ADVANCED_FACE('',(#136),#37,.F.);
#2810=ADVANCED_FACE('',(#137),#2669,.T.);
#2811=ADVANCED_FACE('',(#138),#2670,.F.);
#2812=ADVANCED_FACE('',(#139,#21,#22,#23),#2671,.F.);
#2813=ADVANCED_FACE('',(#140),#2672,.F.);
#2814=ADVANCED_FACE('',(#141),#2673,.T.);
#2815=ADVANCED_FACE('',(#142),#2674,.F.);
#2816=ADVANCED_FACE('',(#143),#2675,.F.);
#2817=ADVANCED_FACE('',(#144),#2676,.F.);
#2818=ADVANCED_FACE('',(#145),#38,.F.);
#2819=ADVANCED_FACE('',(#146),#39,.F.);
#2820=ADVANCED_FACE('',(#147),#40,.F.);
#2821=ADVANCED_FACE('',(#148),#2677,.F.);
#2822=ADVANCED_FACE('',(#149),#2678,.T.);
#2823=ADVANCED_FACE('',(#150),#2679,.T.);
#2824=ADVANCED_FACE('',(#151),#2680,.T.);
#2825=ADVANCED_FACE('',(#152),#2681,.T.);
#2826=ADVANCED_FACE('',(#153),#2682,.T.);
#2827=ADVANCED_FACE('',(#154),#2683,.T.);
#2828=ADVANCED_FACE('',(#155),#2684,.T.);
#2829=ADVANCED_FACE('',(#156),#41,.F.);
#2830=ADVANCED_FACE('',(#157),#42,.F.);
#2831=ADVANCED_FACE('',(#158),#43,.F.);
#2832=ADVANCED_FACE('',(#159),#2685,.T.);
#2833=ADVANCED_FACE('',(#160),#2686,.T.);
#2834=ADVANCED_FACE('',(#161),#2687,.T.);
#2835=ADVANCED_FACE('',(#162),#44,.F.);
#2836=ADVANCED_FACE('',(#163),#2688,.T.);
#2837=ADVANCED_FACE('',(#164),#2689,.T.);
#2838=ADVANCED_FACE('',(#165,#24),#45,.F.);
#2839=ADVANCED_FACE('',(#166),#2690,.F.);
#2840=ADVANCED_FACE('',(#167),#46,.F.);
#2841=ADVANCED_FACE('',(#168),#2691,.T.);
#2842=ADVANCED_FACE('',(#169,#25,#26),#2692,.T.);
#2843=ADVANCED_FACE('',(#170),#2693,.T.);
#2844=ADVANCED_FACE('',(#171),#2694,.F.);
#2845=ADVANCED_FACE('',(#172),#2695,.F.);
#2846=ADVANCED_FACE('',(#173),#2696,.T.);
#2847=ADVANCED_FACE('',(#174),#2697,.T.);
#2848=ADVANCED_FACE('',(#175),#2698,.T.);
#2849=ADVANCED_FACE('',(#176),#2699,.F.);
#2850=ADVANCED_FACE('',(#177),#2700,.T.);
#2851=ADVANCED_FACE('',(#178),#2701,.T.);
#2852=ADVANCED_FACE('',(#179),#2702,.T.);
#2853=ADVANCED_FACE('',(#180),#2703,.T.);
#2854=ADVANCED_FACE('',(#181),#2704,.F.);
#2855=ADVANCED_FACE('',(#182),#2705,.F.);
#2856=ADVANCED_FACE('',(#183),#2706,.F.);
#2857=ADVANCED_FACE('',(#184),#2707,.F.);
#2858=ADVANCED_FACE('',(#185),#2708,.F.);
#2859=ADVANCED_FACE('',(#186),#2709,.F.);
#2860=ADVANCED_FACE('',(#187),#2710,.F.);
#2861=ADVANCED_FACE('',(#188),#2711,.T.);
#2862=ADVANCED_FACE('',(#189),#2712,.F.);
#2863=ADVANCED_FACE('',(#190),#2713,.T.);
#2864=ADVANCED_FACE('',(#191),#2714,.T.);
#2865=ADVANCED_FACE('',(#192),#2715,.T.);
#2866=ADVANCED_FACE('',(#193),#2716,.T.);
#2867=ADVANCED_FACE('',(#194),#2717,.T.);
#2868=ADVANCED_FACE('',(#195),#2718,.F.);
#2869=ADVANCED_FACE('',(#196),#2719,.F.);
#2870=ADVANCED_FACE('',(#197),#2720,.T.);
#2871=ADVANCED_FACE('',(#198),#2721,.T.);
#2872=ADVANCED_FACE('',(#199),#2722,.T.);
#2873=ADVANCED_FACE('',(#200),#2723,.T.);
#2874=ADVANCED_FACE('',(#201),#2724,.T.);
#2875=ADVANCED_FACE('',(#202),#2725,.F.);
#2876=ADVANCED_FACE('',(#203,#27),#2726,.T.);
#2877=ADVANCED_FACE('',(#204),#47,.T.);
#2878=ADVANCED_FACE('',(#205),#2727,.F.);
#2879=ADVANCED_FACE('',(#206),#2728,.T.);
#2880=ADVANCED_FACE('',(#207,#28),#2729,.T.);
#2881=ADVANCED_FACE('',(#208),#2730,.T.);
#2882=ADVANCED_FACE('',(#209),#2731,.T.);
#2883=ADVANCED_FACE('',(#210),#2732,.T.);
#2884=ADVANCED_FACE('',(#211,#29,#30,#31),#2733,.T.);
#2885=ADVANCED_FACE('',(#212),#2734,.F.);
#2886=ADVANCED_FACE('',(#213),#2735,.T.);
#2887=ADVANCED_FACE('',(#214),#48,.T.);
#2888=ADVANCED_FACE('',(#215),#2736,.F.);
#2889=ADVANCED_FACE('',(#216),#2737,.F.);
#2890=ADVANCED_FACE('',(#217),#2738,.T.);
#2891=ADVANCED_FACE('',(#218),#2739,.T.);
#2892=ADVANCED_FACE('',(#219),#2740,.T.);
#2893=ADVANCED_FACE('',(#220),#2741,.T.);
#2894=ADVANCED_FACE('',(#221),#2742,.T.);
#2895=ADVANCED_FACE('',(#222),#2743,.T.);
#2896=ADVANCED_FACE('',(#223),#2744,.F.);
#2897=ADVANCED_FACE('',(#224,#32),#2745,.F.);
#2898=ADVANCED_FACE('',(#225),#2746,.F.);
#2899=ADVANCED_FACE('',(#226),#2747,.F.);
#2900=ADVANCED_FACE('',(#227),#2748,.F.);
#2901=ADVANCED_FACE('',(#228,#33,#34),#2749,.F.);
#2902=ADVANCED_FACE('',(#229),#49,.F.);
#2903=ADVANCED_FACE('',(#230),#2750,.F.);
#2904=ADVANCED_FACE('',(#231),#2751,.T.);
#2905=ADVANCED_FACE('',(#232),#2752,.F.);
#2906=ADVANCED_FACE('',(#233),#2753,.T.);
#2907=ADVANCED_FACE('',(#234),#2754,.F.);
#2908=ADVANCED_FACE('',(#235),#2755,.T.);
#2909=ADVANCED_FACE('',(#236),#2756,.T.);
#2910=ADVANCED_FACE('',(#237),#2757,.T.);
#2911=ADVANCED_FACE('',(#238),#2758,.T.);
#2912=ADVANCED_FACE('',(#239),#2759,.T.);
#2913=ADVANCED_FACE('',(#240),#2760,.T.);
#2914=ADVANCED_FACE('',(#241),#2761,.T.);
#2915=ADVANCED_FACE('',(#242),#2762,.T.);
#2916=ADVANCED_FACE('',(#243),#2763,.T.);
#2917=CLOSED_SHELL('',(#2764,#2765,#2766,#2767,#2768,#2769,#2770,#2771));
#2918=CLOSED_SHELL('',(#2772,#2773,#2774,#2775,#2776,#2777));
#2919=CLOSED_SHELL('',(#2778,#2779,#2780,#2781,#2782,#2783,#2784,#2785,
#2786,#2787,#2788,#2789,#2790,#2791,#2792,#2793,#2794,#2795,#2796,#2797,
#2798,#2799,#2800,#2801,#2802,#2803,#2804,#2805,#2806,#2807,#2808,#2809,
#2810,#2811,#2812,#2813,#2814,#2815,#2816,#2817,#2818,#2819,#2820,#2821,
#2822,#2823,#2824,#2825,#2826,#2827,#2828,#2829,#2830,#2831,#2832,#2833,
#2834,#2835,#2836,#2837,#2838,#2839,#2840,#2841,#2842,#2843,#2844,#2845,
#2846,#2847,#2848,#2849,#2850,#2851,#2852,#2853,#2854,#2855,#2856,#2857,
#2858,#2859,#2860,#2861,#2862,#2863,#2864,#2865,#2866,#2867,#2868,#2869,
#2870,#2871,#2872,#2873,#2874,#2875,#2876,#2877,#2878,#2879,#2880,#2881,
#2882,#2883,#2884,#2885,#2886,#2887,#2888,#2889,#2890,#2891,#2892,#2893,
#2894,#2895,#2896,#2897,#2898,#2899,#2900,#2901,#2902));
#2920=CLOSED_SHELL('',(#2903,#2904,#2905,#2906,#2907,#2908,#2909,#2910,
#2911,#2912,#2913,#2914,#2915,#2916));
#2921=DERIVED_UNIT_ELEMENT(#2924,1.);
#2922=DERIVED_UNIT_ELEMENT(#4743,-3.);
#2923=DIMENSIONAL_EXPONENTS(0.,1.,0.,0.,0.,0.,0.);
#2924=(
CONVERSION_BASED_UNIT('gram',#2926)
MASS_UNIT()
NAMED_UNIT(#2923)
);
#2925=(
MASS_UNIT()
NAMED_UNIT(*)
SI_UNIT(.KILO.,.GRAM.)
);
#2926=MASS_MEASURE_WITH_UNIT(MASS_MEASURE(0.001),#2925);
#2927=DERIVED_UNIT((#2921,#2922));
#2928=MEASURE_REPRESENTATION_ITEM('density measure',
POSITIVE_RATIO_MEASURE(1.),#2927);
#2929=PROPERTY_DEFINITION_REPRESENTATION(#2934,#2931);
#2930=PROPERTY_DEFINITION_REPRESENTATION(#2935,#2932);
#2931=REPRESENTATION('material name',(#2933),#4740);
#2932=REPRESENTATION('density',(#2928),#4740);
#2933=DESCRIPTIVE_REPRESENTATION_ITEM('Generisch','Generisch');
#2934=PROPERTY_DEFINITION('material property','material name',#4750);
#2935=PROPERTY_DEFINITION('material property','density of part',#4750);
#2936=DATE_TIME_ROLE('creation_date');
#2937=APPLIED_DATE_AND_TIME_ASSIGNMENT(#2938,#2936,(#4750));
#2938=DATE_AND_TIME(#2939,#2940);
#2939=CALENDAR_DATE(2026,7,3);
#2940=LOCAL_TIME(0,0,0.,#2941);
#2941=COORDINATED_UNIVERSAL_TIME_OFFSET(0,0,.BEHIND.);
#2942=AXIS2_PLACEMENT_3D('',#3884,#3134,#3135);
#2943=AXIS2_PLACEMENT_3D('',#3885,#3136,#3137);
#2944=AXIS2_PLACEMENT_3D('',#3894,#3142,#3143);
#2945=AXIS2_PLACEMENT_3D('',#3900,#3147,#3148);
#2946=AXIS2_PLACEMENT_3D('',#3906,#3152,#3153);
#2947=AXIS2_PLACEMENT_3D('',#3912,#3157,#3158);
#2948=AXIS2_PLACEMENT_3D('',#3918,#3162,#3163);
#2949=AXIS2_PLACEMENT_3D('',#3921,#3166,#3167);
#2950=AXIS2_PLACEMENT_3D('',#3922,#3168,#3169);
#2951=AXIS2_PLACEMENT_3D('',#3923,#3170,#3171);
#2952=AXIS2_PLACEMENT_3D('',#3932,#3176,#3177);
#2953=AXIS2_PLACEMENT_3D('',#3938,#3181,#3182);
#2954=AXIS2_PLACEMENT_3D('',#3944,#3186,#3187);
#2955=AXIS2_PLACEMENT_3D('',#3947,#3190,#3191);
#2956=AXIS2_PLACEMENT_3D('',#3948,#3192,#3193);
#2957=AXIS2_PLACEMENT_3D('',#3949,#3194,#3195);
#2958=AXIS2_PLACEMENT_3D('',#3951,#3196,#3197);
#2959=AXIS2_PLACEMENT_3D('',#3952,#3198,#3199);
#2960=AXIS2_PLACEMENT_3D('',#3954,#3200,#3201);
#2961=AXIS2_PLACEMENT_3D('',#3957,#3203,#3204);
#2962=AXIS2_PLACEMENT_3D('',#3958,#3205,#3206);
#2963=AXIS2_PLACEMENT_3D('',#3959,#3207,#3208);
#2964=AXIS2_PLACEMENT_3D('',#3998,#3227,#3228);
#2965=AXIS2_PLACEMENT_3D('',#4002,#3231,#3232);
#2966=AXIS2_PLACEMENT_3D('',#4020,#3242,#3243);
#2967=AXIS2_PLACEMENT_3D('',#4032,#3250,#3251);
#2968=AXIS2_PLACEMENT_3D('',#4050,#3261,#3262);
#2969=AXIS2_PLACEMENT_3D('',#4066,#3271,#3272);
#2970=AXIS2_PLACEMENT_3D('',#4070,#3275,#3276);
#2971=AXIS2_PLACEMENT_3D('',#4082,#3283,#3284);
#2972=AXIS2_PLACEMENT_3D('',#4094,#3291,#3292);
#2973=AXIS2_PLACEMENT_3D('',#4116,#3304,#3305);
#2974=AXIS2_PLACEMENT_3D('',#4122,#3308,#3309);
#2975=AXIS2_PLACEMENT_3D('',#4124,#3311,#3312);
#2976=AXIS2_PLACEMENT_3D('',#4128,#3315,#3316);
#2977=AXIS2_PLACEMENT_3D('',#4134,#3320,#3321);
#2978=AXIS2_PLACEMENT_3D('',#4138,#3324,#3325);
#2979=AXIS2_PLACEMENT_3D('',#4153,#3335,#3336);
#2980=AXIS2_PLACEMENT_3D('',#4159,#3340,#3341);
#2981=AXIS2_PLACEMENT_3D('',#4163,#3344,#3345);
#2982=AXIS2_PLACEMENT_3D('',#4167,#3348,#3349);
#2983=AXIS2_PLACEMENT_3D('',#4169,#3351,#3352);
#2984=AXIS2_PLACEMENT_3D('',#4171,#3354,#3355);
#2985=AXIS2_PLACEMENT_3D('',#4175,#3357,#3358);
#2986=AXIS2_PLACEMENT_3D('',#4179,#3361,#3362);
#2987=AXIS2_PLACEMENT_3D('',#4182,#3365,#3366);
#2988=AXIS2_PLACEMENT_3D('',#4185,#3368,#3369);
#2989=AXIS2_PLACEMENT_3D('',#4186,#3370,#3371);
#2990=AXIS2_PLACEMENT_3D('',#4188,#3373,#3374);
#2991=AXIS2_PLACEMENT_3D('',#4192,#3377,#3378);
#2992=AXIS2_PLACEMENT_3D('',#4206,#3386,#3387);
#2993=AXIS2_PLACEMENT_3D('',#4210,#3390,#3391);
#2994=AXIS2_PLACEMENT_3D('',#4212,#3392,#3393);
#2995=AXIS2_PLACEMENT_3D('',#4214,#3394,#3395);
#2996=AXIS2_PLACEMENT_3D('',#4216,#3396,#3397);
#2997=AXIS2_PLACEMENT_3D('',#4218,#3399,#3400);
#2998=AXIS2_PLACEMENT_3D('',#4224,#3404,#3405);
#2999=AXIS2_PLACEMENT_3D('',#4226,#3406,#3407);
#3000=AXIS2_PLACEMENT_3D('',#4229,#3409,#3410);
#3001=AXIS2_PLACEMENT_3D('',#4230,#3411,#3412);
#3002=AXIS2_PLACEMENT_3D('',#4231,#3413,#3414);
#3003=AXIS2_PLACEMENT_3D('',#4232,#3415,#3416);
#3004=AXIS2_PLACEMENT_3D('',#4233,#3417,#3418);
#3005=AXIS2_PLACEMENT_3D('',#4239,#3422,#3423);
#3006=AXIS2_PLACEMENT_3D('',#4257,#3432,#3433);
#3007=AXIS2_PLACEMENT_3D('',#4259,#3434,#3435);
#3008=AXIS2_PLACEMENT_3D('',#4261,#3436,#3437);
#3009=AXIS2_PLACEMENT_3D('',#4262,#3438,#3439);
#3010=AXIS2_PLACEMENT_3D('',#4276,#3447,#3448);
#3011=AXIS2_PLACEMENT_3D('',#4285,#3453,#3454);
#3012=AXIS2_PLACEMENT_3D('',#4291,#3458,#3459);
#3013=AXIS2_PLACEMENT_3D('',#4305,#3467,#3468);
#3014=AXIS2_PLACEMENT_3D('',#4311,#3472,#3473);
#3015=AXIS2_PLACEMENT_3D('',#4313,#3474,#3475);
#3016=AXIS2_PLACEMENT_3D('',#4315,#3477,#3478);
#3017=AXIS2_PLACEMENT_3D('',#4349,#3479,#3480);
#3018=AXIS2_PLACEMENT_3D('',#4351,#3482,#3483);
#3019=AXIS2_PLACEMENT_3D('',#4352,#3484,#3485);
#3020=AXIS2_PLACEMENT_3D('',#4354,#3486,#3487);
#3021=AXIS2_PLACEMENT_3D('',#4356,#3489,#3490);
#3022=AXIS2_PLACEMENT_3D('',#4362,#3494,#3495);
#3023=AXIS2_PLACEMENT_3D('',#4364,#3497,#3498);
#3024=AXIS2_PLACEMENT_3D('',#4370,#3502,#3503);
#3025=AXIS2_PLACEMENT_3D('',#4384,#3511,#3512);
#3026=AXIS2_PLACEMENT_3D('',#4390,#3516,#3517);
#3027=AXIS2_PLACEMENT_3D('',#4404,#3525,#3526);
#3028=AXIS2_PLACEMENT_3D('',#4410,#3530,#3531);
#3029=AXIS2_PLACEMENT_3D('',#4419,#3536,#3537);
#3030=AXIS2_PLACEMENT_3D('',#4421,#3538,#3539);
#3031=AXIS2_PLACEMENT_3D('',#4424,#3541,#3542);
#3032=AXIS2_PLACEMENT_3D('',#4425,#3543,#3544);
#3033=AXIS2_PLACEMENT_3D('',#4427,#3545,#3546);
#3034=AXIS2_PLACEMENT_3D('',#4430,#3548,#3549);
#3035=AXIS2_PLACEMENT_3D('',#4431,#3550,#3551);
#3036=AXIS2_PLACEMENT_3D('',#4433,#3552,#3553);
#3037=AXIS2_PLACEMENT_3D('',#4436,#3555,#3556);
#3038=AXIS2_PLACEMENT_3D('',#4437,#3557,#3558);
#3039=AXIS2_PLACEMENT_3D('',#4438,#3559,#3560);
#3040=AXIS2_PLACEMENT_3D('',#4439,#3561,#3562);
#3041=AXIS2_PLACEMENT_3D('',#4440,#3563,#3564);
#3042=AXIS2_PLACEMENT_3D('',#4442,#3565,#3566);
#3043=AXIS2_PLACEMENT_3D('',#4445,#3568,#3569);
#3044=AXIS2_PLACEMENT_3D('',#4446,#3570,#3571);
#3045=AXIS2_PLACEMENT_3D('',#4447,#3572,#3573);
#3046=AXIS2_PLACEMENT_3D('',#4449,#3574,#3575);
#3047=AXIS2_PLACEMENT_3D('',#4450,#3576,#3577);
#3048=AXIS2_PLACEMENT_3D('',#4452,#3578,#3579);
#3049=AXIS2_PLACEMENT_3D('',#4455,#3582,#3583);
#3050=AXIS2_PLACEMENT_3D('',#4464,#3588,#3589);
#3051=AXIS2_PLACEMENT_3D('',#4466,#3590,#3591);
#3052=AXIS2_PLACEMENT_3D('',#4469,#3593,#3594);
#3053=AXIS2_PLACEMENT_3D('',#4470,#3595,#3596);
#3054=AXIS2_PLACEMENT_3D('',#4471,#3597,#3598);
#3055=AXIS2_PLACEMENT_3D('',#4480,#3603,#3604);
#3056=AXIS2_PLACEMENT_3D('',#4486,#3608,#3609);
#3057=AXIS2_PLACEMENT_3D('',#4490,#3612,#3613);
#3058=AXIS2_PLACEMENT_3D('',#4494,#3616,#3617);
#3059=AXIS2_PLACEMENT_3D('',#4497,#3620,#3621);
#3060=AXIS2_PLACEMENT_3D('',#4500,#3624,#3625);
#3061=AXIS2_PLACEMENT_3D('',#4504,#3628,#3629);
#3062=AXIS2_PLACEMENT_3D('',#4508,#3632,#3633);
#3063=AXIS2_PLACEMENT_3D('',#4513,#3637,#3638);
#3064=AXIS2_PLACEMENT_3D('',#4514,#3639,#3640);
#3065=AXIS2_PLACEMENT_3D('',#4515,#3641,#3642);
#3066=AXIS2_PLACEMENT_3D('',#4516,#3643,#3644);
#3067=AXIS2_PLACEMENT_3D('',#4522,#3648,#3649);
#3068=AXIS2_PLACEMENT_3D('',#4524,#3651,#3652);
#3069=AXIS2_PLACEMENT_3D('',#4526,#3654,#3655);
#3070=AXIS2_PLACEMENT_3D('',#4531,#3659,#3660);
#3071=AXIS2_PLACEMENT_3D('',#4534,#3663,#3664);
#3072=AXIS2_PLACEMENT_3D('',#4535,#3665,#3666);
#3073=AXIS2_PLACEMENT_3D('',#4539,#3669,#3670);
#3074=AXIS2_PLACEMENT_3D('',#4542,#3673,#3674);
#3075=AXIS2_PLACEMENT_3D('',#4543,#3675,#3676);
#3076=AXIS2_PLACEMENT_3D('',#4544,#3677,#3678);
#3077=AXIS2_PLACEMENT_3D('',#4550,#3682,#3683);
#3078=AXIS2_PLACEMENT_3D('',#4554,#3686,#3687);
#3079=AXIS2_PLACEMENT_3D('',#4558,#3690,#3691);
#3080=AXIS2_PLACEMENT_3D('',#4560,#3693,#3694);
#3081=AXIS2_PLACEMENT_3D('',#4566,#3698,#3699);
#3082=AXIS2_PLACEMENT_3D('',#4568,#3701,#3702);
#3083=AXIS2_PLACEMENT_3D('',#4573,#3706,#3707);
#3084=AXIS2_PLACEMENT_3D('',#4575,#3709,#3710);
#3085=AXIS2_PLACEMENT_3D('',#4577,#3712,#3713);
#3086=AXIS2_PLACEMENT_3D('',#4579,#3715,#3716);
#3087=AXIS2_PLACEMENT_3D('',#4581,#3718,#3719);
#3088=AXIS2_PLACEMENT_3D('',#4585,#3722,#3723);
#3089=AXIS2_PLACEMENT_3D('',#4590,#3727,#3728);
#3090=AXIS2_PLACEMENT_3D('',#4591,#3729,#3730);
#3091=AXIS2_PLACEMENT_3D('',#4592,#3731,#3732);
#3092=AXIS2_PLACEMENT_3D('',#4593,#3733,#3734);
#3093=AXIS2_PLACEMENT_3D('',#4594,#3735,#3736);
#3094=AXIS2_PLACEMENT_3D('',#4595,#3737,#3738);
#3095=AXIS2_PLACEMENT_3D('',#4596,#3739,#3740);
#3096=AXIS2_PLACEMENT_3D('',#4600,#3743,#3744);
#3097=AXIS2_PLACEMENT_3D('',#4602,#3746,#3747);
#3098=AXIS2_PLACEMENT_3D('',#4604,#3749,#3750);
#3099=AXIS2_PLACEMENT_3D('',#4606,#3752,#3753);
#3100=AXIS2_PLACEMENT_3D('',#4609,#3756,#3757);
#3101=AXIS2_PLACEMENT_3D('',#4611,#3759,#3760);
#3102=AXIS2_PLACEMENT_3D('',#4613,#3762,#3763);
#3103=AXIS2_PLACEMENT_3D('',#4615,#3764,#3765);
#3104=AXIS2_PLACEMENT_3D('',#4617,#3767,#3768);
#3105=AXIS2_PLACEMENT_3D('',#4619,#3770,#3771);
#3106=AXIS2_PLACEMENT_3D('',#4621,#3773,#3774);
#3107=AXIS2_PLACEMENT_3D('',#4622,#3775,#3776);
#3108=AXIS2_PLACEMENT_3D('',#4624,#3778,#3779);
#3109=AXIS2_PLACEMENT_3D('',#4625,#3780,#3781);
#3110=AXIS2_PLACEMENT_3D('',#4629,#3784,#3785);
#3111=AXIS2_PLACEMENT_3D('',#4633,#3788,#3789);
#3112=AXIS2_PLACEMENT_3D('',#4637,#3792,#3793);
#3113=AXIS2_PLACEMENT_3D('',#4643,#3797,#3798);
#3114=AXIS2_PLACEMENT_3D('',#4649,#3802,#3803);
#3115=AXIS2_PLACEMENT_3D('',#4653,#3806,#3807);
#3116=AXIS2_PLACEMENT_3D('',#4657,#3810,#3811);
#3117=AXIS2_PLACEMENT_3D('',#4659,#3813,#3814);
#3118=AXIS2_PLACEMENT_3D('',#4661,#3815,#3816);
#3119=AXIS2_PLACEMENT_3D('',#4662,#3817,#3818);
#3120=AXIS2_PLACEMENT_3D('',#4664,#3820,#3821);
#3121=AXIS2_PLACEMENT_3D('',#4681,#3830,#3831);
#3122=AXIS2_PLACEMENT_3D('',#4687,#3835,#3836);
#3123=AXIS2_PLACEMENT_3D('',#4693,#3840,#3841);
#3124=AXIS2_PLACEMENT_3D('',#4702,#3846,#3847);
#3125=AXIS2_PLACEMENT_3D('',#4716,#3855,#3856);
#3126=AXIS2_PLACEMENT_3D('',#4723,#3862,#3863);
#3127=AXIS2_PLACEMENT_3D('',#4725,#3865,#3866);
#3128=AXIS2_PLACEMENT_3D('',#4727,#3868,#3869);
#3129=AXIS2_PLACEMENT_3D('',#4731,#3872,#3873);
#3130=AXIS2_PLACEMENT_3D('',#4732,#3874,#3875);
#3131=AXIS2_PLACEMENT_3D('',#4734,#3877,#3878);
#3132=AXIS2_PLACEMENT_3D('',#4735,#3879,#3880);
#3133=AXIS2_PLACEMENT_3D('',#4737,#3882,#3883);
#3134=DIRECTION('axis',(0.,0.,1.));
#3135=DIRECTION('refdir',(1.,0.,0.));
#3136=DIRECTION('center_axis',(-2.50000187218547E-10,-3.48018425254496E-16,
-1.));
#3137=DIRECTION('ref_axis',(-6.57909941199495E-17,-1.,3.48018425270944E-16));
#3138=DIRECTION('',(-6.57909941199495E-17,-1.,3.48018425270944E-16));
#3139=DIRECTION('',(-1.,6.57909942069542E-17,2.50000187218547E-10));
#3140=DIRECTION('',(-6.57909941199495E-17,-1.,3.48018425270944E-16));
#3141=DIRECTION('',(-1.,0.,2.50004461577191E-10));
#3142=DIRECTION('center_axis',(6.57909941199495E-17,1.,-3.48018425270944E-16));
#3143=DIRECTION('ref_axis',(-2.50000187218547E-10,-3.48018425254496E-16,
-1.));
#3144=DIRECTION('',(-1.,6.57909942069542E-17,2.50000187218547E-10));
#3145=DIRECTION('',(-2.50000187218547E-10,-3.48018425254496E-16,-1.));
#3146=DIRECTION('',(-2.50000187218547E-10,-3.48018425254496E-16,-1.));
#3147=DIRECTION('center_axis',(2.50000187218547E-10,3.48018425254496E-16,
1.));
#3148=DIRECTION('ref_axis',(6.57909941199495E-17,1.,-3.48018425270944E-16));
#3149=DIRECTION('',(-1.,0.,2.49995579792995E-10));
#3150=DIRECTION('',(6.57909941199495E-17,1.,-3.48018425270944E-16));
#3151=DIRECTION('',(6.57909941199495E-17,1.,-3.48018425270944E-16));
#3152=DIRECTION('center_axis',(-6.57909941199495E-17,-1.,3.48018425270944E-16));
#3153=DIRECTION('ref_axis',(2.50000187218547E-10,3.48018425254496E-16,1.));
#3154=DIRECTION('',(-2.50000242729698E-10,0.,-1.));
#3155=DIRECTION('',(2.50000242729698E-10,0.,1.));
#3156=DIRECTION('',(-1.,0.,2.50000020685093E-10));
#3157=DIRECTION('center_axis',(-2.50000187218547E-10,-3.48018425254496E-16,
-1.));
#3158=DIRECTION('ref_axis',(-6.57909941199495E-17,-1.,3.48018425270944E-16));
#3159=DIRECTION('',(0.,1.,0.));
#3160=DIRECTION('',(0.,-1.,0.));
#3161=DIRECTION('',(-1.,0.,2.50000020685093E-10));
#3162=DIRECTION('center_axis',(6.57909941199495E-17,1.,-3.48018425270944E-16));
#3163=DIRECTION('ref_axis',(-2.50000187218547E-10,-3.48018425254496E-16,
-1.));
#3164=DIRECTION('',(2.50000267401321E-10,0.,1.));
#3165=DIRECTION('',(-2.50000020685093E-10,0.,-1.));
#3166=DIRECTION('center_axis',(1.,-6.57909942069542E-17,-2.50000187218547E-10));
#3167=DIRECTION('ref_axis',(-6.57909941199495E-17,-1.,3.48018425270944E-16));
#3168=DIRECTION('center_axis',(-1.,6.57909942069542E-17,2.50000187218547E-10));
#3169=DIRECTION('ref_axis',(6.57909941199495E-17,1.,-3.48018425270944E-16));
#3170=DIRECTION('center_axis',(-6.57909941199495E-17,-1.,3.48018425270944E-16));
#3171=DIRECTION('ref_axis',(2.50000187218547E-10,3.48018425254496E-16,1.));
#3172=DIRECTION('',(-2.50000205722264E-10,0.,-1.));
#3173=DIRECTION('',(-1.,0.,2.50000020685093E-10));
#3174=DIRECTION('',(2.50000205722264E-10,0.,1.));
#3175=DIRECTION('',(-1.,0.,2.49995579792995E-10));
#3176=DIRECTION('center_axis',(-2.50000187218547E-10,-3.48018425254496E-16,
-1.));
#3177=DIRECTION('ref_axis',(-6.57909941199495E-17,-1.,3.48018425270944E-16));
#3178=DIRECTION('',(0.,1.,0.));
#3179=DIRECTION('',(0.,-1.,0.));
#3180=DIRECTION('',(-1.,0.,2.50000020685093E-10));
#3181=DIRECTION('center_axis',(6.57909941199495E-17,1.,-3.48018425270944E-16));
#3182=DIRECTION('ref_axis',(-2.50000187218547E-10,-3.48018425254496E-16,
-1.));
#3183=DIRECTION('',(2.50000020685093E-10,0.,1.));
#3184=DIRECTION('',(-2.50000205722264E-10,0.,-1.));
#3185=DIRECTION('',(-1.,0.,2.50000020685093E-10));
#3186=DIRECTION('center_axis',(2.50000187218547E-10,3.48018425254496E-16,
1.));
#3187=DIRECTION('ref_axis',(6.57909941199495E-17,1.,-3.48018425270944E-16));
#3188=DIRECTION('',(0.,-1.,0.));
#3189=DIRECTION('',(0.,1.,0.));
#3190=DIRECTION('center_axis',(1.,-6.57909942069542E-17,-2.50000187218547E-10));
#3191=DIRECTION('ref_axis',(-6.57909941199495E-17,-1.,3.48018425270944E-16));
#3192=DIRECTION('center_axis',(-1.,6.57909942069542E-17,2.50000187218547E-10));
#3193=DIRECTION('ref_axis',(6.57909941199495E-17,1.,-3.48018425270944E-16));
#3194=DIRECTION('center_axis',(1.,-6.57909942069542E-17,-2.50000187218547E-10));
#3195=DIRECTION('ref_axis',(-6.57909941199495E-17,-1.,3.48018425270944E-16));
#3196=DIRECTION('center_axis',(-1.,6.57909942069542E-17,2.50000187218547E-10));
#3197=DIRECTION('ref_axis',(6.57909941199495E-17,1.,-3.48018425270944E-16));
#3198=DIRECTION('center_axis',(-1.,6.57909942069542E-17,2.50000187218547E-10));
#3199=DIRECTION('ref_axis',(2.50000187218556E-10,2.63163779751246E-7,0.999999999999965));
#3200=DIRECTION('center_axis',(-1.,6.57909942069542E-17,2.50000187218547E-10));
#3201=DIRECTION('ref_axis',(2.50000187218556E-10,2.63163779751246E-7,0.999999999999965));
#3202=DIRECTION('',(-1.,6.57909942069542E-17,2.50000187218547E-10));
#3203=DIRECTION('center_axis',(-1.,6.57909942069542E-17,2.50000187218547E-10));
#3204=DIRECTION('ref_axis',(2.50000187218556E-10,2.63163779751246E-7,0.999999999999965));
#3205=DIRECTION('center_axis',(1.,-6.57909942069542E-17,-2.50000187218547E-10));
#3206=DIRECTION('ref_axis',(-6.57909941199495E-17,-1.,3.48018425270944E-16));
#3207=DIRECTION('center_axis',(1.,-6.57909942069542E-17,-2.50000187218547E-10));
#3208=DIRECTION('ref_axis',(-6.57909941199495E-17,-1.,3.48018425270944E-16));
#3209=DIRECTION('',(1.0449157878825E-16,1.,-5.22457893941249E-16));
#3210=DIRECTION('',(2.50000254416256E-10,0.,1.));
#3211=DIRECTION('',(1.76773569738297E-10,0.707106781186541,0.707106781186554));
#3212=DIRECTION('',(0.,1.,0.));
#3213=DIRECTION('',(8.88178419700123E-17,1.,-3.55271367880049E-16));
#3214=DIRECTION('',(0.,1.,0.));
#3215=DIRECTION('',(-2.50001500982459E-10,0.,-1.));
#3216=DIRECTION('',(0.,-1.,3.01077430406812E-16));
#3217=DIRECTION('',(-2.50000045197021E-10,0.,-1.));
#3218=DIRECTION('',(-2.2773805633325E-16,-1.,4.554761126665E-16));
#3219=DIRECTION('',(2.50000214755295E-10,0.,1.));
#3220=DIRECTION('',(0.,1.,-1.69176841847821E-15));
#3221=DIRECTION('',(-1.76773569738294E-10,0.707106781186529,-0.707106781186566));
#3222=DIRECTION('',(-2.500001677345E-10,0.,-1.));
#3223=DIRECTION('',(-1.76773569738289E-10,-0.70710678118651,-0.707106781186585));
#3224=DIRECTION('',(-1.21668276671253E-16,-1.,4.86673106685012E-16));
#3225=DIRECTION('',(2.50000020685094E-10,0.,1.));
#3226=DIRECTION('',(0.,1.,0.));
#3227=DIRECTION('center_axis',(1.,-4.6820184702386E-14,-2.50027296986735E-10));
#3228=DIRECTION('ref_axis',(-1.50054191294648E-10,-0.80000000000002,-0.599999999999974));
#3229=DIRECTION('',(0.,-1.,0.));
#3230=DIRECTION('',(2.50000178163536E-10,0.,1.));
#3231=DIRECTION('center_axis',(-2.50000187218547E-10,-3.48018425254496E-16,
-1.));
#3232=DIRECTION('ref_axis',(-6.57909941199495E-17,-1.,3.48018425270944E-16));
#3233=DIRECTION('',(1.,0.,-2.5000203927241E-10));
#3234=DIRECTION('',(-5.22457893941249E-17,-1.,4.17966315152999E-16));
#3235=DIRECTION('',(1.,-6.57962573313853E-17,-2.50000187218547E-10));
#3236=DIRECTION('',(6.57962572443805E-17,1.,-3.48018425270945E-16));
#3237=DIRECTION('',(1.,-6.57962573313853E-17,-2.50000187218547E-10));
#3238=DIRECTION('',(1.21302145350517E-16,1.,-3.48018425284822E-16));
#3239=DIRECTION('',(1.,-6.57962573313853E-17,-2.50000187218547E-10));
#3240=DIRECTION('',(-1.669437921303E-15,1.,-3.48018424837137E-16));
#3241=DIRECTION('',(-1.,-1.11839426608622E-16,2.50000187218547E-10));
#3242=DIRECTION('center_axis',(6.57909941199495E-17,1.,-3.48018425270944E-16));
#3243=DIRECTION('ref_axis',(2.50000187218547E-10,3.48018425254496E-16,1.));
#3244=DIRECTION('',(-2.50000440450834E-10,0.,-1.));
#3245=DIRECTION('',(-1.,0.,2.49997356149834E-10));
#3246=DIRECTION('',(-2.49998547574948E-10,0.,-1.));
#3247=DIRECTION('',(-1.,0.,2.5000039099967E-10));
#3248=DIRECTION('',(2.50000337891676E-10,0.,1.));
#3249=DIRECTION('',(1.,0.,-2.50001730086717E-10));
#3250=DIRECTION('center_axis',(6.57909941199495E-17,1.,-3.48018425270944E-16));
#3251=DIRECTION('ref_axis',(2.50000187218547E-10,3.48018425254496E-16,1.));
#3252=DIRECTION('',(-1.,0.,2.5000173008271E-10));
#3253=DIRECTION('',(-2.50000020685096E-10,0.,-1.));
#3254=DIRECTION('',(1.,0.,-2.50000020925979E-10));
#3255=DIRECTION('',(2.50000514117551E-10,0.,1.));
#3256=DIRECTION('',(1.,0.,-2.4999991021514E-10));
#3257=DIRECTION('',(2.50000020685095E-10,0.,1.));
#3258=DIRECTION('',(1.,0.,-2.50000908863512E-10));
#3259=DIRECTION('',(-2.50000020685094E-10,0.,-1.));
#3260=DIRECTION('',(-1.,0.,2.50000908863512E-10));
#3261=DIRECTION('center_axis',(-2.50000187218547E-10,-3.48018425254496E-16,
-1.));
#3262=DIRECTION('ref_axis',(6.57909941199495E-17,1.,-3.48018425270944E-16));
#3263=DIRECTION('',(-0.224859506698757,0.97439119569462,5.62145484669927E-11));
#3264=DIRECTION('',(1.,0.,-2.50000020685093E-10));
#3265=DIRECTION('',(0.,1.,-7.7232906060877E-16));
#3266=DIRECTION('',(1.,0.,-2.50000252787467E-10));
#3267=DIRECTION('',(0.,1.,0.));
#3268=DIRECTION('',(1.,0.,-2.49999420564539E-10));
#3269=DIRECTION('',(0.,-1.,0.));
#3270=DIRECTION('',(-1.,0.,2.49999420564539E-10));
#3271=DIRECTION('center_axis',(-6.57909941199495E-17,-1.,3.48018425270944E-16));
#3272=DIRECTION('ref_axis',(-1.,6.57909942069542E-17,2.50000187218547E-10));
#3273=DIRECTION('',(-1.,0.,2.50000020685093E-10));
#3274=DIRECTION('',(-2.50000045197021E-10,0.,-1.));
#3275=DIRECTION('center_axis',(-2.50000187218547E-10,-3.48018425254496E-16,
-1.));
#3276=DIRECTION('ref_axis',(6.57909941199495E-17,1.,-3.48018425270944E-16));
#3277=DIRECTION('',(-0.224859506698761,0.974391195694619,5.62145484669939E-11));
#3278=DIRECTION('',(1.,0.,-2.50000252787467E-10));
#3279=DIRECTION('',(0.,1.,-2.61228946970633E-16));
#3280=DIRECTION('',(1.,0.,-2.50000020685093E-10));
#3281=DIRECTION('',(0.,1.,-1.11022302462669E-15));
#3282=DIRECTION('',(1.,0.,-2.49998963329831E-10));
#3283=DIRECTION('center_axis',(6.57909941199495E-17,1.,-3.48018425270944E-16));
#3284=DIRECTION('ref_axis',(1.,-6.57909942069542E-17,-2.50000187218547E-10));
#3285=DIRECTION('',(-2.50000308853546E-10,0.,-1.));
#3286=DIRECTION('',(1.,0.,-2.50000020685093E-10));
#3287=DIRECTION('',(-2.50000020685093E-10,0.,-1.));
#3288=DIRECTION('',(-1.,0.,2.50000021407752E-10));
#3289=DIRECTION('',(2.50000020685096E-10,0.,1.));
#3290=DIRECTION('',(1.,0.,-2.49999452702135E-10));
#3291=DIRECTION('center_axis',(-6.57909941199495E-17,-1.,3.48018425270944E-16));
#3292=DIRECTION('ref_axis',(-2.50000187218547E-10,-3.48018425254496E-16,
-1.));
#3293=DIRECTION('',(-1.,0.,2.49999452706141E-10));
#3294=DIRECTION('',(-2.50000337891675E-10,0.,-1.));
#3295=DIRECTION('',(1.,0.,-2.5000039099967E-10));
#3296=DIRECTION('',(2.49998547574953E-10,0.,1.));
#3297=DIRECTION('',(1.,0.,-2.50000908863512E-10));
#3298=DIRECTION('',(2.50000140825755E-10,7.68154309287956E-16,1.));
#3299=DIRECTION('',(-1.,0.,2.49999132506674E-10));
#3300=DIRECTION('',(-2.49998540387809E-10,0.,-1.));
#3301=DIRECTION('',(-1.,0.,2.50001372275896E-10));
#3302=DIRECTION('',(-2.50000337891671E-10,0.,-1.));
#3303=DIRECTION('',(1.,0.,-2.50001728876773E-10));
#3304=DIRECTION('center_axis',(-0.868243142248495,-1.15542912500645E-16,
-0.496138938139772));
#3305=DIRECTION('ref_axis',(6.57909941199495E-17,1.,-3.48018425270944E-16));
#3306=DIRECTION('',(0.49613893813977,0.,-0.868243142248496));
#3307=DIRECTION('',(0.,1.,0.));
#3308=DIRECTION('center_axis',(0.868243142248526,-1.25988471905927E-13,
0.496138938139718));
#3309=DIRECTION('ref_axis',(0.496138938139718,-9.45713151877077E-10,-0.868243142248526));
#3310=DIRECTION('',(8.88178419700125E-16,1.,0.));
#3311=DIRECTION('center_axis',(6.57909941199495E-17,1.,-3.48018425270944E-16));
#3312=DIRECTION('ref_axis',(-2.50000187218547E-10,-3.48018425254496E-16,
-1.));
#3313=DIRECTION('',(1.,0.,-2.4999396492314E-10));
#3314=DIRECTION('',(-2.50000178163536E-10,0.,-1.));
#3315=DIRECTION('center_axis',(-6.57962573313853E-17,-1.,0.));
#3316=DIRECTION('ref_axis',(-2.50000187222099E-10,1.64490766513597E-26,
-1.));
#3317=DIRECTION('',(-2.50000187222099E-10,1.64490766513597E-26,-1.));
#3318=DIRECTION('',(1.,-6.57962573313853E-17,-2.50000187222099E-10));
#3319=DIRECTION('',(2.50000187222099E-10,-1.64490766513597E-26,1.));
#3320=DIRECTION('center_axis',(1.,-6.57909942069542E-17,-2.50000187218547E-10));
#3321=DIRECTION('ref_axis',(-6.57909941199495E-17,-1.,3.48018425270944E-16));
#3322=DIRECTION('',(-6.57909941199495E-17,-1.,3.48018425270944E-16));
#3323=DIRECTION('',(2.50000187218547E-10,-4.67275390566699E-17,1.));
#3324=DIRECTION('center_axis',(-1.,6.57909942069542E-17,2.50000187218547E-10));
#3325=DIRECTION('ref_axis',(6.57909941199495E-17,1.,-3.48018425270944E-16));
#3326=DIRECTION('',(6.62819716194123E-17,1.,-3.97691829716474E-16));
#3327=DIRECTION('',(1.76779850108118E-10,0.707106781179451,0.707106781193644));
#3328=DIRECTION('',(-1.76779850108102E-10,-0.707106781186623,-0.707106781186472));
#3329=DIRECTION('',(0.,1.,0.));
#3330=DIRECTION('',(-2.50000252290674E-10,0.,-1.));
#3331=DIRECTION('',(2.50000045197021E-10,0.,1.));
#3332=DIRECTION('',(0.,1.,-7.15311478953131E-16));
#3333=DIRECTION('',(1.76779850108127E-10,-0.707106781186522,0.707106781186573));
#3334=DIRECTION('',(-1.76767289368452E-10,0.707106781193029,-0.707106781180066));
#3335=DIRECTION('center_axis',(-1.,6.57909942069542E-17,2.50000187218547E-10));
#3336=DIRECTION('ref_axis',(-2.50000187218547E-10,-3.48018425254496E-16,
-1.));
#3337=DIRECTION('',(0.,-1.,8.88178419700176E-16));
#3338=DIRECTION('',(-2.50008902469291E-10,1.42108547152021E-14,-1.));
#3339=DIRECTION('',(2.22044604925044E-16,-1.,0.));
#3340=DIRECTION('center_axis',(-2.50000187218547E-10,-3.48018425254496E-16,
-1.));
#3341=DIRECTION('ref_axis',(1.,-6.57909942069542E-17,-2.50000187218547E-10));
#3342=DIRECTION('',(0.,-1.,8.88178419700176E-16));
#3343=DIRECTION('',(1.,0.,-2.50000908863512E-10));
#3344=DIRECTION('center_axis',(1.,-6.57909942069542E-17,-2.50000187218547E-10));
#3345=DIRECTION('ref_axis',(2.50000187218547E-10,3.48018425254496E-16,1.));
#3346=DIRECTION('',(0.,-1.,0.));
#3347=DIRECTION('',(2.50000020685094E-10,0.,1.));
#3348=DIRECTION('center_axis',(2.50000187218547E-10,3.48018425254496E-16,
1.));
#3349=DIRECTION('ref_axis',(-1.,6.57909942069542E-17,2.50000187218547E-10));
#3350=DIRECTION('',(-1.,0.,2.49997356149834E-10));
#3351=DIRECTION('center_axis',(6.57909941199495E-17,1.,-3.48018425270944E-16));
#3352=DIRECTION('ref_axis',(2.50000187218547E-10,3.48018425254496E-16,1.));
#3353=DIRECTION('',(-2.50000045197021E-10,0.,-1.));
#3354=DIRECTION('center_axis',(-1.,6.57909942069542E-17,2.50000187218547E-10));
#3355=DIRECTION('ref_axis',(6.57909941199495E-17,1.,-3.48018425270944E-16));
#3356=DIRECTION('',(-2.50000140709203E-10,-9.60192886162296E-16,-1.));
#3357=DIRECTION('center_axis',(1.,-2.15756791946632E-16,-2.50001280184232E-10));
#3358=DIRECTION('ref_axis',(-2.39579784582541E-10,-0.285714285714301,-0.958314847499905));
#3359=DIRECTION('',(-2.50000779856743E-10,0.,-1.));
#3360=DIRECTION('',(-2.50000204446145E-10,0.,-1.));
#3361=DIRECTION('center_axis',(-6.57909941199495E-17,-1.,3.48018425270944E-16));
#3362=DIRECTION('ref_axis',(2.50000187218547E-10,3.48018425254496E-16,1.));
#3363=DIRECTION('',(-2.50000194452561E-10,0.,-1.));
#3364=DIRECTION('',(1.,0.,-2.50001130908117E-10));
#3365=DIRECTION('center_axis',(-1.,6.57909942069542E-17,2.50000187218547E-10));
#3366=DIRECTION('ref_axis',(6.57909941199495E-17,1.,-3.48018425270944E-16));
#3367=DIRECTION('',(2.50000173819303E-10,9.80058945875999E-16,1.));
#3368=DIRECTION('center_axis',(-1.,4.58506761332429E-14,2.50011038188123E-10));
#3369=DIRECTION('ref_axis',(-4.61852778244157E-14,-1.,4.97379915032169E-14));
#3370=DIRECTION('center_axis',(6.57909941199495E-17,1.,-3.48018425270944E-16));
#3371=DIRECTION('ref_axis',(2.50000187218547E-10,3.48018425254496E-16,1.));
#3372=DIRECTION('',(-1.,0.,2.49999420564539E-10));
#3373=DIRECTION('center_axis',(1.,-6.57909942069542E-17,-2.50000187218547E-10));
#3374=DIRECTION('ref_axis',(-6.57909941199495E-17,-1.,3.48018425270944E-16));
#3375=DIRECTION('',(0.,1.,-2.22044604925338E-15));
#3376=DIRECTION('',(-2.50000173283835E-10,0.,-1.));
#3377=DIRECTION('center_axis',(-6.57909941199495E-17,-1.,3.48018425270944E-16));
#3378=DIRECTION('ref_axis',(-2.50000187218547E-10,-3.48018425254496E-16,
-1.));
#3379=DIRECTION('',(1.,0.,-2.50000545124019E-10));
#3380=DIRECTION('',(-2.50001130908118E-10,0.,-1.));
#3381=DIRECTION('',(1.,0.,-2.50002178362568E-10));
#3382=DIRECTION('',(2.50001130908118E-10,0.,1.));
#3383=DIRECTION('',(1.,0.,-2.49999188281845E-10));
#3384=DIRECTION('',(-1.,0.,2.50000514117548E-10));
#3385=DIRECTION('',(-2.50000020685093E-10,0.,-1.));
#3386=DIRECTION('center_axis',(2.50000187218547E-10,3.48018425254496E-16,
1.));
#3387=DIRECTION('ref_axis',(-6.57909941199495E-17,-1.,3.48018425270944E-16));
#3388=DIRECTION('',(-6.57962572443805E-17,-1.,3.48018425270945E-16));
#3389=DIRECTION('',(1.,-6.57962573313853E-17,-2.50000187218547E-10));
#3390=DIRECTION('center_axis',(-1.,6.57909942060001E-17,2.50000187218547E-10));
#3391=DIRECTION('ref_axis',(-1.76776874201399E-10,-0.707106781186548,-0.707106781186547));
#3392=DIRECTION('center_axis',(0.97838432250148,-0.206794868126169,-2.44596191828637E-10));
#3393=DIRECTION('ref_axis',(0.206794868126169,0.97838432250148,-5.1697550453147E-11));
#3394=DIRECTION('center_axis',(-1.,6.57909942060001E-17,2.50000187218547E-10));
#3395=DIRECTION('ref_axis',(1.76776874201398E-10,0.70710678118655,0.707106781186545));
#3396=DIRECTION('center_axis',(-0.989904447903448,0.14173631863771,2.47476247977484E-10));
#3397=DIRECTION('ref_axis',(0.14173631863771,0.989904447903448,-3.54379648348817E-11));
#3398=DIRECTION('',(-1.,0.,2.50000806183925E-10));
#3399=DIRECTION('center_axis',(-1.,6.57909942069542E-17,2.50000187218547E-10));
#3400=DIRECTION('ref_axis',(6.57909941199495E-17,1.,-3.48018425270944E-16));
#3401=DIRECTION('',(0.,-1.,0.));
#3402=DIRECTION('',(-2.50000020685093E-10,0.,-1.));
#3403=DIRECTION('',(0.,1.,0.));
#3404=DIRECTION('center_axis',(-2.50000187218547E-10,-3.48018425254496E-16,
-1.));
#3405=DIRECTION('ref_axis',(-6.57909941199495E-17,-1.,3.48018425270944E-16));
#3406=DIRECTION('center_axis',(-2.50002796242654E-10,-1.38777878078144E-14,
-1.));
#3407=DIRECTION('ref_axis',(0.,-1.,1.66533453693773E-14));
#3408=DIRECTION('',(-2.50000187218547E-10,-3.48018425254496E-16,-1.));
#3409=DIRECTION('center_axis',(2.50000187218547E-10,3.48018425254496E-16,
1.));
#3410=DIRECTION('ref_axis',(-6.57909941199495E-17,-1.,3.48018425270944E-16));
#3411=DIRECTION('center_axis',(-2.49978254054351E-10,1.33204910638358E-13,
-1.));
#3412=DIRECTION('ref_axis',(-0.347985272686081,-0.937499999996583,8.6863849446624E-11));
#3413=DIRECTION('center_axis',(2.50000187218547E-10,3.48018425254496E-16,
1.));
#3414=DIRECTION('ref_axis',(-6.57909941199495E-17,-1.,3.48018425270944E-16));
#3415=DIRECTION('center_axis',(2.50000187218547E-10,3.48018425254496E-16,
1.));
#3416=DIRECTION('ref_axis',(1.,-6.57909942069542E-17,-2.50000187218547E-10));
#3417=DIRECTION('center_axis',(-2.50000187218547E-10,-3.48018425254496E-16,
-1.));
#3418=DIRECTION('ref_axis',(-6.57909941199495E-17,-1.,3.48018425270944E-16));
#3419=DIRECTION('',(-0.206794868126169,-0.97838432250148,5.16991336572499E-11));
#3420=DIRECTION('',(0.14173631863771,0.989904447903448,-3.5434135256596E-11));
#3421=DIRECTION('',(1.,0.,-2.50001286811776E-10));
#3422=DIRECTION('center_axis',(-1.,6.57909942069542E-17,2.50000187218547E-10));
#3423=DIRECTION('ref_axis',(6.57909941199495E-17,1.,-3.48018425270944E-16));
#3424=DIRECTION('',(0.,1.,0.));
#3425=DIRECTION('',(2.50000187218547E-10,3.13945157443627E-15,1.));
#3426=DIRECTION('',(-6.57909941962126E-17,-1.,4.29660128782824E-17));
#3427=DIRECTION('',(2.50000187218547E-10,3.1394515744363E-15,1.));
#3428=DIRECTION('',(9.44870659255452E-17,1.,-7.55896527404361E-16));
#3429=DIRECTION('',(2.50000362260392E-10,0.,1.));
#3430=DIRECTION('',(-8.88178419700125E-17,-1.,3.5527136788005E-16));
#3431=DIRECTION('',(-2.50000362292177E-10,0.,-1.));
#3432=DIRECTION('center_axis',(-1.,0.,2.50000020778843E-10));
#3433=DIRECTION('ref_axis',(0.,1.,3.75015574149979E-10));
#3434=DIRECTION('center_axis',(-1.,0.,2.50000020778843E-10));
#3435=DIRECTION('ref_axis',(0.,1.,3.75015574149979E-10));
#3436=DIRECTION('center_axis',(-1.,0.,2.50000020778843E-10));
#3437=DIRECTION('ref_axis',(0.,1.,3.75015574149979E-10));
#3438=DIRECTION('center_axis',(-6.57909941199495E-17,-1.,3.48018425270944E-16));
#3439=DIRECTION('ref_axis',(2.50000187218547E-10,3.48018425254496E-16,1.));
#3440=DIRECTION('',(-1.,0.,2.50004461577193E-10));
#3441=DIRECTION('',(2.55022669648497E-10,3.50794948644761E-11,1.));
#3442=DIRECTION('',(-1.,0.,2.50000908863512E-10));
#3443=DIRECTION('',(-2.60691024297899E-10,-5.05835373538864E-11,-1.));
#3444=DIRECTION('',(-1.,0.,2.50004461575878E-10));
#3445=DIRECTION('',(-1.,0.,2.50000281914041E-10));
#3446=DIRECTION('',(2.50000020685093E-10,0.,1.));
#3447=DIRECTION('center_axis',(-6.57909941199495E-17,-1.,3.48018425270944E-16));
#3448=DIRECTION('ref_axis',(2.50000187218547E-10,3.48018425254496E-16,1.));
#3449=DIRECTION('',(-1.,0.,2.50000020685093E-10));
#3450=DIRECTION('',(2.50000205722264E-10,0.,1.));
#3451=DIRECTION('',(-1.,0.,2.50000020685093E-10));
#3452=DIRECTION('',(-2.50000205722264E-10,0.,-1.));
#3453=DIRECTION('center_axis',(1.,-6.57909942069542E-17,-2.50000187218547E-10));
#3454=DIRECTION('ref_axis',(-6.57909941199495E-17,-1.,3.48018425270944E-16));
#3455=DIRECTION('',(0.,1.,0.));
#3456=DIRECTION('',(2.50000205722264E-10,0.,1.));
#3457=DIRECTION('',(0.,1.,0.));
#3458=DIRECTION('center_axis',(-6.57909941199495E-17,-1.,3.48018425270944E-16));
#3459=DIRECTION('ref_axis',(-2.50000187218547E-10,-3.48018425254496E-16,
-1.));
#3460=DIRECTION('',(-1.,0.,2.50000020685093E-10));
#3461=DIRECTION('',(-2.50000198320776E-10,0.,-1.));
#3462=DIRECTION('',(1.,0.,-2.49995579792995E-10));
#3463=DIRECTION('',(1.,0.,-2.49999921998602E-10));
#3464=DIRECTION('',(-2.50000205722263E-10,0.,-1.));
#3465=DIRECTION('',(-1.,0.,2.50000119371584E-10));
#3466=DIRECTION('',(2.50000242729698E-10,0.,1.));
#3467=DIRECTION('center_axis',(2.50000187214995E-10,6.96036850525442E-16,
1.));
#3468=DIRECTION('ref_axis',(-6.57962571573759E-17,-1.,6.96036850541891E-16));
#3469=DIRECTION('',(1.,-6.57962573313853E-17,-2.50000187214995E-10));
#3470=DIRECTION('',(1.,-6.57962573313853E-17,-2.50000187214995E-10));
#3471=DIRECTION('',(-6.57962571573759E-17,-1.,6.96036850541891E-16));
#3472=DIRECTION('center_axis',(1.,-6.57909942069542E-17,-2.50000187218547E-10));
#3473=DIRECTION('ref_axis',(6.57909941199495E-17,1.,-3.48018425270944E-16));
#3474=DIRECTION('center_axis',(1.,-6.57909942069542E-17,-2.50000187218547E-10));
#3475=DIRECTION('ref_axis',(6.57909941199495E-17,1.,-3.48018425270944E-16));
#3476=DIRECTION('',(1.,-6.57909942069542E-17,-2.50000187218547E-10));
#3477=DIRECTION('center_axis',(1.,-6.57909942069542E-17,-2.50000187218547E-10));
#3478=DIRECTION('ref_axis',(6.57909941199495E-17,1.,-3.48018425270944E-16));
#3479=DIRECTION('center_axis',(1.,-1.01950050279109E-14,-2.4998594660289E-10));
#3480=DIRECTION('ref_axis',(-1.11022302462502E-14,-1.,7.99360577730016E-14));
#3481=DIRECTION('',(1.,-6.57909942069542E-17,-2.50000187218547E-10));
#3482=DIRECTION('center_axis',(1.,-1.01950050279109E-14,-2.4998594660289E-10));
#3483=DIRECTION('ref_axis',(-1.11022302462502E-14,-1.,7.99360577730016E-14));
#3484=DIRECTION('center_axis',(1.,-6.57909942069542E-17,-2.50000187218547E-10));
#3485=DIRECTION('ref_axis',(6.57909941199495E-17,1.,-3.48018425270944E-16));
#3486=DIRECTION('center_axis',(1.,-6.57909942069542E-17,-2.50000187218547E-10));
#3487=DIRECTION('ref_axis',(6.57909941199495E-17,1.,-3.48018425270944E-16));
#3488=DIRECTION('',(1.,-6.57909942069542E-17,-2.50000187218547E-10));
#3489=DIRECTION('center_axis',(2.50000187218547E-10,3.48018425254496E-16,
1.));
#3490=DIRECTION('ref_axis',(1.,-6.57909942069542E-17,-2.50000187218547E-10));
#3491=DIRECTION('',(0.14173631863771,0.989904447903448,-3.54344886473274E-11));
#3492=DIRECTION('',(1.,0.,-2.49999717597502E-10));
#3493=DIRECTION('',(-0.206794868126169,-0.97838432250148,5.16991758115041E-11));
#3494=DIRECTION('center_axis',(-2.50000187218547E-10,-3.48018425254496E-16,
-1.));
#3495=DIRECTION('ref_axis',(-6.57909941199495E-17,-1.,3.48018425270944E-16));
#3496=DIRECTION('',(0.,-1.,0.));
#3497=DIRECTION('center_axis',(2.50000187218547E-10,3.48018425254496E-16,
1.));
#3498=DIRECTION('ref_axis',(6.57909941199495E-17,1.,-3.48018425270944E-16));
#3499=DIRECTION('',(0.,-1.,0.));
#3500=DIRECTION('',(-1.,0.,2.50000020685093E-10));
#3501=DIRECTION('',(0.,1.,0.));
#3502=DIRECTION('center_axis',(1.,-6.57909942069542E-17,-2.50000187218547E-10));
#3503=DIRECTION('ref_axis',(-6.57909941199495E-17,-1.,3.48018425270944E-16));
#3504=DIRECTION('',(6.57909928997389E-17,1.,-5.22885702355353E-15));
#3505=DIRECTION('',(2.50000187218547E-10,3.48018425254496E-16,1.));
#3506=DIRECTION('',(-2.50000187218547E-10,-3.48018425254496E-16,-1.));
#3507=DIRECTION('',(0.,-1.,0.));
#3508=DIRECTION('',(0.,-1.,0.));
#3509=DIRECTION('',(1.76773569738293E-10,-0.707106781186522,0.707106781186573));
#3510=DIRECTION('',(2.50000655098249E-10,0.,1.));
#3511=DIRECTION('center_axis',(-6.57909941199495E-17,-1.,3.48018425270944E-16));
#3512=DIRECTION('ref_axis',(2.50000187218547E-10,3.48018425254496E-16,1.));
#3513=DIRECTION('',(-2.5000026740132E-10,0.,-1.));
#3514=DIRECTION('',(-1.,0.,2.50000020685093E-10));
#3515=DIRECTION('',(2.50000020685093E-10,0.,1.));
#3516=DIRECTION('center_axis',(6.57909941199495E-17,1.,-3.48018425270944E-16));
#3517=DIRECTION('ref_axis',(2.50000187218547E-10,3.48018425254496E-16,1.));
#3518=DIRECTION('',(-1.,0.,2.50001728876773E-10));
#3519=DIRECTION('',(2.50000337891671E-10,0.,1.));
#3520=DIRECTION('',(1.,0.,-2.50000599946834E-10));
#3521=DIRECTION('',(-2.50001500982541E-10,0.,-1.));
#3522=DIRECTION('',(1.,0.,-2.50000316744567E-10));
#3523=DIRECTION('',(-2.50000128999546E-10,0.,-1.));
#3524=DIRECTION('',(-1.,6.57909942069543E-17,2.50000471435641E-10));
#3525=DIRECTION('center_axis',(2.50000187218547E-10,3.48018425254496E-16,
1.));
#3526=DIRECTION('ref_axis',(6.57909941199495E-17,1.,-3.48018425270944E-16));
#3527=DIRECTION('',(1.03276560430247E-16,1.,-3.09829681290741E-16));
#3528=DIRECTION('',(0.,-1.,2.06553120860494E-16));
#3529=DIRECTION('',(1.,-6.57909942069542E-17,-2.50000187218547E-10));
#3530=DIRECTION('center_axis',(-2.50000187218547E-10,-3.48018425254496E-16,
-1.));
#3531=DIRECTION('ref_axis',(-1.,6.57909942069542E-17,2.50000187218547E-10));
#3532=DIRECTION('',(1.,0.,-2.4999972462562E-10));
#3533=DIRECTION('',(0.,-1.,2.6512788652008E-16));
#3534=DIRECTION('',(-1.,0.,2.50000316744567E-10));
#3535=DIRECTION('',(3.97691829716472E-16,1.,-3.97691829716472E-16));
#3536=DIRECTION('center_axis',(1.,-6.57909942069542E-17,-2.50000187218547E-10));
#3537=DIRECTION('ref_axis',(-6.57909941199495E-17,-1.,3.48018425270944E-16));
#3538=DIRECTION('center_axis',(1.,-6.57909942069542E-17,-2.50000187218547E-10));
#3539=DIRECTION('ref_axis',(-6.57909941199495E-17,-1.,3.48018425270944E-16));
#3540=DIRECTION('',(1.,-6.57909942069542E-17,-2.50000187218547E-10));
#3541=DIRECTION('center_axis',(1.,-6.57909942069542E-17,-2.50000187218547E-10));
#3542=DIRECTION('ref_axis',(-6.57909941199495E-17,-1.,3.48018425270944E-16));
#3543=DIRECTION('center_axis',(1.,-6.57909942069542E-17,-2.50000187218547E-10));
#3544=DIRECTION('ref_axis',(-6.57909941199495E-17,-1.,3.48018425270944E-16));
#3545=DIRECTION('center_axis',(1.,-6.57909942069542E-17,-2.50000187218547E-10));
#3546=DIRECTION('ref_axis',(-6.57909941199495E-17,-1.,3.48018425270944E-16));
#3547=DIRECTION('',(1.,-6.57909942069542E-17,-2.50000187218547E-10));
#3548=DIRECTION('center_axis',(1.,-6.57909942069542E-17,-2.50000187218547E-10));
#3549=DIRECTION('ref_axis',(-6.57909941199495E-17,-1.,3.48018425270944E-16));
#3550=DIRECTION('center_axis',(1.,-6.57909942069542E-17,-2.50000187218547E-10));
#3551=DIRECTION('ref_axis',(-6.57909941199495E-17,-1.,3.48018425270944E-16));
#3552=DIRECTION('center_axis',(1.,-6.57909942069542E-17,-2.50000187218547E-10));
#3553=DIRECTION('ref_axis',(-6.57909941199495E-17,-1.,3.48018425270944E-16));
#3554=DIRECTION('',(1.,-6.57909942069542E-17,-2.50000187218547E-10));
#3555=DIRECTION('center_axis',(1.,-6.57909942069542E-17,-2.50000187218547E-10));
#3556=DIRECTION('ref_axis',(-6.57909941199495E-17,-1.,3.48018425270944E-16));
#3557=DIRECTION('center_axis',(-1.,6.57909942069542E-17,2.50000187218547E-10));
#3558=DIRECTION('ref_axis',(6.57909941199495E-17,1.,-3.48018425270944E-16));
#3559=DIRECTION('center_axis',(-1.,6.57909942069542E-17,2.50000187218547E-10));
#3560=DIRECTION('ref_axis',(6.57909941199495E-17,1.,-3.48018425270944E-16));
#3561=DIRECTION('center_axis',(-1.,6.57909942069542E-17,2.50000187218547E-10));
#3562=DIRECTION('ref_axis',(6.57909941199495E-17,1.,-3.48018425270944E-16));
#3563=DIRECTION('center_axis',(-2.50000187218547E-10,-3.48018425254496E-16,
-1.));
#3564=DIRECTION('ref_axis',(-6.57909941199495E-17,-1.,3.48018425270944E-16));
#3565=DIRECTION('center_axis',(-2.49997245127531E-10,2.77555756156289E-15,
-1.));
#3566=DIRECTION('ref_axis',(-1.38777878078144E-15,1.,5.55111512312578E-15));
#3567=DIRECTION('',(-2.50000187218547E-10,-3.48018425254496E-16,-1.));
#3568=DIRECTION('center_axis',(-2.50000187218547E-10,-3.48018425254496E-16,
-1.));
#3569=DIRECTION('ref_axis',(-6.57909941199495E-17,-1.,3.48018425270944E-16));
#3570=DIRECTION('center_axis',(2.50000187218547E-10,3.48018425254496E-16,
1.));
#3571=DIRECTION('ref_axis',(1.,-6.57909942069542E-17,-2.50000187218547E-10));
#3572=DIRECTION('center_axis',(-2.50000187218547E-10,-3.48018425254496E-16,
-1.));
#3573=DIRECTION('ref_axis',(-1.,6.57909942069542E-17,2.50000187218547E-10));
#3574=DIRECTION('center_axis',(2.50000020685093E-10,0.,1.));
#3575=DIRECTION('ref_axis',(-1.11022302462516E-14,1.,0.));
#3576=DIRECTION('center_axis',(2.50000187218547E-10,3.48018425254496E-16,
1.));
#3577=DIRECTION('ref_axis',(-6.57909941199495E-17,-1.,3.48018425270944E-16));
#3578=DIRECTION('center_axis',(2.50000187218547E-10,3.48018425254496E-16,
1.));
#3579=DIRECTION('ref_axis',(-6.57909941199495E-17,-1.,3.48018425270944E-16));
#3580=DIRECTION('',(2.50000187218547E-10,3.48018425254496E-16,1.));
#3581=DIRECTION('',(-2.49999434939592E-10,0.,-1.));
#3582=DIRECTION('center_axis',(1.,-6.57909942069542E-17,-2.50000187218547E-10));
#3583=DIRECTION('ref_axis',(-6.57909941199495E-17,-1.,3.48018425270944E-16));
#3584=DIRECTION('',(-6.57909941199495E-17,-1.,3.48018425270944E-16));
#3585=DIRECTION('',(2.50000187218547E-10,3.48018425254496E-16,1.));
#3586=DIRECTION('',(-6.57909941199495E-17,-1.,3.48018425270944E-16));
#3587=DIRECTION('',(2.50000187218547E-10,-4.67275390566699E-17,1.));
#3588=DIRECTION('center_axis',(2.50000187218547E-10,3.48018425254496E-16,
1.));
#3589=DIRECTION('ref_axis',(-6.57909941199495E-17,-1.,3.48018425270944E-16));
#3590=DIRECTION('center_axis',(2.50000187218547E-10,3.48018425254496E-16,
1.));
#3591=DIRECTION('ref_axis',(-6.57909941199495E-17,-1.,3.48018425270944E-16));
#3592=DIRECTION('',(2.50000187218547E-10,3.48018425254496E-16,1.));
#3593=DIRECTION('center_axis',(2.50000187218547E-10,3.48018425254496E-16,
1.));
#3594=DIRECTION('ref_axis',(-6.57909941199495E-17,-1.,3.48018425270944E-16));
#3595=DIRECTION('center_axis',(-2.50000187218547E-10,-3.48018425254496E-16,
-1.));
#3596=DIRECTION('ref_axis',(-1.,6.57909942069542E-17,2.50000187218547E-10));
#3597=DIRECTION('center_axis',(-2.50000187218547E-10,-3.48018425254496E-16,
-1.));
#3598=DIRECTION('ref_axis',(6.57909941199495E-17,1.,-3.48018425270944E-16));
#3599=DIRECTION('',(1.,0.,-2.50000599945476E-10));
#3600=DIRECTION('',(3.97691829716477E-16,1.,-2.65127886477651E-16));
#3601=DIRECTION('',(-1.,0.,2.50000599945476E-10));
#3602=DIRECTION('',(6.62819716194128E-17,1.,-3.97691829716477E-16));
#3603=DIRECTION('center_axis',(-6.57962573313853E-17,-1.,0.));
#3604=DIRECTION('ref_axis',(-2.50000187222099E-10,1.64490766513597E-26,
-1.));
#3605=DIRECTION('',(1.,-6.57962573313853E-17,-2.50000187222099E-10));
#3606=DIRECTION('',(1.,-6.57962573313853E-17,-2.50000187222099E-10));
#3607=DIRECTION('',(-2.50000187222099E-10,1.64490766513597E-26,-1.));
#3608=DIRECTION('center_axis',(-2.50000187218547E-10,-3.48018425254496E-16,
-1.));
#3609=DIRECTION('ref_axis',(6.57909941199495E-17,1.,-3.48018425270944E-16));
#3610=DIRECTION('',(-6.57962572443805E-17,-1.,3.48018425270945E-16));
#3611=DIRECTION('',(1.,-6.57909942069542E-17,-2.50000187218547E-10));
#3612=DIRECTION('center_axis',(-6.57962573313853E-17,-1.,0.));
#3613=DIRECTION('ref_axis',(-2.50000187222099E-10,1.64490766513597E-26,
-1.));
#3614=DIRECTION('',(1.,-6.57962573313853E-17,-2.50000187222099E-10));
#3615=DIRECTION('',(-2.50000187222099E-10,1.64490766513597E-26,-1.));
#3616=DIRECTION('center_axis',(-1.76776781158883E-10,0.707106781186547,
-0.707106781186548));
#3617=DIRECTION('ref_axis',(1.,-6.57909942069542E-17,-2.50000187218547E-10));
#3618=DIRECTION('',(1.7676728747461E-10,0.70710678118656,0.707106781186535));
#3619=DIRECTION('',(-1.76767289368631E-10,-0.70710678118651,-0.707106781186585));
#3620=DIRECTION('center_axis',(-1.76776781158889E-10,0.707106781186522,
-0.707106781186573));
#3621=DIRECTION('ref_axis',(1.,-6.57909942069542E-17,-2.50000187218547E-10));
#3622=DIRECTION('',(-1.76773569738299E-10,-0.707106781186547,-0.707106781186547));
#3623=DIRECTION('',(1.76779850108134E-10,0.707106781186547,0.707106781186547));
#3624=DIRECTION('center_axis',(1.76776874201399E-10,0.707106781186548,0.707106781186547));
#3625=DIRECTION('ref_axis',(1.,-6.57909942069542E-17,-2.50000187218547E-10));
#3626=DIRECTION('',(1.,0.,-2.50000590190497E-10));
#3627=DIRECTION('',(-1.76773569738286E-10,0.707106781186497,-0.707106781186598));
#3628=DIRECTION('center_axis',(-2.50000187218547E-10,-3.48018425254496E-16,
-1.));
#3629=DIRECTION('ref_axis',(6.57909941199495E-17,1.,-3.48018425270944E-16));
#3630=DIRECTION('',(1.,0.,-2.49999451500214E-10));
#3631=DIRECTION('',(0.,-1.,0.));
#3632=DIRECTION('center_axis',(2.50000187222099E-10,-1.64490766513597E-26,
1.));
#3633=DIRECTION('ref_axis',(-6.57962573313853E-17,-1.,0.));
#3634=DIRECTION('',(-7.81259501526911E-16,1.,2.11764098302131E-25));
#3635=DIRECTION('',(6.57962573313853E-17,1.,-2.2868305205855E-43));
#3636=DIRECTION('',(1.,-6.57962573313853E-17,-2.50000187222099E-10));
#3637=DIRECTION('center_axis',(1.,-6.57909942069542E-17,-2.50000187218547E-10));
#3638=DIRECTION('ref_axis',(-6.57909941199495E-17,-1.,3.48018425270944E-16));
#3639=DIRECTION('center_axis',(1.,-6.57909942069542E-17,-2.50000187218547E-10));
#3640=DIRECTION('ref_axis',(-6.57909941199495E-17,-1.,3.48018425270944E-16));
#3641=DIRECTION('center_axis',(1.,-6.57909942069542E-17,-2.50000187218547E-10));
#3642=DIRECTION('ref_axis',(-6.57909941199495E-17,-1.,3.48018425270944E-16));
#3643=DIRECTION('center_axis',(2.50000187218547E-10,3.48018425254496E-16,
1.));
#3644=DIRECTION('ref_axis',(-6.57909941199495E-17,-1.,3.48018425270944E-16));
#3645=DIRECTION('',(1.00929365875014E-16,-1.,3.02788097625043E-16));
#3646=DIRECTION('',(1.,-6.57909942069542E-17,-2.50000187218547E-10));
#3647=DIRECTION('',(5.04646829375071E-17,1.,-3.02788097625043E-16));
#3648=DIRECTION('center_axis',(1.,-6.57909942069542E-17,-2.50000187218547E-10));
#3649=DIRECTION('ref_axis',(-6.57909941199495E-17,-1.,3.48018425270944E-16));
#3650=DIRECTION('',(2.50000187218547E-10,7.45344578269205E-15,1.));
#3651=DIRECTION('center_axis',(-6.57962573313853E-17,-1.,0.));
#3652=DIRECTION('ref_axis',(-2.50000187222099E-10,1.64490766513597E-26,
-1.));
#3653=DIRECTION('',(-1.,6.57962573313853E-17,2.50000187222099E-10));
#3654=DIRECTION('center_axis',(-2.50000187218547E-10,-3.48018425254496E-16,
-1.));
#3655=DIRECTION('ref_axis',(-6.57909941199495E-17,-1.,3.48018425270944E-16));
#3656=DIRECTION('',(-8.88178419700125E-17,-1.,-3.5527136788005E-16));
#3657=DIRECTION('',(-1.,0.,2.5000028191404E-10));
#3658=DIRECTION('',(-1.,0.,2.49997356150358E-10));
#3659=DIRECTION('center_axis',(6.57909941199495E-17,1.,-3.48018425270944E-16));
#3660=DIRECTION('ref_axis',(-2.50000187218547E-10,-3.48018425254496E-16,
-1.));
#3661=DIRECTION('',(-2.50000020685092E-10,0.,-1.));
#3662=DIRECTION('',(-1.,0.,2.5000953509659E-10));
#3663=DIRECTION('center_axis',(2.50000187218547E-10,3.48018425254496E-16,
1.));
#3664=DIRECTION('ref_axis',(6.57909941199495E-17,1.,-3.48018425270944E-16));
#3665=DIRECTION('center_axis',(6.57962573313853E-17,1.,0.));
#3666=DIRECTION('ref_axis',(2.50000187222099E-10,-1.64490766513597E-26,
1.));
#3667=DIRECTION('',(2.50000187222099E-10,-1.64490766513597E-26,1.));
#3668=DIRECTION('',(1.,-6.57962573313853E-17,-2.50000187222099E-10));
#3669=DIRECTION('center_axis',(1.76776874201399E-10,0.707106781186548,0.707106781186547));
#3670=DIRECTION('ref_axis',(1.,-6.57909942069542E-17,-2.50000187218547E-10));
#3671=DIRECTION('',(-0.147814885696563,-0.699339245114563,0.699339245151525));
#3672=DIRECTION('',(0.100729883966514,0.703510302142285,-0.703510302167469));
#3673=DIRECTION('center_axis',(-0.97838432250148,0.206794868126169,2.44596191828637E-10));
#3674=DIRECTION('ref_axis',(-0.206794868126169,-0.97838432250148,5.16990962431482E-11));
#3675=DIRECTION('center_axis',(0.97838432250148,-0.206794868126168,-2.44597191491519E-10));
#3676=DIRECTION('ref_axis',(0.206794868126168,0.97838432250148,-6.37616729706118E-11));
#3677=DIRECTION('center_axis',(-1.76776781158883E-10,0.707106781186546,
-0.707106781186549));
#3678=DIRECTION('ref_axis',(1.,-6.57909942069542E-17,-2.50000187218547E-10));
#3679=DIRECTION('',(-0.577350269117439,0.577350269261794,0.577350269189645));
#3680=DIRECTION('',(1.,0.,0.));
#3681=DIRECTION('',(-0.577350269261804,-0.577350269117462,-0.577350269189611));
#3682=DIRECTION('center_axis',(-0.707106781186551,0.707106781186544,1.76776581593953E-10));
#3683=DIRECTION('ref_axis',(0.707106781186544,0.707106781186551,-1.76777073766329E-10));
#3684=DIRECTION('',(-1.24999693135968E-10,0.,-1.));
#3685=DIRECTION('',(-0.57735026911748,-0.577350269153519,0.577350269297879));
#3686=DIRECTION('center_axis',(1.76776874201399E-10,0.707106781186546,0.707106781186549));
#3687=DIRECTION('ref_axis',(1.,-6.57909942069542E-17,-2.50000187218547E-10));
#3688=DIRECTION('',(-1.,0.,-1.26882631385732E-15));
#3689=DIRECTION('',(0.577350269261782,-0.577350269117445,0.577350269189651));
#3690=DIRECTION('center_axis',(0.707106781186551,0.707106781186544,-1.7677707376633E-10));
#3691=DIRECTION('ref_axis',(0.707106781186544,-0.707106781186551,-1.76776581593952E-10));
#3692=DIRECTION('',(1.25000961962282E-10,0.,1.));
#3693=DIRECTION('center_axis',(2.50000187218547E-10,3.48018425254496E-16,
1.));
#3694=DIRECTION('ref_axis',(6.57909941199495E-17,1.,-3.48018425270944E-16));
#3695=DIRECTION('',(-1.,0.,2.50000908863512E-10));
#3696=DIRECTION('',(1.,0.,-2.49997356149834E-10));
#3697=DIRECTION('',(1.32563943238825E-16,1.,-3.97691829716474E-16));
#3698=DIRECTION('center_axis',(1.,-6.57909942069542E-17,-2.50000187218547E-10));
#3699=DIRECTION('ref_axis',(-6.57909941199495E-17,-1.,3.48018425270944E-16));
#3700=DIRECTION('',(2.50000457359518E-10,0.,1.));
#3701=DIRECTION('center_axis',(-1.,6.57909942069542E-17,2.50000187218547E-10));
#3702=DIRECTION('ref_axis',(6.57909941199495E-17,1.,-3.48018425270944E-16));
#3703=DIRECTION('',(-5.51663614720581E-17,-1.,3.30998168832348E-16));
#3704=DIRECTION('',(1.76773569736512E-10,0.707106781186535,0.70710678118656));
#3705=DIRECTION('',(1.76773569736509E-10,-0.707106781186522,0.707106781186573));
#3706=DIRECTION('center_axis',(-1.76776874201398E-10,-0.707106781186553,
-0.707106781186542));
#3707=DIRECTION('ref_axis',(-1.,6.57909942069542E-17,2.50000187218547E-10));
#3708=DIRECTION('',(-1.76767289368458E-10,0.707106781186522,-0.707106781186573));
#3709=DIRECTION('center_axis',(1.,-6.57909942069542E-17,-2.50000187218547E-10));
#3710=DIRECTION('ref_axis',(-6.57909941199495E-17,-1.,3.48018425270944E-16));
#3711=DIRECTION('',(1.76767289368458E-10,-0.707106781185317,0.707106781187778));
#3712=DIRECTION('center_axis',(-1.76776874201096E-10,-0.70710678118776,
-0.707106781185335));
#3713=DIRECTION('ref_axis',(-1.,6.57909942069542E-17,2.50000187218547E-10));
#3714=DIRECTION('',(-1.76779850106642E-10,0.707106781185304,-0.707106781187791));
#3715=DIRECTION('center_axis',(1.76776781157099E-10,-0.707106781193682,
0.707106781179413));
#3716=DIRECTION('ref_axis',(-1.,6.57909942069542E-17,2.50000187218547E-10));
#3717=DIRECTION('',(-1.76767289368448E-10,-0.707106781179451,-0.707106781193644));
#3718=DIRECTION('center_axis',(1.76776781158895E-10,-0.707106781186498,
0.707106781186597));
#3719=DIRECTION('ref_axis',(-1.,6.57909942069542E-17,2.50000187218547E-10));
#3720=DIRECTION('',(1.76773569736528E-10,0.707106781186497,0.707106781186598));
#3721=DIRECTION('',(-1.,0.,2.50000391000321E-10));
#3722=DIRECTION('center_axis',(-1.,6.57909942069542E-17,2.50000187218547E-10));
#3723=DIRECTION('ref_axis',(6.57909941199495E-17,1.,-3.48018425270944E-16));
#3724=DIRECTION('',(0.,1.,-8.45884209239104E-16));
#3725=DIRECTION('',(-4.22942104619552E-16,-1.,1.69176841847821E-15));
#3726=DIRECTION('',(1.76779850106341E-10,-0.70710678118661,0.707106781186485));
#3727=DIRECTION('center_axis',(2.50000187218547E-10,3.48018425254496E-16,
1.));
#3728=DIRECTION('ref_axis',(-6.57909941199495E-17,-1.,3.48018425270944E-16));
#3729=DIRECTION('center_axis',(2.49997503058966E-10,3.40580454669512E-15,
1.));
#3730=DIRECTION('ref_axis',(-1.,-1.42108547152021E-14,2.49997356149835E-10));
#3731=DIRECTION('center_axis',(-2.50000187218547E-10,-3.48018425254496E-16,
-1.));
#3732=DIRECTION('ref_axis',(-6.57909941199495E-17,-1.,3.48018425270944E-16));
#3733=DIRECTION('center_axis',(-2.50000187218547E-10,-3.48018425254496E-16,
-1.));
#3734=DIRECTION('ref_axis',(-6.57909941199495E-17,-1.,3.48018425270944E-16));
#3735=DIRECTION('center_axis',(2.50000187218547E-10,3.48018425254496E-16,
1.));
#3736=DIRECTION('ref_axis',(1.,-6.57909942069542E-17,-2.50000187218547E-10));
#3737=DIRECTION('center_axis',(-0.97439119569462,-0.224859506698758,2.4359805960301E-10));
#3738=DIRECTION('ref_axis',(-0.224859506698758,0.97439119569462,5.62145796664701E-11));
#3739=DIRECTION('center_axis',(2.50000187218547E-10,3.48018425254496E-16,
1.));
#3740=DIRECTION('ref_axis',(-6.57909941199495E-17,-1.,3.48018425270944E-16));
#3741=DIRECTION('',(-5.96092899127609E-17,-1.,2.38437159651044E-16));
#3742=DIRECTION('',(1.,0.,-2.50000391000321E-10));
#3743=DIRECTION('center_axis',(1.76776874201399E-10,0.707106781186548,0.707106781186547));
#3744=DIRECTION('ref_axis',(1.,-6.57909942069542E-17,-2.50000187218547E-10));
#3745=DIRECTION('',(-1.76773569738296E-10,0.707106781186535,-0.70710678118656));
#3746=DIRECTION('center_axis',(1.7677687420301E-10,0.707106781180104,0.707106781192991));
#3747=DIRECTION('ref_axis',(1.,-6.57909942069542E-17,-2.50000187218547E-10));
#3748=DIRECTION('',(1.76767289368448E-10,-0.707106781193016,0.707106781180079));
#3749=DIRECTION('center_axis',(-6.57962573313853E-17,-1.,0.));
#3750=DIRECTION('ref_axis',(-2.50000187222099E-10,1.64490766513597E-26,
-1.));
#3751=DIRECTION('',(2.50000187222099E-10,-1.64490766513597E-26,1.));
#3752=DIRECTION('center_axis',(-1.,6.57909942069542E-17,2.50000187218547E-10));
#3753=DIRECTION('ref_axis',(6.57909941199495E-17,1.,-3.48018425270944E-16));
#3754=DIRECTION('',(2.50000187218547E-10,-1.64490810766357E-26,1.));
#3755=DIRECTION('',(0.,1.,-3.02788097625042E-16));
#3756=DIRECTION('center_axis',(6.57962573313853E-17,1.,0.));
#3757=DIRECTION('ref_axis',(2.50000187222099E-10,-1.64490766513597E-26,
1.));
#3758=DIRECTION('',(2.50000187222099E-10,-1.64490766513597E-26,1.));
#3759=DIRECTION('center_axis',(-1.,6.57909942069542E-17,2.50000187218547E-10));
#3760=DIRECTION('ref_axis',(6.57909941199495E-17,1.,-3.48018425270944E-16));
#3761=DIRECTION('',(0.,1.,0.));
#3762=DIRECTION('center_axis',(1.,-6.57909942060001E-17,-2.50000187218547E-10));
#3763=DIRECTION('ref_axis',(-1.76776874201399E-10,-0.707106781186549,-0.707106781186546));
#3764=DIRECTION('center_axis',(-0.989904447903448,0.14173631863771,2.47476247977484E-10));
#3765=DIRECTION('ref_axis',(0.14173631863771,0.989904447903448,-3.54343773368632E-11));
#3766=DIRECTION('',(-1.,0.,2.4989485221753E-10));
#3767=DIRECTION('center_axis',(0.989904447903448,-0.14173631863771,-2.47476247977484E-10));
#3768=DIRECTION('ref_axis',(0.14173631863771,0.989904447903448,-3.54344507000822E-11));
#3769=DIRECTION('',(0.141736318637735,0.989904447903444,-3.5427601513154E-11));
#3770=DIRECTION('center_axis',(-2.50000187218547E-10,-3.48018425254496E-16,
-1.));
#3771=DIRECTION('ref_axis',(6.57909941199495E-17,1.,-3.48018425270944E-16));
#3772=DIRECTION('',(-1.,0.,2.50001729481745E-10));
#3773=DIRECTION('center_axis',(1.76776781158882E-10,-0.707106781186552,
0.707106781186543));
#3774=DIRECTION('ref_axis',(-1.,6.57909942069542E-17,2.50000187218547E-10));
#3775=DIRECTION('center_axis',(-1.76776874201412E-10,-0.707106781186498,
-0.707106781186597));
#3776=DIRECTION('ref_axis',(-1.,6.57909942069542E-17,2.50000187218547E-10));
#3777=DIRECTION('',(1.,0.,-2.5000173008271E-10));
#3778=DIRECTION('center_axis',(-2.50000187218547E-10,-3.48018425254496E-16,
-1.));
#3779=DIRECTION('ref_axis',(6.57909941199495E-17,1.,-3.48018425270944E-16));
#3780=DIRECTION('center_axis',(-2.50000187218547E-10,-3.48018425254496E-16,
-1.));
#3781=DIRECTION('ref_axis',(6.57909941199495E-17,1.,-3.48018425270944E-16));
#3782=DIRECTION('',(1.,0.,-2.5000173008271E-10));
#3783=DIRECTION('',(0.,1.,-4.2294210461913E-16));
#3784=DIRECTION('center_axis',(-1.76776781158882E-10,0.707106781186551,
-0.707106781186544));
#3785=DIRECTION('ref_axis',(1.,-6.57909942069542E-17,-2.50000187218547E-10));
#3786=DIRECTION('',(-1.76773569738294E-10,-0.707106781186529,-0.707106781186566));
#3787=DIRECTION('',(-1.,0.,2.49999452702135E-10));
#3788=DIRECTION('center_axis',(-2.50000187218547E-10,-3.48018425254496E-16,
-1.));
#3789=DIRECTION('ref_axis',(6.57909941199495E-17,1.,-3.48018425270944E-16));
#3790=DIRECTION('',(-1.,0.,2.50000591392422E-10));
#3791=DIRECTION('',(0.,1.,0.));
#3792=DIRECTION('center_axis',(-1.,6.57909942069542E-17,2.50000187218547E-10));
#3793=DIRECTION('ref_axis',(6.57909941199495E-17,1.,-3.48018425270944E-16));
#3794=DIRECTION('',(2.50000020685093E-10,0.,1.));
#3795=DIRECTION('',(8.88178419700123E-17,1.,0.));
#3796=DIRECTION('',(-2.50000020685093E-10,0.,-1.));
#3797=DIRECTION('center_axis',(-6.57909941199495E-17,-1.,3.48018425270944E-16));
#3798=DIRECTION('ref_axis',(2.50000187218547E-10,3.48018425254496E-16,1.));
#3799=DIRECTION('',(-1.,0.,2.5000028191404E-10));
#3800=DIRECTION('',(-1.,0.,2.50009521703225E-10));
#3801=DIRECTION('',(2.50000362292177E-10,0.,1.));
#3802=DIRECTION('center_axis',(-2.50000187218547E-10,-3.48018425254496E-16,
-1.));
#3803=DIRECTION('ref_axis',(-6.57909941199495E-17,-1.,3.48018425270944E-16));
#3804=DIRECTION('',(-1.,0.,2.50009521703225E-10));
#3805=DIRECTION('',(0.,-1.,0.));
#3806=DIRECTION('center_axis',(6.57909941199495E-17,1.,-3.48018425270944E-16));
#3807=DIRECTION('ref_axis',(-2.50000187218547E-10,-3.48018425254496E-16,
-1.));
#3808=DIRECTION('',(-1.,0.,2.5000028191404E-10));
#3809=DIRECTION('',(-2.50000362292177E-10,0.,-1.));
#3810=DIRECTION('center_axis',(2.50000187218547E-10,3.48018425254496E-16,
1.));
#3811=DIRECTION('ref_axis',(6.57909941199495E-17,1.,-3.48018425270944E-16));
#3812=DIRECTION('',(0.,1.,0.));
#3813=DIRECTION('center_axis',(-1.,6.57909942069542E-17,2.50000187218547E-10));
#3814=DIRECTION('ref_axis',(6.57909941199495E-17,1.,-3.48018425270944E-16));
#3815=DIRECTION('center_axis',(-1.,6.57909942069542E-17,2.50000187218547E-10));
#3816=DIRECTION('ref_axis',(6.57909941199495E-17,1.,-3.48018425270944E-16));
#3817=DIRECTION('center_axis',(-1.,6.57909942069542E-17,2.50000187218547E-10));
#3818=DIRECTION('ref_axis',(2.50000187218556E-10,2.63163779751246E-7,0.999999999999965));
#3819=DIRECTION('',(-1.,6.57909942069542E-17,2.50000187218547E-10));
#3820=DIRECTION('center_axis',(-2.50000187218547E-10,-3.48018425254496E-16,
-1.));
#3821=DIRECTION('ref_axis',(-6.57909941199495E-17,-1.,3.48018425270944E-16));
#3822=DIRECTION('',(-1.,6.57909942069542E-17,2.50000187218547E-10));
#3823=DIRECTION('',(-6.57909941199495E-17,-1.,3.48018425270944E-16));
#3824=DIRECTION('',(1.,-6.57909942069542E-17,-2.50000187218547E-10));
#3825=DIRECTION('',(-6.57909941199495E-17,-1.,3.48018425270944E-16));
#3826=DIRECTION('',(1.,-1.24740889319788E-16,-2.50000187218547E-10));
#3827=DIRECTION('',(-6.57962572443805E-17,-1.,3.48018425270945E-16));
#3828=DIRECTION('',(-1.,-1.11839426608622E-16,2.50000187218547E-10));
#3829=DIRECTION('',(-6.57909941199495E-17,-1.,3.48018425270944E-16));
#3830=DIRECTION('center_axis',(6.57962573313853E-17,1.,0.));
#3831=DIRECTION('ref_axis',(-2.50000187222099E-10,1.64490766513597E-26,
-1.));
#3832=DIRECTION('',(-2.50000187222099E-10,1.64490766513597E-26,-1.));
#3833=DIRECTION('',(-1.,6.57962573313853E-17,2.50000187222099E-10));
#3834=DIRECTION('',(-2.50000187222099E-10,1.64490766513597E-26,-1.));
#3835=DIRECTION('center_axis',(-2.50000187222099E-10,1.64490766513597E-26,
-1.));
#3836=DIRECTION('ref_axis',(-6.57962573313853E-17,-1.,0.));
#3837=DIRECTION('',(-1.,6.57962573313853E-17,2.50000187222099E-10));
#3838=DIRECTION('',(-6.57962573313853E-17,-1.,0.));
#3839=DIRECTION('',(-6.57962573313853E-17,-1.,0.));
#3840=DIRECTION('center_axis',(6.57962573313853E-17,1.,0.));
#3841=DIRECTION('ref_axis',(-2.50000187222099E-10,1.64490766513597E-26,
-1.));
#3842=DIRECTION('',(-1.,6.57962573313853E-17,2.50000187222099E-10));
#3843=DIRECTION('',(-2.50000187222099E-10,1.64490766513597E-26,-1.));
#3844=DIRECTION('',(-1.,6.57962573313853E-17,2.50000187222099E-10));
#3845=DIRECTION('',(-2.50000187222099E-10,1.64490766513597E-26,-1.));
#3846=DIRECTION('center_axis',(2.50000187222099E-10,-1.64490766513597E-26,
1.));
#3847=DIRECTION('ref_axis',(-6.57962573313853E-17,-1.,0.));
#3848=DIRECTION('',(-6.57962573313853E-17,-1.,2.2868305205855E-43));
#3849=DIRECTION('',(-1.,1.05096187406608E-16,2.50000187222099E-10));
#3850=DIRECTION('',(-1.04607522607559E-15,1.,2.77968079018657E-25));
#3851=DIRECTION('',(1.,-6.57962573313853E-17,-2.50000187222099E-10));
#3852=DIRECTION('',(-6.57962573313853E-17,-1.,0.));
#3853=DIRECTION('',(-1.04607522607559E-15,1.,2.77968079018657E-25));
#3854=DIRECTION('',(-1.,-1.11839426608622E-16,2.50000187222099E-10));
#3855=DIRECTION('center_axis',(-1.,6.57909942069542E-17,2.50000187218547E-10));
#3856=DIRECTION('ref_axis',(6.57909941199495E-17,1.,-3.48018425270944E-16));
#3857=DIRECTION('',(2.50000278128113E-10,5.14886040405869E-16,1.));
#3858=DIRECTION('',(-2.50000187218547E-10,-3.48018425254496E-16,-1.));
#3859=DIRECTION('',(-2.50000213767358E-10,-5.14886040405869E-16,-1.));
#3860=DIRECTION('',(-6.57909941199495E-17,-1.,3.48018425270944E-16));
#3861=DIRECTION('',(-2.50000187218547E-10,-3.48018425254496E-16,-1.));
#3862=DIRECTION('center_axis',(6.57909941199495E-17,1.,-3.48018425270944E-16));
#3863=DIRECTION('ref_axis',(2.50000187218547E-10,3.48018425254496E-16,1.));
#3864=DIRECTION('',(2.5000018158698E-10,0.,1.));
#3865=DIRECTION('center_axis',(1.,-6.57909942069542E-17,-2.50000187218547E-10));
#3866=DIRECTION('ref_axis',(-6.57909941199495E-17,-1.,3.48018425270944E-16));
#3867=DIRECTION('',(-2.50000213767358E-10,-5.14886040405869E-16,-1.));
#3868=DIRECTION('center_axis',(-2.50000187222099E-10,1.64490766513597E-26,
-1.));
#3869=DIRECTION('ref_axis',(-6.57962573313853E-17,-1.,0.));
#3870=DIRECTION('',(-6.57962573313853E-17,-1.,0.));
#3871=DIRECTION('',(-1.,6.57962573313853E-17,2.50000187222099E-10));
#3872=DIRECTION('center_axis',(-6.57962573313853E-17,-1.,0.));
#3873=DIRECTION('ref_axis',(2.50000187222099E-10,-1.64490766513597E-26,
1.));
#3874=DIRECTION('center_axis',(-6.57962573313853E-17,-1.,0.));
#3875=DIRECTION('ref_axis',(-2.50000187222099E-10,1.64490766513597E-26,
-1.));
#3876=DIRECTION('',(-2.50000187222099E-10,1.64490766513597E-26,-1.));
#3877=DIRECTION('center_axis',(1.,-6.57909942069542E-17,-2.50000187218547E-10));
#3878=DIRECTION('ref_axis',(-6.57909941199495E-17,-1.,3.48018425270944E-16));
#3879=DIRECTION('center_axis',(1.,-6.57909942069542E-17,-2.50000187218547E-10));
#3880=DIRECTION('ref_axis',(-6.57909941199495E-17,-1.,3.48018425270944E-16));
#3881=DIRECTION('',(-2.50000187218547E-10,-3.48018425254496E-16,-1.));
#3882=DIRECTION('center_axis',(-6.57962573313853E-17,-1.,0.));
#3883=DIRECTION('ref_axis',(-2.50000187222099E-10,1.64490766513597E-26,
-1.));
#3884=CARTESIAN_POINT('',(0.,0.,0.));
#3885=CARTESIAN_POINT('Origin',(-29.9999999594996,-448.,67.0000000099998));
#3886=CARTESIAN_POINT('',(-31.9999999594996,-450.,67.0000000104998));
#3887=CARTESIAN_POINT('',(-31.9999999594996,-536.,67.0000000104998));
#3888=CARTESIAN_POINT('',(-31.9999999594996,-448.,67.0000000104998));
#3889=CARTESIAN_POINT('',(-29.9999999594996,-450.,67.0000000099998));
#3890=CARTESIAN_POINT('',(-29.9999999594996,-450.,67.0000000099998));
#3891=CARTESIAN_POINT('',(-29.9999999594996,-536.,67.0000000099998));
#3892=CARTESIAN_POINT('',(-29.9999999594996,-448.,67.0000000099998));
#3893=CARTESIAN_POINT('',(-29.9999999594996,-536.,67.0000000099998));
#3894=CARTESIAN_POINT('Origin',(-29.9999999589996,-450.,69.0000000099998));
#3895=CARTESIAN_POINT('',(-29.9999999589996,-450.,69.0000000099998));
#3896=CARTESIAN_POINT('',(-31.9999999589996,-450.,69.0000000104998));
#3897=CARTESIAN_POINT('',(-29.9999999589996,-450.,69.0000000099998));
#3898=CARTESIAN_POINT('',(-29.9999999589996,-450.,69.0000000099998));
#3899=CARTESIAN_POINT('',(-31.9999999589996,-450.,69.0000000104998));
#3900=CARTESIAN_POINT('Origin',(-29.9999999589996,-538.,69.0000000099998));
#3901=CARTESIAN_POINT('',(-29.9999999589996,-538.,69.0000000099998));
#3902=CARTESIAN_POINT('',(-31.9999999589996,-538.,69.0000000104998));
#3903=CARTESIAN_POINT('',(-29.9999999589996,-538.,69.0000000099998));
#3904=CARTESIAN_POINT('',(-29.9999999589996,-538.,69.0000000099998));
#3905=CARTESIAN_POINT('',(-31.9999999589996,-538.,69.0000000104998));
#3906=CARTESIAN_POINT('Origin',(-29.9999999639996,-538.,49.0000000099998));
#3907=CARTESIAN_POINT('',(-29.9999999639996,-538.,49.0000000099998));
#3908=CARTESIAN_POINT('',(-29.9999999589996,-538.,69.0000000099998));
#3909=CARTESIAN_POINT('',(-31.9999999639996,-538.,49.0000000104998));
#3910=CARTESIAN_POINT('',(-31.9999999639996,-538.,49.0000000104998));
#3911=CARTESIAN_POINT('',(-29.9999999639996,-538.,49.0000000099998));
#3912=CARTESIAN_POINT('Origin',(-29.9999999639996,-536.,49.0000000099998));
#3913=CARTESIAN_POINT('',(-29.9999999639996,-536.,49.0000000099998));
#3914=CARTESIAN_POINT('',(-29.9999999639996,-538.,49.0000000099998));
#3915=CARTESIAN_POINT('',(-31.9999999639996,-536.,49.0000000104998));
#3916=CARTESIAN_POINT('',(-31.9999999639996,-536.,49.0000000104998));
#3917=CARTESIAN_POINT('',(-29.9999999639996,-536.,49.0000000099998));
#3918=CARTESIAN_POINT('Origin',(-29.9999999594996,-536.,67.0000000099998));
#3919=CARTESIAN_POINT('',(-29.9999999639996,-536.,49.0000000099998));
#3920=CARTESIAN_POINT('',(-31.9999999594996,-536.,67.0000000104998));
#3921=CARTESIAN_POINT('Origin',(-29.9999999614996,-493.,59.0000000099998));
#3922=CARTESIAN_POINT('Origin',(-31.9999999614996,-493.,59.0000000104998));
#3923=CARTESIAN_POINT('Origin',(-29.9999999949996,-538.,-74.9999999900004));
#3924=CARTESIAN_POINT('',(-29.9999999889996,-538.,-50.9999999900004));
#3925=CARTESIAN_POINT('',(-29.9999999949996,-538.,-74.9999999900004));
#3926=CARTESIAN_POINT('',(-29.9999999889996,-538.,-50.9999999900004));
#3927=CARTESIAN_POINT('',(-31.9999999889996,-538.,-50.9999999895004));
#3928=CARTESIAN_POINT('',(-29.9999999889996,-538.,-50.9999999900004));
#3929=CARTESIAN_POINT('',(-31.9999999949996,-538.,-74.9999999895004));
#3930=CARTESIAN_POINT('',(-31.9999999949996,-538.,-74.9999999895004));
#3931=CARTESIAN_POINT('',(-29.9999999949996,-538.,-74.9999999900004));
#3932=CARTESIAN_POINT('Origin',(-29.9999999949996,-536.,-74.9999999900004));
#3933=CARTESIAN_POINT('',(-29.9999999949996,-536.,-74.9999999900004));
#3934=CARTESIAN_POINT('',(-29.9999999949996,-538.,-74.9999999900004));
#3935=CARTESIAN_POINT('',(-31.9999999949996,-536.,-74.9999999895004));
#3936=CARTESIAN_POINT('',(-31.9999999949996,-536.,-74.9999999895004));
#3937=CARTESIAN_POINT('',(-29.9999999949996,-536.,-74.9999999900004));
#3938=CARTESIAN_POINT('Origin',(-29.9999999889996,-536.,-50.9999999900004));
#3939=CARTESIAN_POINT('',(-29.9999999889996,-536.,-50.9999999900004));
#3940=CARTESIAN_POINT('',(-29.9999999949996,-536.,-74.9999999900004));
#3941=CARTESIAN_POINT('',(-31.9999999889996,-536.,-50.9999999895004));
#3942=CARTESIAN_POINT('',(-31.9999999889996,-536.,-50.9999999895004));
#3943=CARTESIAN_POINT('',(-29.9999999889996,-536.,-50.9999999900004));
#3944=CARTESIAN_POINT('Origin',(-29.9999999889996,-538.,-50.9999999900004));
#3945=CARTESIAN_POINT('',(-29.9999999889996,-536.,-50.9999999900004));
#3946=CARTESIAN_POINT('',(-31.9999999889996,-538.,-50.9999999895004));
#3947=CARTESIAN_POINT('Origin',(-29.9999999919996,-537.,-62.9999999900004));
#3948=CARTESIAN_POINT('Origin',(-31.9999999919996,-537.,-62.9999999895004));
#3949=CARTESIAN_POINT('Origin',(-36.4999999999997,-487.5,-84.4999999920004));
#3950=CARTESIAN_POINT('',(-36.4999999582497,-477.000000526328,82.5000000087499));
#3951=CARTESIAN_POINT('Origin',(-36.4999999577497,-477.,84.5000000087498));
#3952=CARTESIAN_POINT('Origin',(-30.4999999992498,-461.5,84.5000000072498));
#3953=CARTESIAN_POINT('',(-30.4999999997498,-461.500000526328,82.5000000072498));
#3954=CARTESIAN_POINT('Origin',(-30.4999999992498,-461.5,84.5000000072498));
#3955=CARTESIAN_POINT('',(-36.4999999997498,-461.500000526328,82.5000000087499));
#3956=CARTESIAN_POINT('',(-30.4999999997498,-461.500000526328,82.5000000072498));
#3957=CARTESIAN_POINT('Origin',(-36.4999999992498,-461.5,84.5000000087498));
#3958=CARTESIAN_POINT('Origin',(-36.4999999999997,-487.5,-84.4999999920004));
#3959=CARTESIAN_POINT('Origin',(-29.7999999762496,-510.5,9.94978677226755E-9));
#3960=CARTESIAN_POINT('',(-29.7999999597496,-535.,66.0000000099498));
#3961=CARTESIAN_POINT('',(-29.7999999597496,-442.999999999932,66.0000000099498));
#3962=CARTESIAN_POINT('',(-29.7999999597496,-535.,66.0000000099498));
#3963=CARTESIAN_POINT('',(-29.7999999573746,-443.,75.5000000099498));
#3964=CARTESIAN_POINT('',(-29.7999999597496,-443.,66.0000000099498));
#3965=CARTESIAN_POINT('',(-29.7999999574996,-443.5,75.0000000099498));
#3966=CARTESIAN_POINT('',(-29.7999999574996,-443.5,75.0000000099498));
#3967=CARTESIAN_POINT('',(-29.7999999574996,-447.,75.0000000099498));
#3968=CARTESIAN_POINT('',(-29.7999999574996,-447.,75.0000000099498));
#3969=CARTESIAN_POINT('',(-29.7999999574996,-497.,75.0000000099498));
#3970=CARTESIAN_POINT('',(-29.7999999574996,-497.,75.0000000099498));
#3971=CARTESIAN_POINT('',(-29.7999999574996,-517.999999999999,75.0000000099498));
#3972=CARTESIAN_POINT('',(-29.7999999574996,-517.999999999999,75.0000000099498));
#3973=CARTESIAN_POINT('',(-29.7999999582496,-517.999999999999,72.0000000099498));
#3974=CARTESIAN_POINT('',(-29.7999999574996,-517.999999999999,75.0000000099498));
#3975=CARTESIAN_POINT('',(-29.7999999582496,-547.5,72.0000000099498));
#3976=CARTESIAN_POINT('',(-29.7999999582496,-517.999999999999,72.0000000099498));
#3977=CARTESIAN_POINT('',(-29.7999999639389,-547.5,49.2427413832665));
#3978=CARTESIAN_POINT('',(-29.7999999582496,-547.5,72.0000000099498));
#3979=CARTESIAN_POINT('',(-29.7999999639389,-567.00000000001,49.2427413832665));
#3980=CARTESIAN_POINT('',(-29.7999999639389,-547.5,49.2427413832665));
#3981=CARTESIAN_POINT('',(-29.7999999574996,-567.00000000001,75.0000000099498));
#3982=CARTESIAN_POINT('',(-29.7999999639389,-567.00000000001,49.2427413832665));
#3983=CARTESIAN_POINT('',(-29.7999999574996,-577.499999999999,75.0000000099498));
#3984=CARTESIAN_POINT('',(-29.7999999574996,-577.499999999999,75.0000000099498));
#3985=CARTESIAN_POINT('',(-29.7999999573746,-577.999999999999,75.5000000099498));
#3986=CARTESIAN_POINT('',(-29.7999999573746,-577.999999999999,75.5000000099498));
#3987=CARTESIAN_POINT('',(-29.7999999951246,-577.999999999999,-75.4999999900504));
#3988=CARTESIAN_POINT('',(-29.7999999573746,-577.999999999999,75.5000000099498));
#3989=CARTESIAN_POINT('',(-29.7999999949996,-577.499999999999,-74.9999999900504));
#3990=CARTESIAN_POINT('',(-29.7999999949996,-577.499999999999,-74.9999999900504));
#3991=CARTESIAN_POINT('',(-29.7999999949996,-541.,-74.9999999900504));
#3992=CARTESIAN_POINT('',(-29.7999999949996,-541.,-74.9999999900504));
#3993=CARTESIAN_POINT('',(-29.7999999952496,-541.,-75.9999999900504));
#3994=CARTESIAN_POINT('',(-29.7999999952496,-541.,-75.9999999900504));
#3995=CARTESIAN_POINT('',(-29.7999999952496,-540.,-75.9999999900504));
#3996=CARTESIAN_POINT('',(-29.7999999952496,-541.,-75.9999999900504));
#3997=CARTESIAN_POINT('',(-29.7999999949996,-540.582575694956,-74.9999999900504));
#3998=CARTESIAN_POINT('Origin',(-29.7999999944993,-536.,-72.9999999900504));
#3999=CARTESIAN_POINT('',(-29.7999999949996,-535.,-74.9999999900504));
#4000=CARTESIAN_POINT('',(-29.7999999949996,-535.,-74.9999999900504));
#4001=CARTESIAN_POINT('',(-29.7999999949996,-535.,-74.9999999900504));
#4002=CARTESIAN_POINT('Origin',(-29.9999999597496,-448.,66.0000000099998));
#4003=CARTESIAN_POINT('',(-31.9999999597496,-535.,66.0000000104998));
#4004=CARTESIAN_POINT('',(-31.9999999597496,-535.,66.0000000104998));
#4005=CARTESIAN_POINT('',(-31.9999999597496,-450.,66.0000000104997));
#4006=CARTESIAN_POINT('',(-31.9999999597496,-450.,66.0000000104998));
#4007=CARTESIAN_POINT('',(-74.9999999597496,-450.,66.0000000212498));
#4008=CARTESIAN_POINT('',(-74.9999999597496,-450.,66.0000000212498));
#4009=CARTESIAN_POINT('',(-74.9999999597496,-447.088439941406,66.0000000212498));
#4010=CARTESIAN_POINT('',(-74.9999999597496,-450.,66.0000000212498));
#4011=CARTESIAN_POINT('',(-32.7999999597496,-447.088439941406,66.0000000106998));
#4012=CARTESIAN_POINT('',(-74.9999999597496,-447.088439941406,66.0000000212498));
#4013=CARTESIAN_POINT('',(-32.7999999597496,-445.,66.0000000106998));
#4014=CARTESIAN_POINT('',(-32.7999999597496,-446.99999999995,66.0000000106998));
#4015=CARTESIAN_POINT('',(-74.9999999597496,-445.,66.0000000212498));
#4016=CARTESIAN_POINT('',(-74.9999999597496,-445.,66.0000000212498));
#4017=CARTESIAN_POINT('',(-74.9999999597496,-442.999999999901,66.0000000212498));
#4018=CARTESIAN_POINT('',(-74.9999999597496,-446.99999999995,66.0000000212498));
#4019=CARTESIAN_POINT('',(-49.9999999597521,-443.,66.0000000149998));
#4020=CARTESIAN_POINT('Origin',(-69.9999999987496,-443.,-89.9999999800004));
#4021=CARTESIAN_POINT('',(-74.9999999531246,-443.,92.4999999350023));
#4022=CARTESIAN_POINT('',(-74.9999999531246,-443.,92.4999999350023));
#4023=CARTESIAN_POINT('',(-69.9999999531246,-443.,92.4999999337523));
#4024=CARTESIAN_POINT('',(-69.9999999531246,-443.,92.4999999337523));
#4025=CARTESIAN_POINT('',(-69.9999999538746,-443.,89.5000000199995));
#4026=CARTESIAN_POINT('',(-69.9999999531246,-443.,92.4999999337523));
#4027=CARTESIAN_POINT('',(-21.9999999782796,-443.,89.5000000079995));
#4028=CARTESIAN_POINT('',(-21.9999999999998,-443.,89.5000000079995));
#4029=CARTESIAN_POINT('',(-21.9999999816771,-443.,75.5000000079998));
#4030=CARTESIAN_POINT('',(-21.9999999811248,-443.,75.5000000079998));
#4031=CARTESIAN_POINT('',(-29.7999999573746,-443.,75.5000000099498));
#4032=CARTESIAN_POINT('Origin',(-69.9999999582496,-517.999999999999,72.0000000199998));
#4033=CARTESIAN_POINT('',(-21.9999999817985,-517.999999999999,75.0000000079998));
#4034=CARTESIAN_POINT('',(-21.9999999999998,-517.999999999999,75.0000000079998));
#4035=CARTESIAN_POINT('',(-21.9999999781582,-517.999999999999,90.0000000079996));
#4036=CARTESIAN_POINT('',(-21.9999999774998,-517.999999999999,90.0000000079996));
#4037=CARTESIAN_POINT('',(-69.9999999537496,-517.999999999999,90.0000000199996));
#4038=CARTESIAN_POINT('',(-69.9999999537496,-517.999999999999,90.0000000199996));
#4039=CARTESIAN_POINT('',(-69.9999999582496,-517.999999999999,72.0000000199998));
#4040=CARTESIAN_POINT('',(-69.9999999582496,-517.999999999999,72.0000000199998));
#4041=CARTESIAN_POINT('',(-69.9999999582496,-517.999999999999,72.0000000199998));
#4042=CARTESIAN_POINT('',(-28.3999999791663,-517.999999999999,79.0000000079998));
#4043=CARTESIAN_POINT('',(-28.3999999787497,-517.999999999999,84.0000000084164));
#4044=CARTESIAN_POINT('',(-28.3999999799997,-517.999999999999,79.0000000079998));
#4045=CARTESIAN_POINT('',(-23.399999978333,-517.999999999999,84.0000000079998));
#4046=CARTESIAN_POINT('',(-28.3999999787497,-517.999999999999,84.0000000092498));
#4047=CARTESIAN_POINT('',(-23.3999999787497,-517.999999999999,79.0000000075831));
#4048=CARTESIAN_POINT('',(-23.3999999774997,-517.999999999999,84.0000000079997));
#4049=CARTESIAN_POINT('',(-23.3999999787497,-517.999999999999,79.0000000067498));
#4050=CARTESIAN_POINT('Origin',(-69.9999999582496,-541.,72.0000000199998));
#4051=CARTESIAN_POINT('',(-39.7999999582495,-547.5,72.0000000124498));
#4052=CARTESIAN_POINT('',(-41.2999999582496,-541.,72.0000000128248));
#4053=CARTESIAN_POINT('',(-39.7999999582495,-547.5,72.0000000124498));
#4054=CARTESIAN_POINT('',(-39.7999999582496,-547.5,72.0000000124498));
#4055=CARTESIAN_POINT('',(-69.9999999582496,-541.,72.0000000199998));
#4056=CARTESIAN_POINT('',(-69.9999999582496,-541.,72.0000000199998));
#4057=CARTESIAN_POINT('',(-69.9999999582496,-541.,72.0000000199998));
#4058=CARTESIAN_POINT('',(-37.7999999582496,-546.,72.0000000119498));
#4059=CARTESIAN_POINT('',(-37.7999999582496,-541.,72.0000000119498));
#4060=CARTESIAN_POINT('',(-37.7999999582496,-546.,72.0000000119498));
#4061=CARTESIAN_POINT('',(-30.3999999582496,-541.,72.0000000100998));
#4062=CARTESIAN_POINT('',(-37.7999999582496,-541.,72.0000000119498));
#4063=CARTESIAN_POINT('',(-30.3999999582496,-546.,72.0000000100998));
#4064=CARTESIAN_POINT('',(-30.3999999582496,-541.,72.0000000100998));
#4065=CARTESIAN_POINT('',(-30.3999999582496,-546.,72.0000000100998));
#4066=CARTESIAN_POINT('Origin',(-29.7999999582496,-547.5,72.0000000099498));
#4067=CARTESIAN_POINT('',(-39.7999999639389,-547.5,49.2427413857665));
#4068=CARTESIAN_POINT('',(-29.7999999639389,-547.5,49.2427413832665));
#4069=CARTESIAN_POINT('',(-39.7999999582496,-547.5,72.0000000124498));
#4070=CARTESIAN_POINT('Origin',(-69.9999999639389,-574.999999999999,49.2427413933166));
#4071=CARTESIAN_POINT('',(-41.2999999639389,-541.,49.2427413861416));
#4072=CARTESIAN_POINT('',(-39.7999999639389,-547.5,49.2427413857666));
#4073=CARTESIAN_POINT('',(-69.9999999639389,-541.,49.2427413933166));
#4074=CARTESIAN_POINT('',(-69.9999999639389,-541.,49.2427413933166));
#4075=CARTESIAN_POINT('',(-69.9999999639389,-574.999999999999,49.2427413933166));
#4076=CARTESIAN_POINT('',(-69.9999999639389,-574.999999999999,49.2427413933166));
#4077=CARTESIAN_POINT('',(-33.9999999639389,-574.999999999999,49.2427413843166));
#4078=CARTESIAN_POINT('',(-69.9999999639389,-574.999999999999,49.2427413933166));
#4079=CARTESIAN_POINT('',(-33.9999999639389,-567.00000000001,49.2427413843166));
#4080=CARTESIAN_POINT('',(-33.9999999639389,-574.999999999999,49.2427413843166));
#4081=CARTESIAN_POINT('',(-33.9999999639389,-567.00000000001,49.2427413843166));
#4082=CARTESIAN_POINT('Origin',(-37.9999999537496,-567.00000000001,90.0000000119996));
#4083=CARTESIAN_POINT('',(-33.9999999557496,-567.00000000001,82.0000000109996));
#4084=CARTESIAN_POINT('',(-33.9999999557496,-567.00000000001,82.0000000109996));
#4085=CARTESIAN_POINT('',(-37.9999999557496,-567.00000000001,82.0000000119996));
#4086=CARTESIAN_POINT('',(-37.9999999557496,-567.00000000001,82.0000000119996));
#4087=CARTESIAN_POINT('',(-37.9999999537496,-567.00000000001,90.0000000119996));
#4088=CARTESIAN_POINT('',(-37.9999999537496,-567.00000000001,90.0000000119996));
#4089=CARTESIAN_POINT('',(-21.9999999781582,-567.00000000001,90.0000000079996));
#4090=CARTESIAN_POINT('',(-21.9999999999998,-567.00000000001,90.0000000079996));
#4091=CARTESIAN_POINT('',(-21.9999999817985,-567.00000000001,75.0000000079998));
#4092=CARTESIAN_POINT('',(-21.9999999812498,-567.00000000001,75.0000000079998));
#4093=CARTESIAN_POINT('',(-29.7999999574996,-567.00000000001,75.0000000099498));
#4094=CARTESIAN_POINT('Origin',(-69.9999999537496,-577.999999999999,90.0000000199996));
#4095=CARTESIAN_POINT('',(-21.9999999816771,-577.999999999999,75.5000000079999));
#4096=CARTESIAN_POINT('',(-21.9999999999998,-577.999999999999,75.5000000079998));
#4097=CARTESIAN_POINT('',(-21.9999999782796,-577.999999999999,89.5000000079996));
#4098=CARTESIAN_POINT('',(-21.9999999776248,-577.999999999999,89.5000000079996));
#4099=CARTESIAN_POINT('',(-69.9999999538746,-577.999999999999,89.5000000199996));
#4100=CARTESIAN_POINT('',(-69.9999999538746,-577.999999999999,89.5000000199996));
#4101=CARTESIAN_POINT('',(-69.9999999531246,-577.999999999999,92.4999999337524));
#4102=CARTESIAN_POINT('',(-69.9999999538746,-577.999999999999,89.5000000199996));
#4103=CARTESIAN_POINT('',(-74.9999999531246,-577.999999999999,92.4999999350024));
#4104=CARTESIAN_POINT('',(-74.9999999531246,-577.999999999999,92.4999999350024));
#4105=CARTESIAN_POINT('',(-74.9999999993746,-577.999999999999,-92.4999999787494));
#4106=CARTESIAN_POINT('',(-74.9999999993746,-577.999999999999,-92.4999999787494));
#4107=CARTESIAN_POINT('',(-44.9999999993747,-577.999999999999,-92.4999999862494));
#4108=CARTESIAN_POINT('',(-44.9999999993747,-577.999999999999,-92.4999999862494));
#4109=CARTESIAN_POINT('',(-44.9999999986247,-577.999999999999,-89.4999999862504));
#4110=CARTESIAN_POINT('',(-44.9999999986247,-577.999999999999,-89.4999999862504));
#4111=CARTESIAN_POINT('',(-22.00000002172,-577.999999999999,-89.4999999920003));
#4112=CARTESIAN_POINT('',(-21.9999999999998,-577.999999999999,-89.4999999920004));
#4113=CARTESIAN_POINT('',(-22.0000000183225,-577.999999999999,-75.4999999920004));
#4114=CARTESIAN_POINT('',(-22.0000000188748,-577.999999999999,-75.4999999920004));
#4115=CARTESIAN_POINT('',(-29.7999999951246,-577.999999999999,-75.4999999900504));
#4116=CARTESIAN_POINT('Origin',(-30.0999999951184,-541.122534575257,-75.4749999899754));
#4117=CARTESIAN_POINT('',(-30.3999999949871,-546.,-74.9499999899004));
#4118=CARTESIAN_POINT('',(-29.7999999952496,-546.,-75.9999999900504));
#4119=CARTESIAN_POINT('',(-30.3999999949871,-546.,-74.9499999899004));
#4120=CARTESIAN_POINT('',(-30.3999999949871,-540.604074282633,-74.9499999899004));
#4121=CARTESIAN_POINT('',(-30.3999999949871,-546.,-74.9499999899004));
#4122=CARTESIAN_POINT('Origin',(-31.5142857096591,-535.99999999728,-72.9999999880911));
#4123=CARTESIAN_POINT('',(-29.7999999952496,-546.,-75.9999999900504));
#4124=CARTESIAN_POINT('Origin',(-29.9999999597496,-535.,66.0000000099998));
#4125=CARTESIAN_POINT('',(-31.9999999949996,-535.,-74.9999999895004));
#4126=CARTESIAN_POINT('',(-31.9999999949996,-535.,-74.9999999895004));
#4127=CARTESIAN_POINT('',(-31.9999999597496,-535.,66.0000000104998));
#4128=CARTESIAN_POINT('Origin',(-74.9999999586814,-447.088439941406,70.2727203369141));
#4129=CARTESIAN_POINT('',(-74.9999999589996,-447.088439941406,69.0000000212498));
#4130=CARTESIAN_POINT('',(-74.9999999586814,-447.088439941406,70.2727203369141));
#4131=CARTESIAN_POINT('',(-32.7999999589996,-447.088439941406,69.0000000106998));
#4132=CARTESIAN_POINT('',(-74.9999999589996,-447.088439941406,69.0000000212498));
#4133=CARTESIAN_POINT('',(-32.7999999769996,-447.088439941406,-2.99999998930032));
#4134=CARTESIAN_POINT('Origin',(-32.7999999762496,-510.5,1.06997873339232E-8));
#4135=CARTESIAN_POINT('',(-32.7999999589996,-445.,69.0000000106998));
#4136=CARTESIAN_POINT('',(-32.7999999589996,-510.5,69.0000000106998));
#4137=CARTESIAN_POINT('',(-32.7999999769996,-445.,-2.99999998930032));
#4138=CARTESIAN_POINT('Origin',(-69.9999999588442,-546.499999999999,69.6213707066581));
#4139=CARTESIAN_POINT('',(-69.9999999529996,-577.500000000009,92.9999999337524));
#4140=CARTESIAN_POINT('',(-69.9999999529996,-443.500000000009,92.9999999337524));
#4141=CARTESIAN_POINT('',(-69.9999999529996,-577.500000000009,92.9999999337524));
#4142=CARTESIAN_POINT('',(-69.9999999531246,-578.000000000004,92.4999999337474));
#4143=CARTESIAN_POINT('',(-69.9999999537496,-577.499999999999,90.0000000199996));
#4144=CARTESIAN_POINT('',(-69.9999999537496,-577.499999999999,90.0000000199996));
#4145=CARTESIAN_POINT('',(-69.9999999537496,-574.999999999999,90.0000000199996));
#4146=CARTESIAN_POINT('',(-69.9999999537496,-577.499999999999,90.0000000199996));
#4147=CARTESIAN_POINT('',(-69.9999999537496,-574.999999999999,90.0000000199996));
#4148=CARTESIAN_POINT('',(-69.9999999639389,-541.,49.2427413933165));
#4149=CARTESIAN_POINT('',(-69.9999999537496,-443.5,90.0000000199997));
#4150=CARTESIAN_POINT('',(-69.9999999537496,-517.999999999999,90.0000000199996));
#4151=CARTESIAN_POINT('',(-69.9999999538746,-443.,89.5000000199997));
#4152=CARTESIAN_POINT('',(-69.9999999529996,-443.500000000009,92.9999999337523));
#4153=CARTESIAN_POINT('Origin',(-28.3999999787497,-497.,84.0000000079998));
#4154=CARTESIAN_POINT('',(-28.3999999799997,-498.,79.0000000079998));
#4155=CARTESIAN_POINT('',(-28.3999999799997,-498.,79.0000000079998));
#4156=CARTESIAN_POINT('',(-28.399999978609,-498.000000000038,84.0000000084904));
#4157=CARTESIAN_POINT('',(-28.3999999781871,-497.999999999438,84.0000000079998));
#4158=CARTESIAN_POINT('',(-28.3999999787497,-498.,84.0000000092498));
#4159=CARTESIAN_POINT('Origin',(-28.3999999787497,-497.,79.0000000079998));
#4160=CARTESIAN_POINT('',(-23.3999999787497,-498.,79.0000000067498));
#4161=CARTESIAN_POINT('',(-23.3999999787497,-498.,79.0000000067498));
#4162=CARTESIAN_POINT('',(-28.3999999787497,-497.9999999996,79.0000000083998));
#4163=CARTESIAN_POINT('Origin',(-23.3999999787497,-497.,79.0000000079998));
#4164=CARTESIAN_POINT('',(-23.3999999774997,-498.,84.0000000079998));
#4165=CARTESIAN_POINT('',(-23.3999999774997,-498.,84.0000000079998));
#4166=CARTESIAN_POINT('',(-23.3999999784997,-498.00000000025,79.0000000079998));
#4167=CARTESIAN_POINT('Origin',(-23.3999999787497,-497.,84.0000000079998));
#4168=CARTESIAN_POINT('',(-23.3999999787497,-498.,84.0000000079998));
#4169=CARTESIAN_POINT('Origin',(-69.9999999639389,-541.,49.2427413933165));
#4170=CARTESIAN_POINT('',(-41.2999999582496,-541.,72.0000000128248));
#4171=CARTESIAN_POINT('Origin',(-37.7999999794692,-543.5,-12.8786293013914));
#4172=CARTESIAN_POINT('',(-37.7999999952496,-546.,-75.9999999880504));
#4173=CARTESIAN_POINT('',(-37.7999999582496,-546.,72.0000000119498));
#4174=CARTESIAN_POINT('',(-37.7999999969267,-541.,-82.7082039205494));
#4175=CARTESIAN_POINT('Origin',(-37.7999999952496,-539.,-75.9999999880504));
#4176=CARTESIAN_POINT('',(-37.7999999944996,-541.,-72.9999999880504));
#4177=CARTESIAN_POINT('',(-37.7999999944996,-541.,-72.9999999880504));
#4178=CARTESIAN_POINT('',(-37.7999999582496,-541.,72.0000000119498));
#4179=CARTESIAN_POINT('Origin',(-29.7999999969996,-546.,-82.9999999900504));
#4180=CARTESIAN_POINT('',(-30.3999999582496,-546.,72.0000000100998));
#4181=CARTESIAN_POINT('',(-37.7999999952496,-546.,-75.9999999880504));
#4182=CARTESIAN_POINT('Origin',(-30.3999999794692,-542.748356383504,-12.8786293032414));
#4183=CARTESIAN_POINT('',(-30.3999999944996,-541.,-72.9999999899004));
#4184=CARTESIAN_POINT('',(-30.3999999944996,-541.,-72.9999999899004));
#4185=CARTESIAN_POINT('Origin',(-30.3999999944994,-536.000000000001,-72.9999999899007));
#4186=CARTESIAN_POINT('Origin',(-69.9999999639389,-541.,49.2427413933165));
#4187=CARTESIAN_POINT('',(-30.3999999944996,-541.,-72.9999999899004));
#4188=CARTESIAN_POINT('Origin',(-33.9999999588442,-546.499999999999,69.6213706976581));
#4189=CARTESIAN_POINT('',(-33.9999999557496,-574.999999999999,82.0000000109996));
#4190=CARTESIAN_POINT('',(-33.9999999557496,-574.999999999999,82.0000000109996));
#4191=CARTESIAN_POINT('',(-33.9999999557496,-574.999999999999,82.0000000109996));
#4192=CARTESIAN_POINT('Origin',(-69.9999999537496,-574.999999999999,90.0000000199996));
#4193=CARTESIAN_POINT('',(-42.9999999557496,-574.999999999999,82.0000000132496));
#4194=CARTESIAN_POINT('',(-39.1135528283453,-574.999999999999,82.000000012278));
#4195=CARTESIAN_POINT('',(-42.9999999557496,-574.999999999999,82.0000000132496));
#4196=CARTESIAN_POINT('',(-39.1135528293453,-574.999999999999,78.000000012278));
#4197=CARTESIAN_POINT('',(-39.1135528283453,-574.999999999999,82.000000012278));
#4198=CARTESIAN_POINT('',(-36.886447084154,-574.999999999999,78.0000000117212));
#4199=CARTESIAN_POINT('',(-39.1135528293453,-574.999999999999,78.000000012278));
#4200=CARTESIAN_POINT('',(-36.886447083154,-574.999999999999,82.0000000117212));
#4201=CARTESIAN_POINT('',(-36.886447084154,-574.999999999999,78.0000000117212));
#4202=CARTESIAN_POINT('',(-36.886447083154,-574.999999999999,82.0000000117212));
#4203=CARTESIAN_POINT('',(-42.9999999537496,-574.999999999999,90.0000000132496));
#4204=CARTESIAN_POINT('',(-42.9999999537496,-574.999999999999,90.0000000132496));
#4205=CARTESIAN_POINT('',(-42.9999999537496,-574.999999999999,90.0000000132496));
#4206=CARTESIAN_POINT('Origin',(-69.9999999589996,-448.,69.0000000199998));
#4207=CARTESIAN_POINT('',(-74.9999999589996,-445.,69.0000000212498));
#4208=CARTESIAN_POINT('',(-74.9999999589996,-445.,69.0000000212498));
#4209=CARTESIAN_POINT('',(-74.9999999589996,-445.,69.0000000212498));
#4210=CARTESIAN_POINT('Origin',(-29.7999999952496,-539.,-75.9999999900504));
#4211=CARTESIAN_POINT('',(-37.3772727243519,-539.,-82.9999999881561));
#4212=CARTESIAN_POINT('Origin',(-37.3772727226019,-539.,-75.9999999881561));
#4213=CARTESIAN_POINT('',(-29.7999999969267,-541.,-82.7082039225498));
#4214=CARTESIAN_POINT('Origin',(-29.7999999952496,-539.,-75.9999999900504));
#4215=CARTESIAN_POINT('',(-29.5136363607155,-539.,-82.999999990122));
#4216=CARTESIAN_POINT('Origin',(-29.5136363589655,-539.,-75.999999990122));
#4217=CARTESIAN_POINT('',(-29.5136363607155,-539.,-82.999999990122));
#4218=CARTESIAN_POINT('Origin',(-42.9999999537496,-574.999999999999,90.0000000132496));
#4219=CARTESIAN_POINT('',(-42.9999999537496,-572.00000000001,90.0000000132496));
#4220=CARTESIAN_POINT('',(-42.9999999537496,-572.00000000001,90.0000000132496));
#4221=CARTESIAN_POINT('',(-42.9999999557496,-572.00000000001,82.0000000132496));
#4222=CARTESIAN_POINT('',(-42.9999999537496,-572.00000000001,90.0000000132496));
#4223=CARTESIAN_POINT('',(-42.9999999557496,-574.999999999999,82.0000000132496));
#4224=CARTESIAN_POINT('Origin',(-37.9999999537496,-572.00000000001,90.0000000119996));
#4225=CARTESIAN_POINT('',(-37.9999999537496,-568.80000000001,90.0000000119997));
#4226=CARTESIAN_POINT('Origin',(-37.9999999537496,-572.00000000001,90.0000000119996));
#4227=CARTESIAN_POINT('',(-37.9999999557496,-568.80000000001,82.0000000119996));
#4228=CARTESIAN_POINT('',(-37.9999999537496,-568.80000000001,90.0000000119996));
#4229=CARTESIAN_POINT('Origin',(-37.9999999557496,-572.00000000001,82.0000000119996));
#4230=CARTESIAN_POINT('Origin',(-37.9999999567492,-572.000000000008,78.000000012));
#4231=CARTESIAN_POINT('Origin',(-37.9999999557496,-572.00000000001,82.0000000119996));
#4232=CARTESIAN_POINT('Origin',(-37.9999999567496,-572.00000000001,78.0000000119996));
#4233=CARTESIAN_POINT('Origin',(-29.7999999969996,-541.,-82.9999999900504));
#4234=CARTESIAN_POINT('',(-29.5568181803691,-502.,-82.9999999901112));
#4235=CARTESIAN_POINT('',(-29.5568181803691,-502.,-82.9999999901112));
#4236=CARTESIAN_POINT('',(-24.21590908946,-502.,-82.9999999914464));
#4237=CARTESIAN_POINT('',(-29.5136363607155,-539.,-82.999999990122));
#4238=CARTESIAN_POINT('',(-29.5568181803691,-502.,-82.9999999901112));
#4239=CARTESIAN_POINT('Origin',(-30.4999999999997,-472.,-81.4999999920004));
#4240=CARTESIAN_POINT('',(-30.4999999983747,-447.088439941406,-74.9999999903477));
#4241=CARTESIAN_POINT('',(-30.4999999983747,-447.,-74.9999999903477));
#4242=CARTESIAN_POINT('',(-30.4999999983747,-447.088439941406,-74.9999999898754));
#4243=CARTESIAN_POINT('',(-30.4999999986929,-447.088439941406,-76.2727203055397));
#4244=CARTESIAN_POINT('',(-30.4999999985338,-447.088439941406,-75.6363601477043));
#4245=CARTESIAN_POINT('',(-30.4999999986929,-450.,-76.2727203055397));
#4246=CARTESIAN_POINT('',(-30.4999999986929,-448.544219970703,-76.2727203055397));
#4247=CARTESIAN_POINT('',(-30.4999999983747,-450.,-74.9999999898754));
#4248=CARTESIAN_POINT('',(-30.4999999985338,-450.,-75.6363601477043));
#4249=CARTESIAN_POINT('',(-30.4999999983747,-497.,-74.9999999903476));
#4250=CARTESIAN_POINT('',(-30.4999999983747,-497.,-74.9999999898754));
#4251=CARTESIAN_POINT('',(-30.5000000016247,-497.,-87.9999999903477));
#4252=CARTESIAN_POINT('',(-30.5000000016247,-497.,-87.9999999920005));
#4253=CARTESIAN_POINT('',(-30.5000000016247,-447.,-87.9999999903477));
#4254=CARTESIAN_POINT('',(-30.5000000016247,-447.,-87.9999999898754));
#4255=CARTESIAN_POINT('',(-30.4999999983747,-447.,-74.9999999920004));
#4256=CARTESIAN_POINT('',(-30.5000000007497,-489.5,-84.4999999927504));
#4257=CARTESIAN_POINT('Origin',(-30.5000000007497,-487.5,-84.4999999927505));
#4258=CARTESIAN_POINT('',(-30.5000000007497,-474.,-84.4999999927504));
#4259=CARTESIAN_POINT('Origin',(-30.5000000007497,-472.,-84.4999999927505));
#4260=CARTESIAN_POINT('',(-30.5000000007497,-458.5,-84.4999999927504));
#4261=CARTESIAN_POINT('Origin',(-30.5000000007497,-456.5,-84.4999999927505));
#4262=CARTESIAN_POINT('Origin',(-21.9999999999998,-497.,-87.9999999920004));
#4263=CARTESIAN_POINT('',(-22.000000021356,-497.,-87.9999999920005));
#4264=CARTESIAN_POINT('',(-23.4999999999998,-497.,-87.9999999916254));
#4265=CARTESIAN_POINT('',(-21.9999999999998,-497.,-87.9999999920004));
#4266=CARTESIAN_POINT('',(-23.4999999969052,-496.999999999766,-77.9999999915421));
#4267=CARTESIAN_POINT('',(-23.4999999999998,-497.,-87.9999999912504));
#4268=CARTESIAN_POINT('',(-28.4999999968611,-496.999999999663,-77.9999999900143));
#4269=CARTESIAN_POINT('',(-23.4999999949998,-497.,-77.9999999916254));
#4270=CARTESIAN_POINT('',(-28.4999999999893,-497.,-87.9999999903754));
#4271=CARTESIAN_POINT('',(-28.4999999973929,-496.999999999494,-77.9999999887505));
#4272=CARTESIAN_POINT('',(-28.4999999999893,-497.,-87.9999999903754));
#4273=CARTESIAN_POINT('',(-22.000000018106,-497.,-74.9999999920004));
#4274=CARTESIAN_POINT('',(-21.9999999967498,-497.,-74.9999999920004));
#4275=CARTESIAN_POINT('',(-22.0000000219998,-497.,-87.9999999920004));
#4276=CARTESIAN_POINT('Origin',(-29.9999999949996,-536.,-74.9999999900004));
#4277=CARTESIAN_POINT('',(-29.9999999889996,-536.,-50.9999999900004));
#4278=CARTESIAN_POINT('',(-31.9999999889996,-536.,-50.9999999895004));
#4279=CARTESIAN_POINT('',(-29.9999999889996,-536.,-50.9999999900004));
#4280=CARTESIAN_POINT('',(-31.9999999949996,-536.,-74.9999999895004));
#4281=CARTESIAN_POINT('',(-31.9999999949996,-536.,-74.9999999895004));
#4282=CARTESIAN_POINT('',(-29.9999999949996,-536.,-74.9999999900004));
#4283=CARTESIAN_POINT('',(-29.9999999949996,-536.,-74.9999999900004));
#4284=CARTESIAN_POINT('',(-29.9999999889996,-536.,-50.9999999900004));
#4285=CARTESIAN_POINT('Origin',(-29.9999999762496,-510.5,9.99978055915562E-9));
#4286=CARTESIAN_POINT('',(-29.9999999949996,-538.,-74.9999999900004));
#4287=CARTESIAN_POINT('',(-29.9999999949996,-538.,-74.9999999900004));
#4288=CARTESIAN_POINT('',(-29.9999999889996,-538.,-50.9999999900004));
#4289=CARTESIAN_POINT('',(-29.9999999949996,-538.,-74.9999999900004));
#4290=CARTESIAN_POINT('',(-29.9999999889996,-538.,-50.9999999900004));
#4291=CARTESIAN_POINT('Origin',(-69.9999999589996,-538.,69.0000000199998));
#4292=CARTESIAN_POINT('',(-29.9999999639996,-538.,49.0000000099998));
#4293=CARTESIAN_POINT('',(-31.9999999639996,-538.,49.0000000104998));
#4294=CARTESIAN_POINT('',(-29.9999999639996,-538.,49.0000000099998));
#4295=CARTESIAN_POINT('',(-31.9999999889996,-538.,-50.9999999895004));
#4296=CARTESIAN_POINT('',(-31.9999999639996,-538.,49.0000000104998));
#4297=CARTESIAN_POINT('',(-31.9999999889996,-538.,-50.9999999895004));
#4298=CARTESIAN_POINT('',(-74.9999999949996,-538.,-74.9999999787504));
#4299=CARTESIAN_POINT('',(-74.9999999949996,-538.,-74.9999999787504));
#4300=CARTESIAN_POINT('',(-74.9999999589996,-538.,69.0000000212498));
#4301=CARTESIAN_POINT('',(-74.9999999589996,-538.,69.0000000212498));
#4302=CARTESIAN_POINT('',(-29.9999999589996,-538.,69.0000000099998));
#4303=CARTESIAN_POINT('',(-29.9999999589996,-538.,69.0000000099998));
#4304=CARTESIAN_POINT('',(-29.9999999639996,-538.,49.0000000099998));
#4305=CARTESIAN_POINT('Origin',(-74.9999999953178,-447.088439941406,-76.2727202944147));
#4306=CARTESIAN_POINT('',(-29.7999999953178,-450.,-76.2727203057147));
#4307=CARTESIAN_POINT('',(-74.9999999953178,-450.,-76.2727202944147));
#4308=CARTESIAN_POINT('',(-29.7999999953178,-447.088439941406,-76.2727203057147));
#4309=CARTESIAN_POINT('',(-74.9999999953178,-447.088439941406,-76.2727202944147));
#4310=CARTESIAN_POINT('',(-29.7999999953178,-447.088439941406,-76.2727203057147));
#4311=CARTESIAN_POINT('Origin',(-33.4999999999997,-487.5,-84.4999999920004));
#4312=CARTESIAN_POINT('',(-36.4999999999997,-489.5,-84.4999999912504));
#4313=CARTESIAN_POINT('Origin',(-36.4999999999997,-487.5,-84.4999999912504));
#4314=CARTESIAN_POINT('',(-33.4999999999997,-489.5,-84.4999999920004));
#4315=CARTESIAN_POINT('Origin',(-33.4999999999997,-472.,-84.4999999920004));
#4316=CARTESIAN_POINT('',(-36.5000000003738,-473.326658806126,-85.9966550657845));
#4317=CARTESIAN_POINT('',(-36.4999999991278,-473.326658806357,-83.003344916922));
#4318=CARTESIAN_POINT('Ctrl Pts',(-36.5000000001864,-473.326658806324,-85.9966550656089));
#4319=CARTESIAN_POINT('Ctrl Pts',(-36.1819628905615,-473.157888644657,-86.1462556149772));
#4320=CARTESIAN_POINT('Ctrl Pts',(-35.8899811411787,-472.93333629312,-86.2916959008892));
#4321=CARTESIAN_POINT('Ctrl Pts',(-35.494487635564,-472.502657528408,-86.4433852328574));
#4322=CARTESIAN_POINT('Ctrl Pts',(-35.3479207141306,-472.307035159075,-86.4874780495527));
#4323=CARTESIAN_POINT('Ctrl Pts',(-35.1057249595264,-471.886388354014,-86.5078426146546));
#4324=CARTESIAN_POINT('Ctrl Pts',(-35.0101290471289,-471.661294367545,-86.4830554234866));
#4325=CARTESIAN_POINT('Ctrl Pts',(-34.8859096724086,-471.262783310428,-86.3695804366422));
#4326=CARTESIAN_POINT('Ctrl Pts',(-34.8444830700521,-471.062184930198,-86.2799860883281));
#4327=CARTESIAN_POINT('Ctrl Pts',(-34.8010161037948,-470.699601986627,-86.0351914459583));
#4328=CARTESIAN_POINT('Ctrl Pts',(-34.7977761750234,-470.537793349973,-85.8799450783321));
#4329=CARTESIAN_POINT('Ctrl Pts',(-34.8046420831605,-470.28628179892,-85.5518249928564));
#4330=CARTESIAN_POINT('Ctrl Pts',(-34.8154678837318,-470.177576642836,-85.3534729954363));
#4331=CARTESIAN_POINT('Ctrl Pts',(-34.8332279562184,-470.034428732108,-84.9314770727483));
#4332=CARTESIAN_POINT('Ctrl Pts',(-34.8393038715725,-470.,-84.7077927036788));
#4333=CARTESIAN_POINT('Ctrl Pts',(-34.8393038714686,-470.,-84.2922072796524));
#4334=CARTESIAN_POINT('Ctrl Pts',(-34.8332279560027,-470.034428732108,-84.0685229105859));
#4335=CARTESIAN_POINT('Ctrl Pts',(-34.8154678833051,-470.177576642836,-83.6465269879068));
#4336=CARTESIAN_POINT('Ctrl Pts',(-34.8046420826346,-470.28628179892,-83.4481749904921));
#4337=CARTESIAN_POINT('Ctrl Pts',(-34.7977761743334,-470.537793349973,-83.1200549050199));
#4338=CARTESIAN_POINT('Ctrl Pts',(-34.8010161030272,-470.699601986627,-82.964808537392));
#4339=CARTESIAN_POINT('Ctrl Pts',(-34.8444830691622,-471.062184930198,-82.7200138950005));
#4340=CARTESIAN_POINT('Ctrl Pts',(-34.8859096714738,-471.262783310428,-82.6304195466657));
#4341=CARTESIAN_POINT('Ctrl Pts',(-35.0101290461374,-471.661294367545,-82.5169445597592));
#4342=CARTESIAN_POINT('Ctrl Pts',(-35.1057249585226,-471.886388354014,-82.4921573685434));
#4343=CARTESIAN_POINT('Ctrl Pts',(-35.347920713137,-472.307035159075,-82.5125219335242));
#4344=CARTESIAN_POINT('Ctrl Pts',(-35.4944876345923,-472.502657528409,-82.5566147501462));
#4345=CARTESIAN_POINT('Ctrl Pts',(-35.8899811402349,-472.933336293068,-82.7083040818983));
#4346=CARTESIAN_POINT('Ctrl Pts',(-36.181962889625,-473.15788864457,-82.8537443676255));
#4347=CARTESIAN_POINT('Ctrl Pts',(-36.4999999992527,-473.326658806226,-83.0033449168048));
#4348=CARTESIAN_POINT('',(-36.4999999999997,-474.,-84.4999999912504));
#4349=CARTESIAN_POINT('Origin',(-36.4999999999997,-472.,-84.4999999912505));
#4350=CARTESIAN_POINT('',(-33.4999999999997,-474.,-84.4999999920004));
#4351=CARTESIAN_POINT('Origin',(-36.4999999999997,-472.,-84.4999999912505));
#4352=CARTESIAN_POINT('Origin',(-33.4999999999997,-456.5,-84.4999999920004));
#4353=CARTESIAN_POINT('',(-36.4999999999997,-458.5,-84.4999999912504));
#4354=CARTESIAN_POINT('Origin',(-36.4999999999997,-456.5,-84.4999999912504));
#4355=CARTESIAN_POINT('',(-33.4999999999997,-458.5,-84.4999999920004));
#4356=CARTESIAN_POINT('Origin',(-30.6499999966247,-519.,-77.9999999898379));
#4357=CARTESIAN_POINT('',(-29.0840909050394,-536.,-77.9999999902294));
#4358=CARTESIAN_POINT('',(-29.0840909050394,-536.,-77.9999999902294));
#4359=CARTESIAN_POINT('',(-36.7431818141304,-536.,-77.9999999883146));
#4360=CARTESIAN_POINT('',(-36.7431818141303,-536.,-77.9999999883146));
#4361=CARTESIAN_POINT('',(-28.4999999974998,-497.,-77.9999999903754));
#4362=CARTESIAN_POINT('Origin',(-29.9999999889996,-536.,-50.9999999900004));
#4363=CARTESIAN_POINT('',(-31.9999999889996,-536.,-50.9999999895004));
#4364=CARTESIAN_POINT('Origin',(-29.9999999639996,-538.,49.0000000099998));
#4365=CARTESIAN_POINT('',(-29.9999999639996,-536.,49.0000000099998));
#4366=CARTESIAN_POINT('',(-29.9999999639996,-536.,49.0000000099998));
#4367=CARTESIAN_POINT('',(-31.9999999639996,-536.,49.0000000104998));
#4368=CARTESIAN_POINT('',(-29.9999999639996,-536.,49.0000000099998));
#4369=CARTESIAN_POINT('',(-31.9999999639996,-538.,49.0000000104998));
#4370=CARTESIAN_POINT('Origin',(-29.7999999762496,-510.5,9.94978677226755E-9));
#4371=CARTESIAN_POINT('',(-29.7999999942496,-450.,-71.9999999900504));
#4372=CARTESIAN_POINT('',(-29.7999999942496,-442.999999999932,-71.9999999900504));
#4373=CARTESIAN_POINT('',(-29.7999999942496,-448.544219970703,-71.9999999900504));
#4374=CARTESIAN_POINT('',(-29.7999999592155,-450.,68.1363601677819));
#4375=CARTESIAN_POINT('',(-29.7999999949996,-447.088439941406,-74.9999999900505));
#4376=CARTESIAN_POINT('',(-29.7999999762496,-447.088439941406,9.94976470387627E-9));
#4377=CARTESIAN_POINT('',(-29.7999999949996,-447.,-74.9999999900504));
#4378=CARTESIAN_POINT('',(-29.7999999949996,-447.,-74.9999999900504));
#4379=CARTESIAN_POINT('',(-29.7999999949996,-443.5,-74.9999999900504));
#4380=CARTESIAN_POINT('',(-29.7999999949996,-443.5,-74.9999999900504));
#4381=CARTESIAN_POINT('',(-29.7999999951246,-443.,-75.4999999900504));
#4382=CARTESIAN_POINT('',(-29.7999999951246,-443.,-75.4999999900504));
#4383=CARTESIAN_POINT('',(-29.7999999951246,-443.,-75.4999999900504));
#4384=CARTESIAN_POINT('Origin',(-29.9999999949996,-536.,-74.9999999900004));
#4385=CARTESIAN_POINT('',(-29.9999999594996,-536.,67.0000000099998));
#4386=CARTESIAN_POINT('',(-29.9999999594996,-536.,67.0000000099998));
#4387=CARTESIAN_POINT('',(-31.9999999594996,-536.,67.0000000104998));
#4388=CARTESIAN_POINT('',(-29.9999999594996,-536.,67.0000000099998));
#4389=CARTESIAN_POINT('',(-31.9999999639996,-536.,49.0000000104998));
#4390=CARTESIAN_POINT('Origin',(-69.9999999987496,-443.,-89.9999999800004));
#4391=CARTESIAN_POINT('',(-22.0000000183224,-443.,-75.4999999920005));
#4392=CARTESIAN_POINT('',(-21.9999999999998,-443.,-75.4999999920005));
#4393=CARTESIAN_POINT('',(-22.00000002172,-443.,-89.4999999920005));
#4394=CARTESIAN_POINT('',(-22.0000000223748,-443.,-89.4999999920005));
#4395=CARTESIAN_POINT('',(-44.9999999986247,-443.,-89.4999999862504));
#4396=CARTESIAN_POINT('',(-44.9999999986247,-443.,-89.4999999862504));
#4397=CARTESIAN_POINT('',(-44.9999999993747,-443.,-92.4999999862494));
#4398=CARTESIAN_POINT('',(-44.9999999986247,-443.,-89.4999999862504));
#4399=CARTESIAN_POINT('',(-74.9999999993746,-443.,-92.4999999787494));
#4400=CARTESIAN_POINT('',(-74.9999999993746,-443.,-92.4999999787494));
#4401=CARTESIAN_POINT('',(-74.9999999942496,-443.,-71.9999999787504));
#4402=CARTESIAN_POINT('',(-74.9999999942496,-443.,-71.9999999787504));
#4403=CARTESIAN_POINT('',(-49.9999999942521,-443.,-71.9999999850004));
#4404=CARTESIAN_POINT('Origin',(-29.9999999594996,-536.,67.0000000099998));
#4405=CARTESIAN_POINT('',(-31.9999999594996,-450.,67.0000000104998));
#4406=CARTESIAN_POINT('',(-31.9999999594996,-536.,67.0000000104998));
#4407=CARTESIAN_POINT('',(-29.9999999594996,-450.,67.0000000099998));
#4408=CARTESIAN_POINT('',(-29.9999999594996,-450.,67.0000000099998));
#4409=CARTESIAN_POINT('',(-30.9999999595006,-450.,67.0000000102498));
#4410=CARTESIAN_POINT('Origin',(-57.4999999994996,-510.5,-92.9999999831244));
#4411=CARTESIAN_POINT('',(-74.9999999994996,-577.500000000001,-92.9999999787494));
#4412=CARTESIAN_POINT('',(-44.9999999994997,-577.500000000001,-92.9999999862494));
#4413=CARTESIAN_POINT('',(-74.9999999994996,-577.500000000001,-92.9999999787494));
#4414=CARTESIAN_POINT('',(-74.9999999994996,-443.500000000705,-92.9999999790415));
#4415=CARTESIAN_POINT('',(-74.9999999994996,-443.500000010723,-92.9999999787494));
#4416=CARTESIAN_POINT('',(-44.9999999994997,-443.5,-92.9999999862494));
#4417=CARTESIAN_POINT('',(-44.9999999994997,-443.5,-92.9999999862494));
#4418=CARTESIAN_POINT('',(-44.9999999994997,-577.500000000001,-92.9999999862494));
#4419=CARTESIAN_POINT('Origin',(-74.9999999762496,-558.000000000005,-6.49973941335702E-8));
#4420=CARTESIAN_POINT('',(-74.9999999762496,-550.950000000005,-6.49973974504761E-8));
#4421=CARTESIAN_POINT('Origin',(-74.9999999762496,-558.000000000005,-6.49973941335702E-8));
#4422=CARTESIAN_POINT('',(-73.4999999762496,-550.950000000005,-6.5372394600475E-8));
#4423=CARTESIAN_POINT('',(-74.9999999762496,-550.950000000005,-6.49973957237241E-8));
#4424=CARTESIAN_POINT('Origin',(-73.4999999762496,-558.000000000005,-6.5372394414398E-8));
#4425=CARTESIAN_POINT('Origin',(-74.9999999552496,-453.000000000009,83.9999999350024));
#4426=CARTESIAN_POINT('',(-74.9999999552496,-445.950000000009,83.9999999350024));
#4427=CARTESIAN_POINT('Origin',(-74.9999999552496,-453.000000000009,83.9999999350024));
#4428=CARTESIAN_POINT('',(-73.4999999552496,-445.950000000009,83.9999999346274));
#4429=CARTESIAN_POINT('',(-74.9999999552496,-445.950000000009,83.9999999350024));
#4430=CARTESIAN_POINT('Origin',(-73.4999999552496,-453.000000000009,83.9999999346274));
#4431=CARTESIAN_POINT('Origin',(-74.9999999972496,-453.000000000009,-84.0000000649975));
#4432=CARTESIAN_POINT('',(-74.9999999972496,-445.950000000009,-84.0000000649975));
#4433=CARTESIAN_POINT('Origin',(-74.9999999972496,-453.000000000009,-84.0000000649975));
#4434=CARTESIAN_POINT('',(-73.4999999972496,-445.950000000009,-84.0000000653725));
#4435=CARTESIAN_POINT('',(-74.9999999972496,-445.950000000009,-84.0000000649975));
#4436=CARTESIAN_POINT('Origin',(-73.4999999972496,-453.000000000009,-84.0000000653725));
#4437=CARTESIAN_POINT('Origin',(-73.4999999762496,-558.000000000005,-6.53724001320466E-8));
#4438=CARTESIAN_POINT('Origin',(-73.4999999552496,-453.000000000009,83.9999999346274));
#4439=CARTESIAN_POINT('Origin',(-73.4999999972496,-453.000000000009,-84.0000000653725));
#4440=CARTESIAN_POINT('Origin',(-37.9999999537497,-449.00000000001,90.0000000119995));
#4441=CARTESIAN_POINT('',(-37.9999999537497,-445.80000000001,90.0000000119996));
#4442=CARTESIAN_POINT('Origin',(-37.9999999537497,-449.00000000001,90.0000000119995));
#4443=CARTESIAN_POINT('',(-37.9999999567497,-445.80000000001,78.0000000119996));
#4444=CARTESIAN_POINT('',(-37.9999999537497,-445.80000000001,90.0000000119995));
#4445=CARTESIAN_POINT('Origin',(-37.9999999567497,-449.00000000001,78.0000000119996));
#4446=CARTESIAN_POINT('Origin',(-37.9999999567497,-449.00000000001,78.0000000119996));
#4447=CARTESIAN_POINT('Origin',(-37.9999999957498,-470.50000000001,-77.9999999880004));
#4448=CARTESIAN_POINT('',(-37.9999999957498,-467.30000000001,-77.9999999880004));
#4449=CARTESIAN_POINT('Origin',(-37.9999999957498,-470.50000000001,-77.9999999880004));
#4450=CARTESIAN_POINT('Origin',(-37.9999999987498,-470.50000000001,-89.9999999880004));
#4451=CARTESIAN_POINT('',(-37.9999999987498,-467.30000000001,-89.9999999880004));
#4452=CARTESIAN_POINT('Origin',(-37.9999999987498,-470.50000000001,-89.9999999880004));
#4453=CARTESIAN_POINT('',(-37.9999999987498,-467.30000000001,-89.9999999880004));
#4454=CARTESIAN_POINT('',(-36.4999999993235,-473.326658806263,-83.0033449179057));
#4455=CARTESIAN_POINT('Origin',(-32.7999999762496,-510.5,1.06997873339232E-8));
#4456=CARTESIAN_POINT('',(-32.7999999949996,-445.,-74.9999999893004));
#4457=CARTESIAN_POINT('',(-32.7999999949996,-447.088439941406,-74.9999999893004));
#4458=CARTESIAN_POINT('',(-32.7999999949996,-510.5,-74.9999999893004));
#4459=CARTESIAN_POINT('',(-32.7999999942496,-447.088439941406,-71.9999999893004));
#4460=CARTESIAN_POINT('',(-32.7999999769996,-447.088439941406,-2.99999998930032));
#4461=CARTESIAN_POINT('',(-32.7999999942496,-445.,-71.9999999893004));
#4462=CARTESIAN_POINT('',(-32.7999999942496,-510.5,-71.9999999893004));
#4463=CARTESIAN_POINT('',(-32.7999999769996,-445.,-2.99999998930032));
#4464=CARTESIAN_POINT('Origin',(-37.9999999987498,-550.50000000001,-89.9999999880004));
#4465=CARTESIAN_POINT('',(-37.9999999987498,-547.30000000001,-89.9999999880004));
#4466=CARTESIAN_POINT('Origin',(-37.9999999987498,-550.50000000001,-89.9999999880004));
#4467=CARTESIAN_POINT('',(-37.9999999957498,-547.30000000001,-77.9999999880004));
#4468=CARTESIAN_POINT('',(-37.9999999987498,-547.30000000001,-89.9999999880004));
#4469=CARTESIAN_POINT('Origin',(-37.9999999957498,-550.50000000001,-77.9999999880004));
#4470=CARTESIAN_POINT('Origin',(-37.9999999957498,-550.50000000001,-77.9999999880004));
#4471=CARTESIAN_POINT('Origin',(-69.9999999987496,-577.999999999999,-89.9999999800004));
#4472=CARTESIAN_POINT('',(-44.9999999987497,-577.499999999999,-89.9999999862504));
#4473=CARTESIAN_POINT('',(-22.0000000218414,-577.499999999999,-89.9999999920003));
#4474=CARTESIAN_POINT('',(-44.9999999987497,-577.499999999999,-89.9999999862504));
#4475=CARTESIAN_POINT('',(-44.9999999987497,-443.5,-89.9999999862504));
#4476=CARTESIAN_POINT('',(-44.9999999987497,-577.499999999999,-89.9999999862504));
#4477=CARTESIAN_POINT('',(-22.0000000218414,-443.5,-89.9999999920004));
#4478=CARTESIAN_POINT('',(-21.9999999999998,-443.5,-89.9999999920004));
#4479=CARTESIAN_POINT('',(-22.0000000224998,-577.499999999999,-89.9999999920004));
#4480=CARTESIAN_POINT('Origin',(-74.9999999942496,-445.,-71.9999999787504));
#4481=CARTESIAN_POINT('',(-74.9999999949996,-445.,-74.9999999787504));
#4482=CARTESIAN_POINT('',(-74.9999999949996,-445.,-74.9999999787504));
#4483=CARTESIAN_POINT('',(-74.9999999942496,-445.,-71.9999999787504));
#4484=CARTESIAN_POINT('',(-74.9999999942496,-445.,-71.9999999787504));
#4485=CARTESIAN_POINT('',(-74.9999999942496,-445.,-71.9999999787504));
#4486=CARTESIAN_POINT('Origin',(-69.9999999949996,-538.,-74.9999999800004));
#4487=CARTESIAN_POINT('',(-74.9999999949996,-447.088439941406,-74.9999999787504));
#4488=CARTESIAN_POINT('',(-74.9999999949996,-445.,-74.9999999787504));
#4489=CARTESIAN_POINT('',(-69.9999999949996,-447.088439941406,-74.9999999800004));
#4490=CARTESIAN_POINT('Origin',(-74.9999999586814,-447.088439941406,70.2727203369141));
#4491=CARTESIAN_POINT('',(-74.9999999942496,-447.088439941406,-71.9999999787504));
#4492=CARTESIAN_POINT('',(-74.9999999942496,-447.088439941406,-71.9999999787504));
#4493=CARTESIAN_POINT('',(-74.9999999586814,-447.088439941406,70.2727203369141));
#4494=CARTESIAN_POINT('Origin',(-63.7499999994371,-443.25,-92.749999981562));
#4495=CARTESIAN_POINT('',(-74.9999999994996,-443.500000005361,-92.9999999841109));
#4496=CARTESIAN_POINT('',(-44.9999999993747,-443.000000000001,-92.49999998625));
#4497=CARTESIAN_POINT('Origin',(-69.9999999986871,-443.25,-89.7499999800004));
#4498=CARTESIAN_POINT('',(-22.0000000223748,-443.,-89.4999999920005));
#4499=CARTESIAN_POINT('',(-44.9999999987497,-443.5,-89.9999999862504));
#4500=CARTESIAN_POINT('Origin',(-69.9999999950621,-443.25,-75.2499999800005));
#4501=CARTESIAN_POINT('',(-22.0000000182011,-443.5,-74.9999999920005));
#4502=CARTESIAN_POINT('',(-29.7999999949996,-443.5,-74.9999999900505));
#4503=CARTESIAN_POINT('',(-22.0000000187498,-443.5,-74.9999999920005));
#4504=CARTESIAN_POINT('Origin',(-69.9999999949996,-538.,-74.9999999800004));
#4505=CARTESIAN_POINT('',(-22.0000000182011,-447.,-74.9999999920004));
#4506=CARTESIAN_POINT('',(-29.7999999949996,-447.,-74.9999999900504));
#4507=CARTESIAN_POINT('',(-22.0000000187498,-443.5,-74.9999999920004));
#4508=CARTESIAN_POINT('Origin',(-74.9999999942496,-438.,-71.9999999787504));
#4509=CARTESIAN_POINT('',(-74.9999999942496,-446.99999999995,-71.9999999787504));
#4510=CARTESIAN_POINT('',(-74.9999999942496,-450.,-71.9999999787504));
#4511=CARTESIAN_POINT('',(-74.9999999942496,-450.,-71.9999999787504));
#4512=CARTESIAN_POINT('',(-74.9999999942496,-450.,-71.9999999787504));
#4513=CARTESIAN_POINT('Origin',(-36.4999999999997,-456.5,-84.4999999920004));
#4514=CARTESIAN_POINT('Origin',(-36.4999999999997,-472.,-84.4999999920004));
#4515=CARTESIAN_POINT('Origin',(-36.4999999999997,-487.5,-84.4999999920004));
#4516=CARTESIAN_POINT('Origin',(-69.9999999589996,-448.,69.0000000199998));
#4517=CARTESIAN_POINT('',(-74.9999999589996,-450.,69.0000000212498));
#4518=CARTESIAN_POINT('',(-74.9999999589996,-450.,69.0000000212498));
#4519=CARTESIAN_POINT('',(-29.9999999589996,-450.,69.0000000099998));
#4520=CARTESIAN_POINT('',(-69.9999999589996,-450.,69.0000000199998));
#4521=CARTESIAN_POINT('',(-29.9999999589996,-538.,69.0000000099998));
#4522=CARTESIAN_POINT('Origin',(-29.9999999762496,-510.5,9.99978055915562E-9));
#4523=CARTESIAN_POINT('',(-29.9999999593746,-450.,67.5000000100343));
#4524=CARTESIAN_POINT('Origin',(-74.9999999586814,-447.088439941406,70.2727203369141));
#4525=CARTESIAN_POINT('',(-30.149999997504,-447.088439941406,-74.999999989963));
#4526=CARTESIAN_POINT('Origin',(-21.9999999999998,-447.,-87.9999999920005));
#4527=CARTESIAN_POINT('',(-22.000000021356,-447.,-87.9999999920005));
#4528=CARTESIAN_POINT('',(-22.0000000219998,-447.,-87.9999999920004));
#4529=CARTESIAN_POINT('',(-21.9999999999998,-447.,-87.9999999920005));
#4530=CARTESIAN_POINT('',(-23.4999999999998,-497.,-87.9999999916254));
#4531=CARTESIAN_POINT('Origin',(-21.9999999999998,-447.,-74.9999999920005));
#4532=CARTESIAN_POINT('',(-22.0000000187498,-447.,-74.9999999920005));
#4533=CARTESIAN_POINT('',(-29.7999999949996,-447.,-74.9999999900505));
#4534=CARTESIAN_POINT('Origin',(-21.9999999999998,-497.,-74.9999999920004));
#4535=CARTESIAN_POINT('Origin',(-74.9999999597496,-450.,66.0000000212498));
#4536=CARTESIAN_POINT('',(-74.9999999949996,-450.,-74.9999999787504));
#4537=CARTESIAN_POINT('',(-74.9999999597496,-450.,66.0000000212498));
#4538=CARTESIAN_POINT('',(-74.9999999949996,-450.,-74.9999999787504));
#4539=CARTESIAN_POINT('Origin',(-25.8999999984997,-499.5,-85.4999999910254));
#4540=CARTESIAN_POINT('',(-28.4999999998948,-496.999999999503,-87.9999999908721));
#4541=CARTESIAN_POINT('',(-24.21590908946,-502.,-82.9999999914464));
#4542=CARTESIAN_POINT('Origin',(-28.4999999987498,-497.,-82.9999999903754));
#4543=CARTESIAN_POINT('Origin',(-36.743181812881,-536.000000000003,-72.9999999883178));
#4544=CARTESIAN_POINT('Origin',(-22.6999999893747,-497.5,84.5000000079997));
#4545=CARTESIAN_POINT('',(-29.3999999780858,-497.000000000313,85.000000008181));
#4546=CARTESIAN_POINT('',(-28.3999999774121,-498.000000000213,84.0000000079998));
#4547=CARTESIAN_POINT('',(-22.3999999780136,-497.000000000345,85.000000007997));
#4548=CARTESIAN_POINT('',(-29.3999999788747,-497.,85.0000000079997));
#4549=CARTESIAN_POINT('',(-22.3999999777747,-497.000000001025,85.0000000079997));
#4550=CARTESIAN_POINT('Origin',(-22.8999999787497,-497.5,77.0000000079998));
#4551=CARTESIAN_POINT('',(-22.3999999786247,-497.000000000125,78.0000000079998));
#4552=CARTESIAN_POINT('',(-22.3999999777497,-497.,85.0000000079997));
#4553=CARTESIAN_POINT('',(-22.3999999786247,-497.000000000413,78.0000000077123));
#4554=CARTESIAN_POINT('Origin',(-25.1999999893747,-497.5,78.5000000079998));
#4555=CARTESIAN_POINT('',(-29.399999978883,-496.999999999558,78.0000000079998));
#4556=CARTESIAN_POINT('',(-22.3999999786247,-497.,78.0000000079998));
#4557=CARTESIAN_POINT('',(-29.3999999793997,-496.999999999725,78.0000000079998));
#4558=CARTESIAN_POINT('Origin',(-28.8999999787497,-497.5,79.5000000079998));
#4559=CARTESIAN_POINT('',(-29.3999999789372,-497.,78.0000000079998));
#4560=CARTESIAN_POINT('Origin',(-69.9999999529996,-578.000000000009,92.9999999337524));
#4561=CARTESIAN_POINT('',(-74.9999999529996,-577.500000000009,92.9999999350024));
#4562=CARTESIAN_POINT('',(-69.9999999529996,-577.500000000009,92.9999999337524));
#4563=CARTESIAN_POINT('',(-74.9999999529996,-443.500000000009,92.9999999350024));
#4564=CARTESIAN_POINT('',(-74.9999999529996,-443.500000000009,92.9999999350024));
#4565=CARTESIAN_POINT('',(-74.9999999529996,-577.500000000009,92.9999999350024));
#4566=CARTESIAN_POINT('Origin',(-29.7999999794692,-543.5,-12.8786293033914));
#4567=CARTESIAN_POINT('',(-29.7999999969267,-541.,-82.7082039225494));
#4568=CARTESIAN_POINT('Origin',(-21.9999999999998,-510.500000000005,7.99977328824752E-9));
#4569=CARTESIAN_POINT('',(-22.0000000187498,-577.499999999999,-74.9999999920003));
#4570=CARTESIAN_POINT('',(-22.0000000187498,-497.,-74.9999999920004));
#4571=CARTESIAN_POINT('',(-22.0000000188748,-578.000000000004,-75.4999999920053));
#4572=CARTESIAN_POINT('',(-22.0000000224998,-577.499999999999,-89.9999999920002));
#4573=CARTESIAN_POINT('Origin',(-69.9999999986871,-577.749999999999,-89.7499999800004));
#4574=CARTESIAN_POINT('',(-44.9999999986247,-577.999999999999,-89.4999999862503));
#4575=CARTESIAN_POINT('Origin',(-44.9999999987497,-443.000000000001,-89.9999999862504));
#4576=CARTESIAN_POINT('',(-44.9999999994997,-577.500000000001,-92.9999999862497));
#4577=CARTESIAN_POINT('Origin',(-63.7499999994371,-577.75,-92.7499999815619));
#4578=CARTESIAN_POINT('',(-74.9999999993746,-578.000000000004,-92.4999999787444));
#4579=CARTESIAN_POINT('Origin',(-69.9999999530621,-577.750000000004,92.7499999337524));
#4580=CARTESIAN_POINT('',(-74.9999999529996,-577.500000000009,92.9999999350024));
#4581=CARTESIAN_POINT('Origin',(-69.9999999538121,-577.749999999999,89.7500000199996));
#4582=CARTESIAN_POINT('',(-21.9999999781582,-577.499999999999,90.0000000079996));
#4583=CARTESIAN_POINT('',(-21.9999999776248,-578.000000000004,89.5000000079946));
#4584=CARTESIAN_POINT('',(-21.9999999999998,-577.499999999999,90.0000000079996));
#4585=CARTESIAN_POINT('Origin',(-21.9999999999998,-510.500000000005,7.99977328824752E-9));
#4586=CARTESIAN_POINT('',(-21.9999999812498,-577.499999999999,75.0000000079998));
#4587=CARTESIAN_POINT('',(-21.9999999812498,-577.499999999999,75.0000000079998));
#4588=CARTESIAN_POINT('',(-21.9999999774998,-567.00000000001,90.0000000079996));
#4589=CARTESIAN_POINT('',(-21.9999999812498,-577.499999999999,75.0000000079998));
#4590=CARTESIAN_POINT('Origin',(-69.9999999537496,-443.,90.0000000199995));
#4591=CARTESIAN_POINT('Origin',(-37.9999999537496,-572.00000000001,90.0000000119996));
#4592=CARTESIAN_POINT('Origin',(-37.9999999537496,-572.00000000001,90.0000000119996));
#4593=CARTESIAN_POINT('Origin',(-37.9999999557496,-572.00000000001,82.0000000119996));
#4594=CARTESIAN_POINT('Origin',(-38.4999999557496,-571.000000000005,82.0000000121246));
#4595=CARTESIAN_POINT('Origin',(-40.5499999610942,-544.25,60.6213706992957));
#4596=CARTESIAN_POINT('Origin',(-69.9999999537496,-443.,90.0000000199995));
#4597=CARTESIAN_POINT('',(-21.9999999781582,-443.5,90.0000000079996));
#4598=CARTESIAN_POINT('',(-21.9999999774998,-443.5,90.0000000079995));
#4599=CARTESIAN_POINT('',(-69.9999999537496,-443.5,90.0000000199995));
#4600=CARTESIAN_POINT('Origin',(-69.9999999538121,-443.25,89.7500000199995));
#4601=CARTESIAN_POINT('',(-21.9999999774998,-443.5,90.0000000079996));
#4602=CARTESIAN_POINT('Origin',(-69.9999999530621,-443.250000000005,92.7499999337524));
#4603=CARTESIAN_POINT('',(-74.9999999531246,-443.000000000005,92.4999999350067));
#4604=CARTESIAN_POINT('Origin',(-74.9999999942496,-445.,-71.9999999787504));
#4605=CARTESIAN_POINT('',(-74.9999999593746,-445.,67.5000000212498));
#4606=CARTESIAN_POINT('Origin',(-74.9999999588442,-546.499999999999,69.6213707079081));
#4607=CARTESIAN_POINT('',(-74.9999999592155,-450.,68.1363601790819));
#4608=CARTESIAN_POINT('',(-74.9999999949996,-538.,-74.9999999787504));
#4609=CARTESIAN_POINT('Origin',(-74.9999999597496,-450.,66.0000000212498));
#4610=CARTESIAN_POINT('',(-31.9999999597496,-450.,66.0000000104997));
#4611=CARTESIAN_POINT('Origin',(-31.9999999762496,-510.5,1.04997752714553E-8));
#4612=CARTESIAN_POINT('',(-31.9999999949996,-536.,-74.9999999895004));
#4613=CARTESIAN_POINT('Origin',(-50.3249999949371,-536.,-72.9999999849192));
#4614=CARTESIAN_POINT('',(-29.7402324240667,-540.582575694956,-74.9999999900653));
#4615=CARTESIAN_POINT('Origin',(-29.0840909037894,-536.,-72.9999999902294));
#4616=CARTESIAN_POINT('',(-29.7402324240667,-540.582575694956,-74.9999999900653));
#4617=CARTESIAN_POINT('Origin',(-29.7999999969996,-541.,-82.9999999900504));
#4618=CARTESIAN_POINT('',(-29.7999999949996,-541.,-74.9999999900504));
#4619=CARTESIAN_POINT('Origin',(-69.9999999949996,-538.,-74.9999999800004));
#4620=CARTESIAN_POINT('',(-22.0000000187498,-577.499999999999,-74.9999999920004));
#4621=CARTESIAN_POINT('Origin',(-69.9999999950621,-577.749999999999,-75.2499999800004));
#4622=CARTESIAN_POINT('Origin',(-49.9999999574371,-577.749999999999,75.2500000149998));
#4623=CARTESIAN_POINT('',(-29.7999999574996,-577.499999999999,75.0000000099498));
#4624=CARTESIAN_POINT('Origin',(-29.9999999574996,-577.999999999999,75.0000000099998));
#4625=CARTESIAN_POINT('Origin',(-29.9999999574996,-577.999999999999,75.0000000099998));
#4626=CARTESIAN_POINT('',(-21.9999999817985,-497.,75.0000000079998));
#4627=CARTESIAN_POINT('',(-29.7999999574996,-497.,75.0000000099498));
#4628=CARTESIAN_POINT('',(-21.9999999812498,-517.999999999999,75.0000000079998));
#4629=CARTESIAN_POINT('Origin',(-49.9999999574371,-443.25,75.2500000149998));
#4630=CARTESIAN_POINT('',(-21.9999999817985,-443.5,75.0000000079998));
#4631=CARTESIAN_POINT('',(-21.9999999811248,-443.,75.5000000079998));
#4632=CARTESIAN_POINT('',(-21.9999999999998,-443.5,75.0000000079998));
#4633=CARTESIAN_POINT('Origin',(-29.9999999574996,-577.999999999999,75.0000000099998));
#4634=CARTESIAN_POINT('',(-21.9999999817985,-447.,75.0000000079998));
#4635=CARTESIAN_POINT('',(-21.9999999999998,-447.,75.0000000079998));
#4636=CARTESIAN_POINT('',(-21.9999999812498,-447.,75.0000000079998));
#4637=CARTESIAN_POINT('Origin',(-21.9999999999998,-510.500000000005,7.99977328824752E-9));
#4638=CARTESIAN_POINT('',(-21.9999999779998,-497.,88.0000000079997));
#4639=CARTESIAN_POINT('',(-21.9999999812498,-497.,75.0000000079998));
#4640=CARTESIAN_POINT('',(-21.9999999779998,-447.,88.0000000079997));
#4641=CARTESIAN_POINT('',(-21.9999999779998,-497.,88.0000000079997));
#4642=CARTESIAN_POINT('',(-21.9999999779998,-447.,88.0000000079997));
#4643=CARTESIAN_POINT('Origin',(-21.9999999999998,-497.,75.0000000079998));
#4644=CARTESIAN_POINT('',(-30.4999999980137,-497.,88.0000000101248));
#4645=CARTESIAN_POINT('',(-21.9999999967498,-497.,88.0000000079998));
#4646=CARTESIAN_POINT('',(-30.5000000012637,-497.,75.0000000101248));
#4647=CARTESIAN_POINT('',(-29.7999999574996,-497.,75.0000000099498));
#4648=CARTESIAN_POINT('',(-30.5000000016248,-497.,75.0000000101248));
#4649=CARTESIAN_POINT('Origin',(-21.9999999999998,-447.,75.0000000079998));
#4650=CARTESIAN_POINT('',(-30.5000000012637,-447.,75.0000000101248));
#4651=CARTESIAN_POINT('',(-29.7999999574996,-447.,75.0000000099498));
#4652=CARTESIAN_POINT('',(-30.5000000016248,-447.,75.0000000101248));
#4653=CARTESIAN_POINT('Origin',(-21.9999999999998,-447.,88.0000000079998));
#4654=CARTESIAN_POINT('',(-30.4999999987359,-447.,88.0000000101248));
#4655=CARTESIAN_POINT('',(-21.9999999999998,-447.,88.0000000079998));
#4656=CARTESIAN_POINT('',(-30.4999999983748,-447.,88.0000000101248));
#4657=CARTESIAN_POINT('Origin',(-21.9999999999998,-497.,88.0000000079998));
#4658=CARTESIAN_POINT('',(-30.4999999983748,-497.,88.0000000101248));
#4659=CARTESIAN_POINT('Origin',(-30.4999999999998,-472.,81.5000000079998));
#4660=CARTESIAN_POINT('',(-30.4999999997498,-477.000000526328,82.5000000072498));
#4661=CARTESIAN_POINT('Origin',(-30.4999999992498,-477.,84.5000000072498));
#4662=CARTESIAN_POINT('Origin',(-30.4999999992498,-477.,84.5000000072498));
#4663=CARTESIAN_POINT('',(-30.4999999997498,-477.000000526328,82.5000000072498));
#4664=CARTESIAN_POINT('Origin',(-29.9999999597496,-448.,66.0000000099998));
#4665=CARTESIAN_POINT('',(-32.7999999597496,-445.1,66.0000000106998));
#4666=CARTESIAN_POINT('',(-74.9999999597496,-445.1,66.0000000212498));
#4667=CARTESIAN_POINT('',(-29.9999999597496,-445.1,66.0000000099998));
#4668=CARTESIAN_POINT('',(-32.7999999597496,-446.988439941406,66.0000000106998));
#4669=CARTESIAN_POINT('',(-32.7999999597496,-448.,66.0000000106998));
#4670=CARTESIAN_POINT('',(-74.9999999597496,-446.988439941406,66.0000000212498));
#4671=CARTESIAN_POINT('',(-53.8999999597496,-446.988439941406,66.0000000159748));
#4672=CARTESIAN_POINT('',(-74.9999999597546,-448.,66.0000000212498));
#4673=CARTESIAN_POINT('',(-74.9999999597496,-448.,66.0000000212498));
#4674=CARTESIAN_POINT('',(-29.7999999597496,-448.,66.0000000099498));
#4675=CARTESIAN_POINT('',(-52.399999959752,-448.,66.0000000155998));
#4676=CARTESIAN_POINT('',(-29.7999999597496,-443.,66.0000000099497));
#4677=CARTESIAN_POINT('',(-29.7999999597496,-446.999999999966,66.0000000099498));
#4678=CARTESIAN_POINT('',(-74.9999999597496,-442.999999999952,66.0000000212498));
#4679=CARTESIAN_POINT('',(-49.9999999597521,-443.,66.0000000149998));
#4680=CARTESIAN_POINT('',(-74.9999999597496,-448.,66.0000000212498));
#4681=CARTESIAN_POINT('Origin',(-74.9999999942496,-445.1,-71.9999999787504));
#4682=CARTESIAN_POINT('',(-74.9999999590246,-445.1,68.9000000212498));
#4683=CARTESIAN_POINT('',(-74.9999999942496,-445.1,-71.9999999787504));
#4684=CARTESIAN_POINT('',(-32.7999999590246,-445.1,68.9000000106998));
#4685=CARTESIAN_POINT('',(-74.9999999590246,-445.1,68.9000000212498));
#4686=CARTESIAN_POINT('',(-32.7999999942496,-445.1,-71.9999999893004));
#4687=CARTESIAN_POINT('Origin',(-74.9999999590246,-445.,68.9000000212498));
#4688=CARTESIAN_POINT('',(-32.7999999590246,-446.988439941406,68.9000000106998));
#4689=CARTESIAN_POINT('',(-74.9999999590246,-446.988439941406,68.9000000212498));
#4690=CARTESIAN_POINT('',(-74.9999999590246,-446.988439941406,68.9000000212498));
#4691=CARTESIAN_POINT('',(-32.7999999590246,-445.,68.9000000106998));
#4692=CARTESIAN_POINT('',(-74.9999999590246,-445.,68.9000000212498));
#4693=CARTESIAN_POINT('Origin',(-74.9999999942496,-445.1,-71.9999999787504));
#4694=CARTESIAN_POINT('',(-32.7999999942496,-445.1,-71.9999999893004));
#4695=CARTESIAN_POINT('',(-74.9999999942496,-445.1,-71.9999999787504));
#4696=CARTESIAN_POINT('',(-74.9999999942496,-445.1,-71.9999999787504));
#4697=CARTESIAN_POINT('',(-32.7999999949746,-445.1,-74.8999999893004));
#4698=CARTESIAN_POINT('',(-32.7999999942496,-445.1,-71.9999999893004));
#4699=CARTESIAN_POINT('',(-74.9999999949746,-445.1,-74.8999999787504));
#4700=CARTESIAN_POINT('',(-74.9999999949746,-445.1,-74.8999999787504));
#4701=CARTESIAN_POINT('',(-74.9999999942496,-445.1,-71.9999999787504));
#4702=CARTESIAN_POINT('Origin',(-74.9999999942496,-438.,-71.9999999787504));
#4703=CARTESIAN_POINT('',(-29.7999999942496,-442.999999999932,-71.9999999900504));
#4704=CARTESIAN_POINT('',(-29.7999999942496,-448.,-71.9999999900504));
#4705=CARTESIAN_POINT('',(-29.7999999942496,-450.,-71.9999999900504));
#4706=CARTESIAN_POINT('',(-74.9999999942496,-448.,-71.9999999787504));
#4707=CARTESIAN_POINT('',(-52.3999999942521,-448.,-71.9999999844004));
#4708=CARTESIAN_POINT('',(-74.9999999942496,-446.988439941406,-71.9999999787504));
#4709=CARTESIAN_POINT('',(-74.9999999942496,-445.499999999976,-71.9999999787504));
#4710=CARTESIAN_POINT('',(-32.7999999942496,-446.988439941406,-71.9999999893004));
#4711=CARTESIAN_POINT('',(-74.9999999942496,-446.988439941406,-71.9999999787504));
#4712=CARTESIAN_POINT('',(-32.7999999942496,-438.,-71.9999999893004));
#4713=CARTESIAN_POINT('',(-74.9999999942546,-443.,-71.9999999787504));
#4714=CARTESIAN_POINT('',(-74.9999999942496,-445.499999999976,-71.9999999787504));
#4715=CARTESIAN_POINT('',(-49.9999999942521,-443.,-71.9999999850004));
#4716=CARTESIAN_POINT('Origin',(-74.9999999588442,-546.499999999999,69.6213707079081));
#4717=CARTESIAN_POINT('',(-74.9999999942496,-448.,-71.9999999787504));
#4718=CARTESIAN_POINT('',(-74.9999999588442,-446.988439941406,69.6213707079081));
#4719=CARTESIAN_POINT('',(-74.9999999597496,-443.000000000009,66.0000000212498));
#4720=CARTESIAN_POINT('',(-74.9999999949746,-446.988439941406,-74.8999999787504));
#4721=CARTESIAN_POINT('',(-74.9999999949746,-446.044219970703,-74.8999999787504));
#4722=CARTESIAN_POINT('',(-74.9999999588442,-446.988439941406,69.6213707079081));
#4723=CARTESIAN_POINT('Origin',(-69.9999999987496,-443.,-89.9999999800004));
#4724=CARTESIAN_POINT('',(-29.7999999942496,-443.,-71.9999999900505));
#4725=CARTESIAN_POINT('Origin',(-29.7999999762496,-510.5,9.94978677226755E-9));
#4726=CARTESIAN_POINT('',(-29.7999999597496,-448.,66.0000000099498));
#4727=CARTESIAN_POINT('Origin',(-74.9999999949746,-445.,-74.8999999787504));
#4728=CARTESIAN_POINT('',(-32.7999999949746,-446.988439941406,-74.8999999893004));
#4729=CARTESIAN_POINT('',(-32.7999999949746,-445.,-74.8999999893004));
#4730=CARTESIAN_POINT('',(-74.9999999949746,-446.988439941406,-74.8999999787504));
#4731=CARTESIAN_POINT('Origin',(-74.9999999949996,-448.,-74.9999999787504));
#4732=CARTESIAN_POINT('Origin',(-74.9999999586814,-446.988439941406,70.2727203369141));
#4733=CARTESIAN_POINT('',(-32.7999999586814,-446.988439941406,70.2727203263641));
#4734=CARTESIAN_POINT('Origin',(-32.7999999762496,-510.5,1.06997873339232E-8));
#4735=CARTESIAN_POINT('Origin',(-32.7999999762496,-510.5,1.06997873339232E-8));
#4736=CARTESIAN_POINT('',(-32.7999999762496,-446.988439941406,1.06997652307301E-8));
#4737=CARTESIAN_POINT('Origin',(-74.9999999586814,-446.988439941406,70.2727203369141));
#4738=UNCERTAINTY_MEASURE_WITH_UNIT(LENGTH_MEASURE(0.01),#4742,
'DISTANCE_ACCURACY_VALUE',
'Maximum model space distance between geometric entities at asserted c
onnectivities');
#4739=UNCERTAINTY_MEASURE_WITH_UNIT(LENGTH_MEASURE(0.01),#4742,
'DISTANCE_ACCURACY_VALUE',
'Maximum model space distance between geometric entities at asserted c
onnectivities');
#4740=(
GEOMETRIC_REPRESENTATION_CONTEXT(3)
GLOBAL_UNCERTAINTY_ASSIGNED_CONTEXT((#4738))
GLOBAL_UNIT_ASSIGNED_CONTEXT((#4742,#4744,#4745))
REPRESENTATION_CONTEXT('','3D')
);
#4741=(
GEOMETRIC_REPRESENTATION_CONTEXT(3)
GLOBAL_UNCERTAINTY_ASSIGNED_CONTEXT((#4739))
GLOBAL_UNIT_ASSIGNED_CONTEXT((#4742,#4744,#4745))
REPRESENTATION_CONTEXT('','3D')
);
#4742=(
LENGTH_UNIT()
NAMED_UNIT(*)
SI_UNIT(.MILLI.,.METRE.)
);
#4743=(
LENGTH_UNIT()
NAMED_UNIT(*)
SI_UNIT(.CENTI.,.METRE.)
);
#4744=(
NAMED_UNIT(*)
PLANE_ANGLE_UNIT()
SI_UNIT($,.RADIAN.)
);
#4745=(
NAMED_UNIT(*)
SI_UNIT($,.STERADIAN.)
SOLID_ANGLE_UNIT()
);
#4746=SHAPE_DEFINITION_REPRESENTATION(#4747,#4748);
#4747=PRODUCT_DEFINITION_SHAPE('',$,#4750);
#4748=SHAPE_REPRESENTATION('',(#2942),#4740);
#4749=PRODUCT_DEFINITION_CONTEXT('part definition',#4754,'design');
#4750=PRODUCT_DEFINITION('Kameraturm_Base','Kameraturm_Base',#4751,#4749);
#4751=PRODUCT_DEFINITION_FORMATION('',$,#4756);
#4752=PRODUCT_RELATED_PRODUCT_CATEGORY('Kameraturm_Base',
'Kameraturm_Base',(#4756));
#4753=APPLICATION_PROTOCOL_DEFINITION('international standard',
'automotive_design',2009,#4754);
#4754=APPLICATION_CONTEXT(
'Core Data for Automotive Mechanical Design Process');
#4755=PRODUCT_CONTEXT('part definition',#4754,'mechanical');
#4756=PRODUCT('Kameraturm_Base','Kameraturm_Base',$,(#4755));
#4757=PRESENTATION_STYLE_ASSIGNMENT((#4759));
#4758=PRESENTATION_STYLE_ASSIGNMENT((#4760));
#4759=SURFACE_STYLE_USAGE(.BOTH.,#4765);
#4760=SURFACE_STYLE_USAGE(.BOTH.,#4766);
#4761=SURFACE_STYLE_RENDERING_WITH_PROPERTIES($,#4773,(#4763));
#4762=SURFACE_STYLE_RENDERING_WITH_PROPERTIES($,#4774,(#4764));
#4763=SURFACE_STYLE_TRANSPARENT(0.);
#4764=SURFACE_STYLE_TRANSPARENT(0.);
#4765=SURFACE_SIDE_STYLE('',(#4767,#4761));
#4766=SURFACE_SIDE_STYLE('',(#4768,#4762));
#4767=SURFACE_STYLE_FILL_AREA(#4769);
#4768=SURFACE_STYLE_FILL_AREA(#4770);
#4769=FILL_AREA_STYLE('',(#4771));
#4770=FILL_AREA_STYLE('',(#4772));
#4771=FILL_AREA_STYLE_COLOUR('',#4773);
#4772=FILL_AREA_STYLE_COLOUR('',#4774);
#4773=COLOUR_RGB('',0.749019607843137,0.749019607843137,0.749019607843137);
#4774=COLOUR_RGB('',0.823529411764706,0.823529411764706,1.);
ENDSEC;
END-ISO-10303-21;
