ISO-10303-21;
HEADER;
/* Generated by software containing ST-Developer
 * from STEP Tools, Inc. (www.steptools.com) 
 */

FILE_DESCRIPTION(
/* description */ (''),
/* implementation_level */ '2;1');

FILE_NAME(
/* name */ 'Konus_Einlernplatte.stp',
/* time_stamp */ '2026-03-07T10:59:51+01:00',
/* author */ ('neume'),
/* organization */ (''),
/* preprocessor_version */ 'ST-DEVELOPER v20.1',
/* originating_system */ 'Autodesk Inventor 2026',
/* authorisation */ '');

FILE_SCHEMA (('AUTOMOTIVE_DESIGN { 1 0 10303 214 3 1 1 }'));
ENDSEC;

DATA;
#10=MECHANICAL_DESIGN_GEOMETRIC_PRESENTATION_REPRESENTATION('',(#13),#1885);
#11=SHAPE_REPRESENTATION_RELATIONSHIP('SRR','None',#1892,#12);
#12=ADVANCED_BREP_SHAPE_REPRESENTATION('',(#14),#1884);
#13=STYLED_ITEM('',(#1902),#14);
#14=MANIFOLD_SOLID_BREP('Volumenk\X\F6rper1',#720);
#15=B_SPLINE_SURFACE_WITH_KNOTS('',5,5,((#1126,#1127,#1128,#1129,#1130,
#1131,#1132),(#1133,#1134,#1135,#1136,#1137,#1138,#1139),(#1140,#1141,#1142,
#1143,#1144,#1145,#1146),(#1147,#1148,#1149,#1150,#1151,#1152,#1153),(#1154,
#1155,#1156,#1157,#1158,#1159,#1160),(#1161,#1162,#1163,#1164,#1165,#1166,
#1167)),.UNSPECIFIED.,.F.,.F.,.F.,(6,6),(6,1,6),(2.83216870292697,5.73939705782066),
(0.,0.272727272727273,1.),.UNSPECIFIED.);
#16=B_SPLINE_SURFACE_WITH_KNOTS('',5,5,((#1228,#1229,#1230,#1231,#1232,
#1233,#1234),(#1235,#1236,#1237,#1238,#1239,#1240,#1241),(#1242,#1243,#1244,
#1245,#1246,#1247,#1248),(#1249,#1250,#1251,#1252,#1253,#1254,#1255),(#1256,
#1257,#1258,#1259,#1260,#1261,#1262),(#1263,#1264,#1265,#1266,#1267,#1268,
#1269)),.UNSPECIFIED.,.F.,.F.,.F.,(6,6),(6,1,6),(4.1734093961874,7.08063752895645),
(0.,0.272727272727273,1.),.UNSPECIFIED.);
#17=B_SPLINE_SURFACE_WITH_KNOTS('',5,5,((#1329,#1330,#1331,#1332,#1333,
#1334,#1335,#1336,#1337,#1338,#1339,#1340),(#1341,#1342,#1343,#1344,#1345,
#1346,#1347,#1348,#1349,#1350,#1351,#1352),(#1353,#1354,#1355,#1356,#1357,
#1358,#1359,#1360,#1361,#1362,#1363,#1364),(#1365,#1366,#1367,#1368,#1369,
#1370,#1371,#1372,#1373,#1374,#1375,#1376),(#1377,#1378,#1379,#1380,#1381,
#1382,#1383,#1384,#1385,#1386,#1387,#1388),(#1389,#1390,#1391,#1392,#1393,
#1394,#1395,#1396,#1397,#1398,#1399,#1400),(#1401,#1402,#1403,#1404,#1405,
#1406,#1407,#1408,#1409,#1410,#1411,#1412),(#1413,#1414,#1415,#1416,#1417,
#1418,#1419,#1420,#1421,#1422,#1423,#1424),(#1425,#1426,#1427,#1428,#1429,
#1430,#1431,#1432,#1433,#1434,#1435,#1436),(#1437,#1438,#1439,#1440,#1441,
#1442,#1443,#1444,#1445,#1446,#1447,#1448),(#1449,#1450,#1451,#1452,#1453,
#1454,#1455,#1456,#1457,#1458,#1459,#1460),(#1461,#1462,#1463,#1464,#1465,
#1466,#1467,#1468,#1469,#1470,#1471,#1472),(#1473,#1474,#1475,#1476,#1477,
#1478,#1479,#1480,#1481,#1482,#1483,#1484),(#1485,#1486,#1487,#1488,#1489,
#1490,#1491,#1492,#1493,#1494,#1495,#1496),(#1497,#1498,#1499,#1500,#1501,
#1502,#1503,#1504,#1505,#1506,#1507,#1508),(#1509,#1510,#1511,#1512,#1513,
#1514,#1515,#1516,#1517,#1518,#1519,#1520),(#1521,#1522,#1523,#1524,#1525,
#1526,#1527,#1528,#1529,#1530,#1531,#1532),(#1533,#1534,#1535,#1536,#1537,
#1538,#1539,#1540,#1541,#1542,#1543,#1544)),.UNSPECIFIED.,.F.,.F.,.F.,(6,
3,3,3,3,6),(6,3,3,6),(-0.956497284315617,-0.222790609021066,-0.0589918919648996,
0.1786462574733,0.297205322077135,0.91479142866067),(-0.75064227346318,
-0.453095450125103,-0.0544715104272754,0.732541635795169),.UNSPECIFIED.);
#18=B_SPLINE_SURFACE_WITH_KNOTS('',5,5,((#1580,#1581,#1582,#1583,#1584,
#1585,#1586,#1587,#1588,#1589,#1590,#1591),(#1592,#1593,#1594,#1595,#1596,
#1597,#1598,#1599,#1600,#1601,#1602,#1603),(#1604,#1605,#1606,#1607,#1608,
#1609,#1610,#1611,#1612,#1613,#1614,#1615),(#1616,#1617,#1618,#1619,#1620,
#1621,#1622,#1623,#1624,#1625,#1626,#1627),(#1628,#1629,#1630,#1631,#1632,
#1633,#1634,#1635,#1636,#1637,#1638,#1639),(#1640,#1641,#1642,#1643,#1644,
#1645,#1646,#1647,#1648,#1649,#1650,#1651),(#1652,#1653,#1654,#1655,#1656,
#1657,#1658,#1659,#1660,#1661,#1662,#1663),(#1664,#1665,#1666,#1667,#1668,
#1669,#1670,#1671,#1672,#1673,#1674,#1675),(#1676,#1677,#1678,#1679,#1680,
#1681,#1682,#1683,#1684,#1685,#1686,#1687),(#1688,#1689,#1690,#1691,#1692,
#1693,#1694,#1695,#1696,#1697,#1698,#1699),(#1700,#1701,#1702,#1703,#1704,
#1705,#1706,#1707,#1708,#1709,#1710,#1711),(#1712,#1713,#1714,#1715,#1716,
#1717,#1718,#1719,#1720,#1721,#1722,#1723),(#1724,#1725,#1726,#1727,#1728,
#1729,#1730,#1731,#1732,#1733,#1734,#1735),(#1736,#1737,#1738,#1739,#1740,
#1741,#1742,#1743,#1744,#1745,#1746,#1747),(#1748,#1749,#1750,#1751,#1752,
#1753,#1754,#1755,#1756,#1757,#1758,#1759),(#1760,#1761,#1762,#1763,#1764,
#1765,#1766,#1767,#1768,#1769,#1770,#1771),(#1772,#1773,#1774,#1775,#1776,
#1777,#1778,#1779,#1780,#1781,#1782,#1783),(#1784,#1785,#1786,#1787,#1788,
#1789,#1790,#1791,#1792,#1793,#1794,#1795)),.UNSPECIFIED.,.F.,.F.,.F.,(6,
3,3,3,3,6),(6,3,3,6),(-0.956491432627291,-0.222785554120112,-0.0589869969806047,
0.17865092045151,0.29720986930615,0.914773124202027),(-0.732545774824114,
0.0559742308679639,0.454597878763891,0.750618131618171),.UNSPECIFIED.);
#19=CONICAL_SURFACE('',#771,1000.,0.78539816339745);
#20=CONICAL_SURFACE('',#779,1000.,0.78539816339745);
#21=CONICAL_SURFACE('',#782,1000.,0.785398163397452);
#22=CONICAL_SURFACE('',#785,1000.,0.785398163397452);
#23=CONICAL_SURFACE('',#791,15.05,0.0349065850398866);
#24=CONICAL_SURFACE('',#796,1000.,0.820304748437336);
#25=CONICAL_SURFACE('',#797,1000.,0.820304748437336);
#26=CONICAL_SURFACE('',#798,1000.,0.820304748437336);
#27=CYLINDRICAL_SURFACE('',#757,4.);
#28=CYLINDRICAL_SURFACE('',#762,4.);
#29=CYLINDRICAL_SURFACE('',#765,4.);
#30=CYLINDRICAL_SURFACE('',#768,4.);
#31=CIRCLE('',#747,15.1198415389835);
#32=CIRCLE('',#752,4.);
#33=CIRCLE('',#753,4.);
#34=CIRCLE('',#754,4.);
#35=CIRCLE('',#755,4.);
#36=CIRCLE('',#758,4.);
#37=CIRCLE('',#760,6861.00389848612);
#38=CIRCLE('',#761,6861.00249097977);
#39=CIRCLE('',#763,4.);
#40=CIRCLE('',#766,4.);
#41=CIRCLE('',#769,4.);
#42=CIRCLE('',#772,3.);
#43=CIRCLE('',#774,7749.37669775335);
#44=CIRCLE('',#776,15.05);
#45=CIRCLE('',#777,7749.37467541658);
#46=CIRCLE('',#780,3.);
#47=CIRCLE('',#783,3.);
#48=CIRCLE('',#786,3.);
#49=CIRCLE('',#788,16.1915782637537);
#50=CIRCLE('',#789,16.1915782637537);
#51=CIRCLE('',#790,16.1915782637537);
#52=CIRCLE('',#792,15.1198628117727);
#53=CIRCLE('',#793,15.1198628117727);
#54=CIRCLE('',#794,15.1198415389835);
#55=CIRCLE('',#795,15.1198628117727);
#56=B_SPLINE_CURVE_WITH_KNOTS('',5,(#1016,#1017,#1018,#1019,#1020,#1021),
 .UNSPECIFIED.,.F.,.F.,(6,6),(0.,2.17728294131328),.UNSPECIFIED.);
#57=B_SPLINE_CURVE_WITH_KNOTS('',5,(#1047,#1048,#1049,#1050,#1051,#1052),
 .UNSPECIFIED.,.F.,.F.,(6,6),(0.,2.17728294131325),.UNSPECIFIED.);
#58=B_SPLINE_CURVE_WITH_KNOTS('',3,(#1171,#1172,#1173,#1174,#1175,#1176,
#1177,#1178,#1179,#1180,#1181,#1182,#1183,#1184,#1185,#1186,#1187,#1188),
 .UNSPECIFIED.,.F.,.F.,(4,2,2,2,2,2,2,2,4),(-0.242702569700033,-0.221020991385196,
-0.199328341933364,-0.160398935558551,-0.121276781764662,-0.0821648711735643,
-0.0430313811245803,-0.0215158069132552,0.),.UNSPECIFIED.);
#59=B_SPLINE_CURVE_WITH_KNOTS('',3,(#1189,#1190,#1191,#1192,#1193,#1194,
#1195,#1196,#1197,#1198,#1199,#1200,#1201,#1202,#1203,#1204,#1205,#1206),
 .UNSPECIFIED.,.F.,.F.,(4,2,2,2,2,2,2,2,4),(-0.24169579158623,-0.218622132655814,
-0.199216349296198,-0.160188831903765,-0.121161818951616,-0.0821402906827106,
-0.0433337443552355,-0.00434363857025008,0.),.UNSPECIFIED.);
#60=B_SPLINE_CURVE_WITH_KNOTS('',3,(#1209,#1210,#1211,#1212,#1213,#1214,
#1215,#1216,#1217,#1218,#1219,#1220,#1221,#1222,#1223,#1224,#1225,#1226),
 .UNSPECIFIED.,.F.,.F.,(4,2,2,2,2,2,2,2,4),(0.,0.0216758758202013,0.0433628198652341,
0.0822819874015767,0.121393851661894,0.160495475414224,0.199618672949177,
0.221128588353768,0.242638736399189),.UNSPECIFIED.);
#61=B_SPLINE_CURVE_WITH_KNOTS('',3,(#1272,#1273,#1274,#1275,#1276,#1277,
#1278,#1279,#1280,#1281,#1282,#1283,#1284,#1285,#1286,#1287,#1288,#1289),
 .UNSPECIFIED.,.F.,.F.,(4,2,2,2,2,2,2,2,4),(-0.241611586348502,-0.237272441914855,
-0.198296179266719,-0.15950288811508,-0.120494649109279,-0.0814810096342934,
-0.0424674683773649,-0.0230687483055413,0.),.UNSPECIFIED.);
#62=B_SPLINE_CURVE_WITH_KNOTS('',3,(#1545,#1546,#1547,#1548,#1549,#1550,
#1551,#1552,#1553,#1554,#1555,#1556,#1557,#1558,#1559,#1560,#1561,#1562,
#1563,#1564,#1565,#1566,#1567,#1568,#1569,#1570,#1571,#1572),
 .UNSPECIFIED.,.F.,.F.,(4,3,3,3,3,3,3,3,3,4),(5.19884950164672E-5,0.506302287728974,
0.596848002519966,1.01255259072038,1.51880289371178,1.71170265978015,1.82602842898006,
2.02505319670319,2.23279381671482,2.5313034996946),.UNSPECIFIED.);
#63=B_SPLINE_CURVE_WITH_KNOTS('',3,(#1796,#1797,#1798,#1799,#1800,#1801,
#1802,#1803,#1804,#1805,#1806,#1807,#1808,#1809,#1810,#1811,#1812,#1813,
#1814,#1815,#1816,#1817,#1818,#1819,#1820,#1821,#1822,#1823),
 .UNSPECIFIED.,.F.,.F.,(4,3,3,3,3,3,3,3,3,4),(5.21681756648055E-5,0.506302527413949,
0.601016330490909,1.01255293215344,1.51880333689293,1.71588690195678,1.82599487874386,
2.02505374163242,2.23275274754026,2.53130414637191),.UNSPECIFIED.);
#64=B_SPLINE_CURVE_WITH_KNOTS('',3,(#1826,#1827,#1828,#1829,#1830,#1831,
#1832,#1833,#1834,#1835,#1836,#1837,#1838,#1839,#1840,#1841),
 .UNSPECIFIED.,.F.,.F.,(4,3,3,3,3,4),(0.,0.435456588268771,0.870913176537542,
1.30636976480631,1.74182635307508,2.17728294134386),.UNSPECIFIED.);
#65=B_SPLINE_CURVE_WITH_KNOTS('',3,(#1843,#1844,#1845,#1846,#1847,#1848,
#1849,#1850,#1851,#1852,#1853,#1854,#1855,#1856,#1857,#1858),
 .UNSPECIFIED.,.F.,.F.,(4,3,3,3,3,4),(0.,0.435456588268755,0.87091317653751,
1.30636976480627,1.74182635307502,2.17728294134378),.UNSPECIFIED.);
#66=FACE_OUTER_BOUND('',#108,.T.);
#67=FACE_OUTER_BOUND('',#109,.T.);
#68=FACE_OUTER_BOUND('',#110,.T.);
#69=FACE_OUTER_BOUND('',#111,.T.);
#70=FACE_OUTER_BOUND('',#112,.T.);
#71=FACE_OUTER_BOUND('',#113,.T.);
#72=FACE_OUTER_BOUND('',#114,.T.);
#73=FACE_OUTER_BOUND('',#115,.T.);
#74=FACE_OUTER_BOUND('',#116,.T.);
#75=FACE_OUTER_BOUND('',#117,.T.);
#76=FACE_OUTER_BOUND('',#118,.T.);
#77=FACE_OUTER_BOUND('',#119,.T.);
#78=FACE_OUTER_BOUND('',#120,.T.);
#79=FACE_OUTER_BOUND('',#121,.T.);
#80=FACE_OUTER_BOUND('',#122,.T.);
#81=FACE_OUTER_BOUND('',#123,.T.);
#82=FACE_OUTER_BOUND('',#124,.T.);
#83=FACE_OUTER_BOUND('',#125,.T.);
#84=FACE_OUTER_BOUND('',#126,.T.);
#85=FACE_OUTER_BOUND('',#127,.T.);
#86=FACE_OUTER_BOUND('',#128,.T.);
#87=FACE_OUTER_BOUND('',#129,.T.);
#88=FACE_OUTER_BOUND('',#130,.T.);
#89=FACE_OUTER_BOUND('',#131,.T.);
#90=FACE_OUTER_BOUND('',#132,.T.);
#91=FACE_OUTER_BOUND('',#133,.T.);
#92=FACE_OUTER_BOUND('',#134,.T.);
#93=FACE_OUTER_BOUND('',#135,.T.);
#94=FACE_OUTER_BOUND('',#136,.T.);
#95=FACE_OUTER_BOUND('',#137,.T.);
#96=FACE_OUTER_BOUND('',#138,.T.);
#97=FACE_OUTER_BOUND('',#139,.T.);
#98=FACE_OUTER_BOUND('',#140,.T.);
#99=FACE_OUTER_BOUND('',#141,.T.);
#100=FACE_OUTER_BOUND('',#142,.T.);
#101=FACE_OUTER_BOUND('',#143,.T.);
#102=FACE_OUTER_BOUND('',#144,.T.);
#103=FACE_OUTER_BOUND('',#145,.T.);
#104=FACE_OUTER_BOUND('',#146,.T.);
#105=FACE_OUTER_BOUND('',#147,.T.);
#106=FACE_OUTER_BOUND('',#148,.T.);
#107=FACE_OUTER_BOUND('',#149,.T.);
#108=EDGE_LOOP('',(#448,#449,#450,#451));
#109=EDGE_LOOP('',(#452,#453,#454,#455));
#110=EDGE_LOOP('',(#456,#457,#458,#459));
#111=EDGE_LOOP('',(#460,#461,#462,#463,#464,#465,#466));
#112=EDGE_LOOP('',(#467,#468,#469,#470));
#113=EDGE_LOOP('',(#471,#472,#473,#474));
#114=EDGE_LOOP('',(#475,#476,#477,#478));
#115=EDGE_LOOP('',(#479,#480,#481,#482,#483,#484,#485,#486));
#116=EDGE_LOOP('',(#487,#488,#489,#490));
#117=EDGE_LOOP('',(#491,#492,#493,#494));
#118=EDGE_LOOP('',(#495,#496,#497,#498,#499,#500,#501,#502));
#119=EDGE_LOOP('',(#503,#504,#505,#506));
#120=EDGE_LOOP('',(#507,#508,#509,#510));
#121=EDGE_LOOP('',(#511,#512,#513,#514));
#122=EDGE_LOOP('',(#515,#516,#517,#518));
#123=EDGE_LOOP('',(#519,#520,#521,#522));
#124=EDGE_LOOP('',(#523,#524,#525,#526));
#125=EDGE_LOOP('',(#527,#528,#529,#530));
#126=EDGE_LOOP('',(#531,#532,#533,#534));
#127=EDGE_LOOP('',(#535,#536,#537,#538));
#128=EDGE_LOOP('',(#539,#540,#541,#542));
#129=EDGE_LOOP('',(#543,#544,#545,#546));
#130=EDGE_LOOP('',(#547,#548,#549,#550));
#131=EDGE_LOOP('',(#551,#552,#553,#554));
#132=EDGE_LOOP('',(#555,#556,#557,#558));
#133=EDGE_LOOP('',(#559,#560,#561,#562));
#134=EDGE_LOOP('',(#563,#564,#565,#566));
#135=EDGE_LOOP('',(#567,#568,#569,#570));
#136=EDGE_LOOP('',(#571,#572,#573,#574,#575,#576,#577,#578,#579,#580,#581,
#582,#583,#584,#585,#586,#587,#588,#589,#590,#591,#592,#593,#594));
#137=EDGE_LOOP('',(#595,#596,#597));
#138=EDGE_LOOP('',(#598,#599,#600,#601,#602,#603,#604,#605));
#139=EDGE_LOOP('',(#606,#607,#608));
#140=EDGE_LOOP('',(#609,#610,#611,#612));
#141=EDGE_LOOP('',(#613,#614,#615,#616));
#142=EDGE_LOOP('',(#617,#618,#619,#620));
#143=EDGE_LOOP('',(#621,#622,#623,#624));
#144=EDGE_LOOP('',(#625,#626,#627,#628));
#145=EDGE_LOOP('',(#629,#630,#631,#632));
#146=EDGE_LOOP('',(#633,#634,#635,#636));
#147=EDGE_LOOP('',(#637,#638,#639,#640));
#148=EDGE_LOOP('',(#641,#642,#643,#644,#645,#646,#647));
#149=EDGE_LOOP('',(#648,#649,#650,#651));
#150=LINE('',#1005,#217);
#151=LINE('',#1007,#218);
#152=LINE('',#1009,#219);
#153=LINE('',#1010,#220);
#154=LINE('',#1013,#221);
#155=LINE('',#1015,#222);
#156=LINE('',#1024,#223);
#157=LINE('',#1026,#224);
#158=LINE('',#1027,#225);
#159=LINE('',#1030,#226);
#160=LINE('',#1032,#227);
#161=LINE('',#1034,#228);
#162=LINE('',#1038,#229);
#163=LINE('',#1039,#230);
#164=LINE('',#1042,#231);
#165=LINE('',#1043,#232);
#166=LINE('',#1046,#233);
#167=LINE('',#1056,#234);
#168=LINE('',#1060,#235);
#169=LINE('',#1064,#236);
#170=LINE('',#1068,#237);
#171=LINE('',#1072,#238);
#172=LINE('',#1074,#239);
#173=LINE('',#1075,#240);
#174=LINE('',#1078,#241);
#175=LINE('',#1083,#242);
#176=LINE('',#1087,#243);
#177=LINE('',#1090,#244);
#178=LINE('',#1091,#245);
#179=LINE('',#1094,#246);
#180=LINE('',#1098,#247);
#181=LINE('',#1099,#248);
#182=LINE('',#1102,#249);
#183=LINE('',#1106,#250);
#184=LINE('',#1107,#251);
#185=LINE('',#1112,#252);
#186=LINE('',#1114,#253);
#187=LINE('',#1115,#254);
#188=LINE('',#1118,#255);
#189=LINE('',#1122,#256);
#190=LINE('',#1124,#257);
#191=LINE('',#1125,#258);
#192=LINE('',#1292,#259);
#193=LINE('',#1293,#260);
#194=LINE('',#1296,#261);
#195=LINE('',#1300,#262);
#196=LINE('',#1301,#263);
#197=LINE('',#1304,#264);
#198=LINE('',#1308,#265);
#199=LINE('',#1309,#266);
#200=LINE('',#1319,#267);
#201=LINE('',#1321,#268);
#202=LINE('',#1323,#269);
#203=LINE('',#1325,#270);
#204=LINE('',#1327,#271);
#205=LINE('',#1328,#272);
#206=LINE('',#1861,#273);
#207=LINE('',#1863,#274);
#208=LINE('',#1864,#275);
#209=LINE('',#1867,#276);
#210=LINE('',#1869,#277);
#211=LINE('',#1870,#278);
#212=LINE('',#1873,#279);
#213=LINE('',#1874,#280);
#214=LINE('',#1876,#281);
#215=LINE('',#1878,#282);
#216=LINE('',#1880,#283);
#217=VECTOR('',#810,1.);
#218=VECTOR('',#811,1.);
#219=VECTOR('',#812,1.);
#220=VECTOR('',#813,1.);
#221=VECTOR('',#816,1.);
#222=VECTOR('',#817,1.);
#223=VECTOR('',#820,1.);
#224=VECTOR('',#821,1.);
#225=VECTOR('',#822,1.);
#226=VECTOR('',#825,1.);
#227=VECTOR('',#826,1.);
#228=VECTOR('',#827,1.);
#229=VECTOR('',#832,1.);
#230=VECTOR('',#833,1.);
#231=VECTOR('',#836,1.);
#232=VECTOR('',#837,1.);
#233=VECTOR('',#840,1.);
#234=VECTOR('',#843,1.);
#235=VECTOR('',#846,1.);
#236=VECTOR('',#849,1.);
#237=VECTOR('',#852,1.);
#238=VECTOR('',#857,1.);
#239=VECTOR('',#858,1.);
#240=VECTOR('',#859,1.);
#241=VECTOR('',#862,1.);
#242=VECTOR('',#867,1.);
#243=VECTOR('',#870,1.);
#244=VECTOR('',#873,1.);
#245=VECTOR('',#874,1.);
#246=VECTOR('',#877,1.);
#247=VECTOR('',#882,1.);
#248=VECTOR('',#883,1.);
#249=VECTOR('',#886,1.);
#250=VECTOR('',#891,1.);
#251=VECTOR('',#892,1.);
#252=VECTOR('',#899,1.);
#253=VECTOR('',#900,1.);
#254=VECTOR('',#901,1.);
#255=VECTOR('',#904,1.);
#256=VECTOR('',#909,1.);
#257=VECTOR('',#910,1.);
#258=VECTOR('',#911,1.);
#259=VECTOR('',#922,1.);
#260=VECTOR('',#923,1.);
#261=VECTOR('',#926,1.);
#262=VECTOR('',#931,1.);
#263=VECTOR('',#932,1.);
#264=VECTOR('',#935,1.);
#265=VECTOR('',#940,1.);
#266=VECTOR('',#941,1.);
#267=VECTOR('',#954,1.);
#268=VECTOR('',#955,1.);
#269=VECTOR('',#956,1.);
#270=VECTOR('',#957,1.);
#271=VECTOR('',#958,1.);
#272=VECTOR('',#959,1.);
#273=VECTOR('',#978,1.);
#274=VECTOR('',#979,1.);
#275=VECTOR('',#980,1.);
#276=VECTOR('',#983,1.);
#277=VECTOR('',#984,1.);
#278=VECTOR('',#985,1.);
#279=VECTOR('',#988,1.);
#280=VECTOR('',#989,1.);
#281=VECTOR('',#992,1.);
#282=VECTOR('',#995,1.);
#283=VECTOR('',#998,1.);
#284=VERTEX_POINT('',#1003);
#285=VERTEX_POINT('',#1004);
#286=VERTEX_POINT('',#1006);
#287=VERTEX_POINT('',#1008);
#288=VERTEX_POINT('',#1012);
#289=VERTEX_POINT('',#1014);
#290=VERTEX_POINT('',#1023);
#291=VERTEX_POINT('',#1025);
#292=VERTEX_POINT('',#1029);
#293=VERTEX_POINT('',#1031);
#294=VERTEX_POINT('',#1033);
#295=VERTEX_POINT('',#1037);
#296=VERTEX_POINT('',#1041);
#297=VERTEX_POINT('',#1045);
#298=VERTEX_POINT('',#1054);
#299=VERTEX_POINT('',#1055);
#300=VERTEX_POINT('',#1057);
#301=VERTEX_POINT('',#1059);
#302=VERTEX_POINT('',#1061);
#303=VERTEX_POINT('',#1063);
#304=VERTEX_POINT('',#1065);
#305=VERTEX_POINT('',#1067);
#306=VERTEX_POINT('',#1071);
#307=VERTEX_POINT('',#1073);
#308=VERTEX_POINT('',#1077);
#309=VERTEX_POINT('',#1081);
#310=VERTEX_POINT('',#1082);
#311=VERTEX_POINT('',#1084);
#312=VERTEX_POINT('',#1086);
#313=VERTEX_POINT('',#1088);
#314=VERTEX_POINT('',#1093);
#315=VERTEX_POINT('',#1097);
#316=VERTEX_POINT('',#1101);
#317=VERTEX_POINT('',#1105);
#318=VERTEX_POINT('',#1111);
#319=VERTEX_POINT('',#1113);
#320=VERTEX_POINT('',#1117);
#321=VERTEX_POINT('',#1121);
#322=VERTEX_POINT('',#1123);
#323=VERTEX_POINT('',#1168);
#324=VERTEX_POINT('',#1169);
#325=VERTEX_POINT('',#1208);
#326=VERTEX_POINT('',#1270);
#327=VERTEX_POINT('',#1291);
#328=VERTEX_POINT('',#1295);
#329=VERTEX_POINT('',#1299);
#330=VERTEX_POINT('',#1303);
#331=VERTEX_POINT('',#1307);
#332=VERTEX_POINT('',#1313);
#333=VERTEX_POINT('',#1316);
#334=VERTEX_POINT('',#1318);
#335=VERTEX_POINT('',#1320);
#336=VERTEX_POINT('',#1322);
#337=VERTEX_POINT('',#1324);
#338=VERTEX_POINT('',#1326);
#339=VERTEX_POINT('',#1575);
#340=VERTEX_POINT('',#1577);
#341=VERTEX_POINT('',#1860);
#342=VERTEX_POINT('',#1862);
#343=VERTEX_POINT('',#1866);
#344=VERTEX_POINT('',#1868);
#345=VERTEX_POINT('',#1872);
#346=EDGE_CURVE('',#284,#285,#150,.T.);
#347=EDGE_CURVE('',#284,#286,#151,.T.);
#348=EDGE_CURVE('',#286,#287,#152,.T.);
#349=EDGE_CURVE('',#285,#287,#153,.T.);
#350=EDGE_CURVE('',#288,#284,#154,.T.);
#351=EDGE_CURVE('',#289,#285,#155,.T.);
#352=EDGE_CURVE('',#289,#288,#56,.T.);
#353=EDGE_CURVE('',#286,#290,#156,.T.);
#354=EDGE_CURVE('',#290,#291,#157,.T.);
#355=EDGE_CURVE('',#287,#291,#158,.T.);
#356=EDGE_CURVE('',#291,#292,#159,.T.);
#357=EDGE_CURVE('',#292,#293,#160,.T.);
#358=EDGE_CURVE('',#293,#294,#161,.T.);
#359=EDGE_CURVE('',#289,#294,#31,.T.);
#360=EDGE_CURVE('',#290,#295,#162,.T.);
#361=EDGE_CURVE('',#295,#292,#163,.T.);
#362=EDGE_CURVE('',#295,#296,#164,.T.);
#363=EDGE_CURVE('',#296,#293,#165,.T.);
#364=EDGE_CURVE('',#296,#297,#166,.T.);
#365=EDGE_CURVE('',#294,#297,#57,.T.);
#366=EDGE_CURVE('',#298,#299,#167,.T.);
#367=EDGE_CURVE('',#300,#299,#32,.T.);
#368=EDGE_CURVE('',#301,#300,#168,.T.);
#369=EDGE_CURVE('',#302,#301,#33,.T.);
#370=EDGE_CURVE('',#302,#303,#169,.T.);
#371=EDGE_CURVE('',#304,#303,#34,.T.);
#372=EDGE_CURVE('',#305,#304,#170,.T.);
#373=EDGE_CURVE('',#298,#305,#35,.T.);
#374=EDGE_CURVE('',#298,#306,#171,.T.);
#375=EDGE_CURVE('',#306,#307,#172,.T.);
#376=EDGE_CURVE('',#299,#307,#173,.T.);
#377=EDGE_CURVE('',#305,#308,#174,.T.);
#378=EDGE_CURVE('',#306,#308,#36,.T.);
#379=EDGE_CURVE('',#309,#310,#175,.T.);
#380=EDGE_CURVE('',#309,#311,#37,.T.);
#381=EDGE_CURVE('',#311,#312,#176,.T.);
#382=EDGE_CURVE('',#312,#313,#38,.T.);
#383=EDGE_CURVE('',#308,#313,#177,.T.);
#384=EDGE_CURVE('',#304,#310,#178,.T.);
#385=EDGE_CURVE('',#303,#314,#179,.T.);
#386=EDGE_CURVE('',#310,#314,#39,.T.);
#387=EDGE_CURVE('',#302,#315,#180,.T.);
#388=EDGE_CURVE('',#315,#314,#181,.T.);
#389=EDGE_CURVE('',#301,#316,#182,.T.);
#390=EDGE_CURVE('',#315,#316,#40,.T.);
#391=EDGE_CURVE('',#300,#317,#183,.T.);
#392=EDGE_CURVE('',#316,#317,#184,.T.);
#393=EDGE_CURVE('',#317,#307,#41,.T.);
#394=EDGE_CURVE('',#307,#318,#185,.T.);
#395=EDGE_CURVE('',#306,#319,#186,.T.);
#396=EDGE_CURVE('',#319,#318,#187,.T.);
#397=EDGE_CURVE('',#308,#320,#188,.T.);
#398=EDGE_CURVE('',#319,#320,#42,.T.);
#399=EDGE_CURVE('',#310,#321,#189,.T.);
#400=EDGE_CURVE('',#322,#321,#190,.T.);
#401=EDGE_CURVE('',#322,#309,#191,.T.);
#402=EDGE_CURVE('',#323,#324,#43,.T.);
#403=EDGE_CURVE('',#324,#311,#58,.T.);
#404=EDGE_CURVE('',#309,#323,#59,.T.);
#405=EDGE_CURVE('',#325,#312,#60,.T.);
#406=EDGE_CURVE('',#324,#325,#44,.T.);
#407=EDGE_CURVE('',#325,#326,#45,.T.);
#408=EDGE_CURVE('',#326,#313,#61,.T.);
#409=EDGE_CURVE('',#320,#327,#192,.T.);
#410=EDGE_CURVE('',#327,#313,#193,.T.);
#411=EDGE_CURVE('',#314,#328,#194,.T.);
#412=EDGE_CURVE('',#321,#328,#46,.T.);
#413=EDGE_CURVE('',#315,#329,#195,.T.);
#414=EDGE_CURVE('',#329,#328,#196,.T.);
#415=EDGE_CURVE('',#316,#330,#197,.T.);
#416=EDGE_CURVE('',#329,#330,#47,.T.);
#417=EDGE_CURVE('',#317,#331,#198,.T.);
#418=EDGE_CURVE('',#330,#331,#199,.T.);
#419=EDGE_CURVE('',#331,#318,#48,.T.);
#420=EDGE_CURVE('',#297,#332,#49,.T.);
#421=EDGE_CURVE('',#322,#288,#50,.T.);
#422=EDGE_CURVE('',#333,#327,#51,.T.);
#423=EDGE_CURVE('',#334,#333,#200,.T.);
#424=EDGE_CURVE('',#335,#334,#201,.T.);
#425=EDGE_CURVE('',#336,#335,#202,.T.);
#426=EDGE_CURVE('',#337,#336,#203,.T.);
#427=EDGE_CURVE('',#338,#337,#204,.T.);
#428=EDGE_CURVE('',#332,#338,#205,.T.);
#429=EDGE_CURVE('',#323,#322,#62,.T.);
#430=EDGE_CURVE('',#323,#289,#52,.T.);
#431=EDGE_CURVE('',#294,#339,#53,.T.);
#432=EDGE_CURVE('',#339,#340,#54,.T.);
#433=EDGE_CURVE('',#340,#326,#55,.T.);
#434=EDGE_CURVE('',#326,#327,#63,.T.);
#435=EDGE_CURVE('',#339,#332,#64,.T.);
#436=EDGE_CURVE('',#340,#333,#65,.T.);
#437=EDGE_CURVE('',#335,#341,#206,.T.);
#438=EDGE_CURVE('',#334,#342,#207,.T.);
#439=EDGE_CURVE('',#341,#342,#208,.T.);
#440=EDGE_CURVE('',#338,#343,#209,.T.);
#441=EDGE_CURVE('',#337,#344,#210,.T.);
#442=EDGE_CURVE('',#343,#344,#211,.T.);
#443=EDGE_CURVE('',#336,#345,#212,.T.);
#444=EDGE_CURVE('',#344,#345,#213,.T.);
#445=EDGE_CURVE('',#345,#341,#214,.T.);
#446=EDGE_CURVE('',#339,#343,#215,.T.);
#447=EDGE_CURVE('',#342,#340,#216,.T.);
#448=ORIENTED_EDGE('',*,*,#346,.F.);
#449=ORIENTED_EDGE('',*,*,#347,.T.);
#450=ORIENTED_EDGE('',*,*,#348,.T.);
#451=ORIENTED_EDGE('',*,*,#349,.F.);
#452=ORIENTED_EDGE('',*,*,#350,.T.);
#453=ORIENTED_EDGE('',*,*,#346,.T.);
#454=ORIENTED_EDGE('',*,*,#351,.F.);
#455=ORIENTED_EDGE('',*,*,#352,.T.);
#456=ORIENTED_EDGE('',*,*,#348,.F.);
#457=ORIENTED_EDGE('',*,*,#353,.T.);
#458=ORIENTED_EDGE('',*,*,#354,.T.);
#459=ORIENTED_EDGE('',*,*,#355,.F.);
#460=ORIENTED_EDGE('',*,*,#351,.T.);
#461=ORIENTED_EDGE('',*,*,#349,.T.);
#462=ORIENTED_EDGE('',*,*,#355,.T.);
#463=ORIENTED_EDGE('',*,*,#356,.T.);
#464=ORIENTED_EDGE('',*,*,#357,.T.);
#465=ORIENTED_EDGE('',*,*,#358,.T.);
#466=ORIENTED_EDGE('',*,*,#359,.F.);
#467=ORIENTED_EDGE('',*,*,#354,.F.);
#468=ORIENTED_EDGE('',*,*,#360,.T.);
#469=ORIENTED_EDGE('',*,*,#361,.T.);
#470=ORIENTED_EDGE('',*,*,#356,.F.);
#471=ORIENTED_EDGE('',*,*,#361,.F.);
#472=ORIENTED_EDGE('',*,*,#362,.T.);
#473=ORIENTED_EDGE('',*,*,#363,.T.);
#474=ORIENTED_EDGE('',*,*,#357,.F.);
#475=ORIENTED_EDGE('',*,*,#358,.F.);
#476=ORIENTED_EDGE('',*,*,#363,.F.);
#477=ORIENTED_EDGE('',*,*,#364,.T.);
#478=ORIENTED_EDGE('',*,*,#365,.F.);
#479=ORIENTED_EDGE('',*,*,#366,.T.);
#480=ORIENTED_EDGE('',*,*,#367,.F.);
#481=ORIENTED_EDGE('',*,*,#368,.F.);
#482=ORIENTED_EDGE('',*,*,#369,.F.);
#483=ORIENTED_EDGE('',*,*,#370,.T.);
#484=ORIENTED_EDGE('',*,*,#371,.F.);
#485=ORIENTED_EDGE('',*,*,#372,.F.);
#486=ORIENTED_EDGE('',*,*,#373,.F.);
#487=ORIENTED_EDGE('',*,*,#374,.T.);
#488=ORIENTED_EDGE('',*,*,#375,.T.);
#489=ORIENTED_EDGE('',*,*,#376,.F.);
#490=ORIENTED_EDGE('',*,*,#366,.F.);
#491=ORIENTED_EDGE('',*,*,#374,.F.);
#492=ORIENTED_EDGE('',*,*,#373,.T.);
#493=ORIENTED_EDGE('',*,*,#377,.T.);
#494=ORIENTED_EDGE('',*,*,#378,.F.);
#495=ORIENTED_EDGE('',*,*,#379,.F.);
#496=ORIENTED_EDGE('',*,*,#380,.T.);
#497=ORIENTED_EDGE('',*,*,#381,.T.);
#498=ORIENTED_EDGE('',*,*,#382,.T.);
#499=ORIENTED_EDGE('',*,*,#383,.F.);
#500=ORIENTED_EDGE('',*,*,#377,.F.);
#501=ORIENTED_EDGE('',*,*,#372,.T.);
#502=ORIENTED_EDGE('',*,*,#384,.T.);
#503=ORIENTED_EDGE('',*,*,#384,.F.);
#504=ORIENTED_EDGE('',*,*,#371,.T.);
#505=ORIENTED_EDGE('',*,*,#385,.T.);
#506=ORIENTED_EDGE('',*,*,#386,.F.);
#507=ORIENTED_EDGE('',*,*,#387,.T.);
#508=ORIENTED_EDGE('',*,*,#388,.T.);
#509=ORIENTED_EDGE('',*,*,#385,.F.);
#510=ORIENTED_EDGE('',*,*,#370,.F.);
#511=ORIENTED_EDGE('',*,*,#387,.F.);
#512=ORIENTED_EDGE('',*,*,#369,.T.);
#513=ORIENTED_EDGE('',*,*,#389,.T.);
#514=ORIENTED_EDGE('',*,*,#390,.F.);
#515=ORIENTED_EDGE('',*,*,#389,.F.);
#516=ORIENTED_EDGE('',*,*,#368,.T.);
#517=ORIENTED_EDGE('',*,*,#391,.T.);
#518=ORIENTED_EDGE('',*,*,#392,.F.);
#519=ORIENTED_EDGE('',*,*,#391,.F.);
#520=ORIENTED_EDGE('',*,*,#367,.T.);
#521=ORIENTED_EDGE('',*,*,#376,.T.);
#522=ORIENTED_EDGE('',*,*,#393,.F.);
#523=ORIENTED_EDGE('',*,*,#394,.F.);
#524=ORIENTED_EDGE('',*,*,#375,.F.);
#525=ORIENTED_EDGE('',*,*,#395,.T.);
#526=ORIENTED_EDGE('',*,*,#396,.T.);
#527=ORIENTED_EDGE('',*,*,#395,.F.);
#528=ORIENTED_EDGE('',*,*,#378,.T.);
#529=ORIENTED_EDGE('',*,*,#397,.T.);
#530=ORIENTED_EDGE('',*,*,#398,.F.);
#531=ORIENTED_EDGE('',*,*,#379,.T.);
#532=ORIENTED_EDGE('',*,*,#399,.T.);
#533=ORIENTED_EDGE('',*,*,#400,.F.);
#534=ORIENTED_EDGE('',*,*,#401,.T.);
#535=ORIENTED_EDGE('',*,*,#402,.T.);
#536=ORIENTED_EDGE('',*,*,#403,.T.);
#537=ORIENTED_EDGE('',*,*,#380,.F.);
#538=ORIENTED_EDGE('',*,*,#404,.T.);
#539=ORIENTED_EDGE('',*,*,#405,.T.);
#540=ORIENTED_EDGE('',*,*,#381,.F.);
#541=ORIENTED_EDGE('',*,*,#403,.F.);
#542=ORIENTED_EDGE('',*,*,#406,.T.);
#543=ORIENTED_EDGE('',*,*,#382,.F.);
#544=ORIENTED_EDGE('',*,*,#405,.F.);
#545=ORIENTED_EDGE('',*,*,#407,.T.);
#546=ORIENTED_EDGE('',*,*,#408,.T.);
#547=ORIENTED_EDGE('',*,*,#409,.F.);
#548=ORIENTED_EDGE('',*,*,#397,.F.);
#549=ORIENTED_EDGE('',*,*,#383,.T.);
#550=ORIENTED_EDGE('',*,*,#410,.F.);
#551=ORIENTED_EDGE('',*,*,#399,.F.);
#552=ORIENTED_EDGE('',*,*,#386,.T.);
#553=ORIENTED_EDGE('',*,*,#411,.T.);
#554=ORIENTED_EDGE('',*,*,#412,.F.);
#555=ORIENTED_EDGE('',*,*,#411,.F.);
#556=ORIENTED_EDGE('',*,*,#388,.F.);
#557=ORIENTED_EDGE('',*,*,#413,.T.);
#558=ORIENTED_EDGE('',*,*,#414,.T.);
#559=ORIENTED_EDGE('',*,*,#413,.F.);
#560=ORIENTED_EDGE('',*,*,#390,.T.);
#561=ORIENTED_EDGE('',*,*,#415,.T.);
#562=ORIENTED_EDGE('',*,*,#416,.F.);
#563=ORIENTED_EDGE('',*,*,#415,.F.);
#564=ORIENTED_EDGE('',*,*,#392,.T.);
#565=ORIENTED_EDGE('',*,*,#417,.T.);
#566=ORIENTED_EDGE('',*,*,#418,.F.);
#567=ORIENTED_EDGE('',*,*,#417,.F.);
#568=ORIENTED_EDGE('',*,*,#393,.T.);
#569=ORIENTED_EDGE('',*,*,#394,.T.);
#570=ORIENTED_EDGE('',*,*,#419,.F.);
#571=ORIENTED_EDGE('',*,*,#420,.F.);
#572=ORIENTED_EDGE('',*,*,#364,.F.);
#573=ORIENTED_EDGE('',*,*,#362,.F.);
#574=ORIENTED_EDGE('',*,*,#360,.F.);
#575=ORIENTED_EDGE('',*,*,#353,.F.);
#576=ORIENTED_EDGE('',*,*,#347,.F.);
#577=ORIENTED_EDGE('',*,*,#350,.F.);
#578=ORIENTED_EDGE('',*,*,#421,.F.);
#579=ORIENTED_EDGE('',*,*,#400,.T.);
#580=ORIENTED_EDGE('',*,*,#412,.T.);
#581=ORIENTED_EDGE('',*,*,#414,.F.);
#582=ORIENTED_EDGE('',*,*,#416,.T.);
#583=ORIENTED_EDGE('',*,*,#418,.T.);
#584=ORIENTED_EDGE('',*,*,#419,.T.);
#585=ORIENTED_EDGE('',*,*,#396,.F.);
#586=ORIENTED_EDGE('',*,*,#398,.T.);
#587=ORIENTED_EDGE('',*,*,#409,.T.);
#588=ORIENTED_EDGE('',*,*,#422,.F.);
#589=ORIENTED_EDGE('',*,*,#423,.F.);
#590=ORIENTED_EDGE('',*,*,#424,.F.);
#591=ORIENTED_EDGE('',*,*,#425,.F.);
#592=ORIENTED_EDGE('',*,*,#426,.F.);
#593=ORIENTED_EDGE('',*,*,#427,.F.);
#594=ORIENTED_EDGE('',*,*,#428,.F.);
#595=ORIENTED_EDGE('',*,*,#429,.F.);
#596=ORIENTED_EDGE('',*,*,#404,.F.);
#597=ORIENTED_EDGE('',*,*,#401,.F.);
#598=ORIENTED_EDGE('',*,*,#402,.F.);
#599=ORIENTED_EDGE('',*,*,#430,.T.);
#600=ORIENTED_EDGE('',*,*,#359,.T.);
#601=ORIENTED_EDGE('',*,*,#431,.T.);
#602=ORIENTED_EDGE('',*,*,#432,.T.);
#603=ORIENTED_EDGE('',*,*,#433,.T.);
#604=ORIENTED_EDGE('',*,*,#407,.F.);
#605=ORIENTED_EDGE('',*,*,#406,.F.);
#606=ORIENTED_EDGE('',*,*,#410,.T.);
#607=ORIENTED_EDGE('',*,*,#408,.F.);
#608=ORIENTED_EDGE('',*,*,#434,.T.);
#609=ORIENTED_EDGE('',*,*,#421,.T.);
#610=ORIENTED_EDGE('',*,*,#352,.F.);
#611=ORIENTED_EDGE('',*,*,#430,.F.);
#612=ORIENTED_EDGE('',*,*,#429,.T.);
#613=ORIENTED_EDGE('',*,*,#420,.T.);
#614=ORIENTED_EDGE('',*,*,#435,.F.);
#615=ORIENTED_EDGE('',*,*,#431,.F.);
#616=ORIENTED_EDGE('',*,*,#365,.T.);
#617=ORIENTED_EDGE('',*,*,#433,.F.);
#618=ORIENTED_EDGE('',*,*,#436,.T.);
#619=ORIENTED_EDGE('',*,*,#422,.T.);
#620=ORIENTED_EDGE('',*,*,#434,.F.);
#621=ORIENTED_EDGE('',*,*,#437,.F.);
#622=ORIENTED_EDGE('',*,*,#424,.T.);
#623=ORIENTED_EDGE('',*,*,#438,.T.);
#624=ORIENTED_EDGE('',*,*,#439,.F.);
#625=ORIENTED_EDGE('',*,*,#440,.F.);
#626=ORIENTED_EDGE('',*,*,#427,.T.);
#627=ORIENTED_EDGE('',*,*,#441,.T.);
#628=ORIENTED_EDGE('',*,*,#442,.F.);
#629=ORIENTED_EDGE('',*,*,#441,.F.);
#630=ORIENTED_EDGE('',*,*,#426,.T.);
#631=ORIENTED_EDGE('',*,*,#443,.T.);
#632=ORIENTED_EDGE('',*,*,#444,.F.);
#633=ORIENTED_EDGE('',*,*,#443,.F.);
#634=ORIENTED_EDGE('',*,*,#425,.T.);
#635=ORIENTED_EDGE('',*,*,#437,.T.);
#636=ORIENTED_EDGE('',*,*,#445,.F.);
#637=ORIENTED_EDGE('',*,*,#428,.T.);
#638=ORIENTED_EDGE('',*,*,#440,.T.);
#639=ORIENTED_EDGE('',*,*,#446,.F.);
#640=ORIENTED_EDGE('',*,*,#435,.T.);
#641=ORIENTED_EDGE('',*,*,#446,.T.);
#642=ORIENTED_EDGE('',*,*,#442,.T.);
#643=ORIENTED_EDGE('',*,*,#444,.T.);
#644=ORIENTED_EDGE('',*,*,#445,.T.);
#645=ORIENTED_EDGE('',*,*,#439,.T.);
#646=ORIENTED_EDGE('',*,*,#447,.T.);
#647=ORIENTED_EDGE('',*,*,#432,.F.);
#648=ORIENTED_EDGE('',*,*,#447,.F.);
#649=ORIENTED_EDGE('',*,*,#438,.F.);
#650=ORIENTED_EDGE('',*,*,#423,.T.);
#651=ORIENTED_EDGE('',*,*,#436,.F.);
#652=PLANE('',#743);
#653=PLANE('',#744);
#654=PLANE('',#745);
#655=PLANE('',#746);
#656=PLANE('',#748);
#657=PLANE('',#749);
#658=PLANE('',#750);
#659=PLANE('',#751);
#660=PLANE('',#756);
#661=PLANE('',#759);
#662=PLANE('',#764);
#663=PLANE('',#767);
#664=PLANE('',#770);
#665=PLANE('',#773);
#666=PLANE('',#775);
#667=PLANE('',#778);
#668=PLANE('',#781);
#669=PLANE('',#784);
#670=PLANE('',#787);
#671=PLANE('',#799);
#672=PLANE('',#800);
#673=PLANE('',#801);
#674=PLANE('',#802);
#675=PLANE('',#803);
#676=PLANE('',#804);
#677=PLANE('',#805);
#678=ADVANCED_FACE('',(#66),#652,.T.);
#679=ADVANCED_FACE('',(#67),#653,.T.);
#680=ADVANCED_FACE('',(#68),#654,.T.);
#681=ADVANCED_FACE('',(#69),#655,.T.);
#682=ADVANCED_FACE('',(#70),#656,.T.);
#683=ADVANCED_FACE('',(#71),#657,.T.);
#684=ADVANCED_FACE('',(#72),#658,.T.);
#685=ADVANCED_FACE('',(#73),#659,.F.);
#686=ADVANCED_FACE('',(#74),#660,.F.);
#687=ADVANCED_FACE('',(#75),#27,.T.);
#688=ADVANCED_FACE('',(#76),#661,.T.);
#689=ADVANCED_FACE('',(#77),#28,.T.);
#690=ADVANCED_FACE('',(#78),#662,.F.);
#691=ADVANCED_FACE('',(#79),#29,.T.);
#692=ADVANCED_FACE('',(#80),#663,.T.);
#693=ADVANCED_FACE('',(#81),#30,.T.);
#694=ADVANCED_FACE('',(#82),#664,.F.);
#695=ADVANCED_FACE('',(#83),#19,.T.);
#696=ADVANCED_FACE('',(#84),#665,.T.);
#697=ADVANCED_FACE('',(#85),#15,.T.);
#698=ADVANCED_FACE('',(#86),#666,.T.);
#699=ADVANCED_FACE('',(#87),#16,.T.);
#700=ADVANCED_FACE('',(#88),#667,.T.);
#701=ADVANCED_FACE('',(#89),#20,.T.);
#702=ADVANCED_FACE('',(#90),#668,.F.);
#703=ADVANCED_FACE('',(#91),#21,.T.);
#704=ADVANCED_FACE('',(#92),#669,.T.);
#705=ADVANCED_FACE('',(#93),#22,.T.);
#706=ADVANCED_FACE('',(#94),#670,.T.);
#707=ADVANCED_FACE('',(#95),#17,.F.);
#708=ADVANCED_FACE('',(#96),#23,.F.);
#709=ADVANCED_FACE('',(#97),#18,.F.);
#710=ADVANCED_FACE('',(#98),#24,.F.);
#711=ADVANCED_FACE('',(#99),#25,.F.);
#712=ADVANCED_FACE('',(#100),#26,.F.);
#713=ADVANCED_FACE('',(#101),#671,.T.);
#714=ADVANCED_FACE('',(#102),#672,.T.);
#715=ADVANCED_FACE('',(#103),#673,.T.);
#716=ADVANCED_FACE('',(#104),#674,.T.);
#717=ADVANCED_FACE('',(#105),#675,.T.);
#718=ADVANCED_FACE('',(#106),#676,.T.);
#719=ADVANCED_FACE('',(#107),#677,.T.);
#720=CLOSED_SHELL('',(#678,#679,#680,#681,#682,#683,#684,#685,#686,#687,
#688,#689,#690,#691,#692,#693,#694,#695,#696,#697,#698,#699,#700,#701,#702,
#703,#704,#705,#706,#707,#708,#709,#710,#711,#712,#713,#714,#715,#716,#717,
#718,#719));
#721=DERIVED_UNIT_ELEMENT(#724,1.);
#722=DERIVED_UNIT_ELEMENT(#1887,-3.);
#723=DIMENSIONAL_EXPONENTS(0.,1.,0.,0.,0.,0.,0.);
#724=(
CONVERSION_BASED_UNIT('gram',#726)
MASS_UNIT()
NAMED_UNIT(#723)
);
#725=(
MASS_UNIT()
NAMED_UNIT(*)
SI_UNIT(.KILO.,.GRAM.)
);
#726=MASS_MEASURE_WITH_UNIT(MASS_MEASURE(0.001),#725);
#727=DERIVED_UNIT((#721,#722));
#728=MEASURE_REPRESENTATION_ITEM('density measure',
POSITIVE_RATIO_MEASURE(1.),#727);
#729=PROPERTY_DEFINITION_REPRESENTATION(#734,#731);
#730=PROPERTY_DEFINITION_REPRESENTATION(#735,#732);
#731=REPRESENTATION('material name',(#733),#1884);
#732=REPRESENTATION('density',(#728),#1884);
#733=DESCRIPTIVE_REPRESENTATION_ITEM('Generisch','Generisch');
#734=PROPERTY_DEFINITION('material property','material name',#1894);
#735=PROPERTY_DEFINITION('material property','density of part',#1894);
#736=DATE_TIME_ROLE('creation_date');
#737=APPLIED_DATE_AND_TIME_ASSIGNMENT(#738,#736,(#1894));
#738=DATE_AND_TIME(#739,#740);
#739=CALENDAR_DATE(2026,7,3);
#740=LOCAL_TIME(0,0,0.,#741);
#741=COORDINATED_UNIVERSAL_TIME_OFFSET(0,0,.BEHIND.);
#742=AXIS2_PLACEMENT_3D('',#1001,#806,#807);
#743=AXIS2_PLACEMENT_3D('',#1002,#808,#809);
#744=AXIS2_PLACEMENT_3D('',#1011,#814,#815);
#745=AXIS2_PLACEMENT_3D('',#1022,#818,#819);
#746=AXIS2_PLACEMENT_3D('',#1028,#823,#824);
#747=AXIS2_PLACEMENT_3D('',#1035,#828,#829);
#748=AXIS2_PLACEMENT_3D('',#1036,#830,#831);
#749=AXIS2_PLACEMENT_3D('',#1040,#834,#835);
#750=AXIS2_PLACEMENT_3D('',#1044,#838,#839);
#751=AXIS2_PLACEMENT_3D('',#1053,#841,#842);
#752=AXIS2_PLACEMENT_3D('',#1058,#844,#845);
#753=AXIS2_PLACEMENT_3D('',#1062,#847,#848);
#754=AXIS2_PLACEMENT_3D('',#1066,#850,#851);
#755=AXIS2_PLACEMENT_3D('',#1069,#853,#854);
#756=AXIS2_PLACEMENT_3D('',#1070,#855,#856);
#757=AXIS2_PLACEMENT_3D('',#1076,#860,#861);
#758=AXIS2_PLACEMENT_3D('',#1079,#863,#864);
#759=AXIS2_PLACEMENT_3D('',#1080,#865,#866);
#760=AXIS2_PLACEMENT_3D('',#1085,#868,#869);
#761=AXIS2_PLACEMENT_3D('',#1089,#871,#872);
#762=AXIS2_PLACEMENT_3D('',#1092,#875,#876);
#763=AXIS2_PLACEMENT_3D('',#1095,#878,#879);
#764=AXIS2_PLACEMENT_3D('',#1096,#880,#881);
#765=AXIS2_PLACEMENT_3D('',#1100,#884,#885);
#766=AXIS2_PLACEMENT_3D('',#1103,#887,#888);
#767=AXIS2_PLACEMENT_3D('',#1104,#889,#890);
#768=AXIS2_PLACEMENT_3D('',#1108,#893,#894);
#769=AXIS2_PLACEMENT_3D('',#1109,#895,#896);
#770=AXIS2_PLACEMENT_3D('',#1110,#897,#898);
#771=AXIS2_PLACEMENT_3D('',#1116,#902,#903);
#772=AXIS2_PLACEMENT_3D('',#1119,#905,#906);
#773=AXIS2_PLACEMENT_3D('',#1120,#907,#908);
#774=AXIS2_PLACEMENT_3D('',#1170,#912,#913);
#775=AXIS2_PLACEMENT_3D('',#1207,#914,#915);
#776=AXIS2_PLACEMENT_3D('',#1227,#916,#917);
#777=AXIS2_PLACEMENT_3D('',#1271,#918,#919);
#778=AXIS2_PLACEMENT_3D('',#1290,#920,#921);
#779=AXIS2_PLACEMENT_3D('',#1294,#924,#925);
#780=AXIS2_PLACEMENT_3D('',#1297,#927,#928);
#781=AXIS2_PLACEMENT_3D('',#1298,#929,#930);
#782=AXIS2_PLACEMENT_3D('',#1302,#933,#934);
#783=AXIS2_PLACEMENT_3D('',#1305,#936,#937);
#784=AXIS2_PLACEMENT_3D('',#1306,#938,#939);
#785=AXIS2_PLACEMENT_3D('',#1310,#942,#943);
#786=AXIS2_PLACEMENT_3D('',#1311,#944,#945);
#787=AXIS2_PLACEMENT_3D('',#1312,#946,#947);
#788=AXIS2_PLACEMENT_3D('',#1314,#948,#949);
#789=AXIS2_PLACEMENT_3D('',#1315,#950,#951);
#790=AXIS2_PLACEMENT_3D('',#1317,#952,#953);
#791=AXIS2_PLACEMENT_3D('',#1573,#960,#961);
#792=AXIS2_PLACEMENT_3D('',#1574,#962,#963);
#793=AXIS2_PLACEMENT_3D('',#1576,#964,#965);
#794=AXIS2_PLACEMENT_3D('',#1578,#966,#967);
#795=AXIS2_PLACEMENT_3D('',#1579,#968,#969);
#796=AXIS2_PLACEMENT_3D('',#1824,#970,#971);
#797=AXIS2_PLACEMENT_3D('',#1825,#972,#973);
#798=AXIS2_PLACEMENT_3D('',#1842,#974,#975);
#799=AXIS2_PLACEMENT_3D('',#1859,#976,#977);
#800=AXIS2_PLACEMENT_3D('',#1865,#981,#982);
#801=AXIS2_PLACEMENT_3D('',#1871,#986,#987);
#802=AXIS2_PLACEMENT_3D('',#1875,#990,#991);
#803=AXIS2_PLACEMENT_3D('',#1877,#993,#994);
#804=AXIS2_PLACEMENT_3D('',#1879,#996,#997);
#805=AXIS2_PLACEMENT_3D('',#1881,#999,#1000);
#806=DIRECTION('axis',(0.,0.,1.));
#807=DIRECTION('refdir',(1.,0.,0.));
#808=DIRECTION('center_axis',(0.,1.,0.));
#809=DIRECTION('ref_axis',(1.,0.,0.));
#810=DIRECTION('',(0.,0.,-1.));
#811=DIRECTION('',(1.,0.,0.));
#812=DIRECTION('',(0.,0.,-1.));
#813=DIRECTION('',(1.,0.,0.));
#814=DIRECTION('center_axis',(-1.,0.,0.));
#815=DIRECTION('ref_axis',(0.,1.,0.));
#816=DIRECTION('',(0.,1.,0.));
#817=DIRECTION('',(0.,1.,0.));
#818=DIRECTION('center_axis',(-0.707106781186547,-0.707106781186548,0.));
#819=DIRECTION('ref_axis',(-0.707106781186548,0.707106781186547,0.));
#820=DIRECTION('',(-0.707106781186548,0.707106781186547,0.));
#821=DIRECTION('',(0.,0.,-1.));
#822=DIRECTION('',(-0.707106781186548,0.707106781186547,0.));
#823=DIRECTION('center_axis',(0.,0.,1.));
#824=DIRECTION('ref_axis',(1.,0.,0.));
#825=DIRECTION('',(-0.707106781186547,-0.707106781186548,0.));
#826=DIRECTION('',(1.,0.,0.));
#827=DIRECTION('',(0.,-1.,0.));
#828=DIRECTION('center_axis',(0.,0.,1.));
#829=DIRECTION('ref_axis',(1.,0.,0.));
#830=DIRECTION('center_axis',(0.707106781186548,-0.707106781186547,0.));
#831=DIRECTION('ref_axis',(-0.707106781186547,-0.707106781186548,0.));
#832=DIRECTION('',(-0.707106781186547,-0.707106781186548,0.));
#833=DIRECTION('',(0.,0.,-1.));
#834=DIRECTION('center_axis',(0.,1.,0.));
#835=DIRECTION('ref_axis',(1.,0.,0.));
#836=DIRECTION('',(1.,0.,0.));
#837=DIRECTION('',(0.,0.,-1.));
#838=DIRECTION('center_axis',(1.,0.,0.));
#839=DIRECTION('ref_axis',(0.,-1.,0.));
#840=DIRECTION('',(0.,-1.,0.));
#841=DIRECTION('center_axis',(0.,0.,1.));
#842=DIRECTION('ref_axis',(1.,0.,0.));
#843=DIRECTION('',(-1.,0.,0.));
#844=DIRECTION('center_axis',(0.,0.,1.));
#845=DIRECTION('ref_axis',(1.,0.,0.));
#846=DIRECTION('',(0.,-1.,0.));
#847=DIRECTION('center_axis',(0.,0.,1.));
#848=DIRECTION('ref_axis',(1.,0.,0.));
#849=DIRECTION('',(1.,0.,0.));
#850=DIRECTION('center_axis',(0.,0.,1.));
#851=DIRECTION('ref_axis',(1.,0.,0.));
#852=DIRECTION('',(0.,1.,0.));
#853=DIRECTION('center_axis',(0.,0.,1.));
#854=DIRECTION('ref_axis',(1.,0.,0.));
#855=DIRECTION('center_axis',(0.,1.,0.));
#856=DIRECTION('ref_axis',(-1.,0.,0.));
#857=DIRECTION('',(0.,0.,1.));
#858=DIRECTION('',(-1.,0.,0.));
#859=DIRECTION('',(0.,0.,1.));
#860=DIRECTION('center_axis',(0.,0.,1.));
#861=DIRECTION('ref_axis',(1.,0.,0.));
#862=DIRECTION('',(0.,0.,1.));
#863=DIRECTION('center_axis',(0.,0.,1.));
#864=DIRECTION('ref_axis',(1.,0.,0.));
#865=DIRECTION('center_axis',(1.,0.,0.));
#866=DIRECTION('ref_axis',(0.,1.,0.));
#867=DIRECTION('',(0.,1.,0.));
#868=DIRECTION('center_axis',(-0.999999999999995,9.83252144239551E-8,-5.17255729058275E-9));
#869=DIRECTION('ref_axis',(9.84611725949817E-8,0.9986056950409,-0.0527888798126163));
#870=DIRECTION('',(0.,-1.,0.));
#871=DIRECTION('center_axis',(-1.,0.,0.));
#872=DIRECTION('ref_axis',(0.,-0.99862106195356,-0.0524973772939482));
#873=DIRECTION('',(0.,1.,0.));
#874=DIRECTION('',(0.,0.,1.));
#875=DIRECTION('center_axis',(0.,0.,1.));
#876=DIRECTION('ref_axis',(0.,1.,0.));
#877=DIRECTION('',(0.,0.,1.));
#878=DIRECTION('center_axis',(0.,0.,1.));
#879=DIRECTION('ref_axis',(0.,1.,0.));
#880=DIRECTION('center_axis',(0.,-1.,0.));
#881=DIRECTION('ref_axis',(1.,0.,0.));
#882=DIRECTION('',(0.,0.,1.));
#883=DIRECTION('',(1.,0.,0.));
#884=DIRECTION('center_axis',(0.,0.,1.));
#885=DIRECTION('ref_axis',(-1.,0.,0.));
#886=DIRECTION('',(0.,0.,1.));
#887=DIRECTION('center_axis',(0.,0.,1.));
#888=DIRECTION('ref_axis',(-1.,0.,0.));
#889=DIRECTION('center_axis',(-1.,0.,0.));
#890=DIRECTION('ref_axis',(0.,-1.,0.));
#891=DIRECTION('',(0.,0.,1.));
#892=DIRECTION('',(0.,-1.,0.));
#893=DIRECTION('center_axis',(0.,0.,1.));
#894=DIRECTION('ref_axis',(0.,-1.,0.));
#895=DIRECTION('center_axis',(0.,0.,1.));
#896=DIRECTION('ref_axis',(0.,-1.,0.));
#897=DIRECTION('center_axis',(0.,0.707106781186548,-0.707106781186548));
#898=DIRECTION('ref_axis',(-1.,0.,0.));
#899=DIRECTION('',(0.,0.707106781186548,0.707106781186548));
#900=DIRECTION('',(0.,0.707106781186548,0.707106781186548));
#901=DIRECTION('',(-1.,0.,0.));
#902=DIRECTION('center_axis',(0.,0.,-1.));
#903=DIRECTION('ref_axis',(-0.258819045102521,-0.965925826289068,0.));
#904=DIRECTION('',(-0.707106781186548,0.,0.707106781186547));
#905=DIRECTION('center_axis',(0.,0.,1.));
#906=DIRECTION('ref_axis',(-0.258819045102521,-0.965925826289068,0.));
#907=DIRECTION('center_axis',(0.707106781186548,0.,0.707106781186548));
#908=DIRECTION('ref_axis',(0.,1.,0.));
#909=DIRECTION('',(-0.707106781186548,0.,0.707106781186548));
#910=DIRECTION('',(0.,1.,0.));
#911=DIRECTION('',(0.705099739986935,-0.0752908582811679,-0.705099739986935));
#912=DIRECTION('center_axis',(-0.998513801743943,0.0544873086045703,-0.00114931626962787));
#913=DIRECTION('ref_axis',(0.0544750328581067,0.997213951145513,-0.050958870041064));
#914=DIRECTION('center_axis',(0.,0.,1.));
#915=DIRECTION('ref_axis',(1.,0.,0.));
#916=DIRECTION('center_axis',(0.,0.,1.));
#917=DIRECTION('ref_axis',(1.,0.,0.));
#918=DIRECTION('center_axis',(-0.998513812956437,-0.0544871033490989,-0.00114930579987563));
#919=DIRECTION('ref_axis',(0.0544752469966683,-0.997227098426001,-0.0507007064005133));
#920=DIRECTION('center_axis',(0.707106781186548,0.,0.707106781186548));
#921=DIRECTION('ref_axis',(0.,1.,0.));
#922=DIRECTION('',(0.,1.,0.));
#923=DIRECTION('',(0.705099739988758,0.0752908582470125,-0.705099739988758));
#924=DIRECTION('center_axis',(-1.77635683940025E-15,0.,-1.));
#925=DIRECTION('ref_axis',(0.965925826289068,-0.258819045102521,0.));
#926=DIRECTION('',(2.51214793389403E-15,-0.707106781186551,0.707106781186544));
#927=DIRECTION('center_axis',(1.77635683940025E-15,0.,1.));
#928=DIRECTION('ref_axis',(0.965925826289068,-0.258819045102521,0.));
#929=DIRECTION('center_axis',(0.,-0.707106781186548,-0.707106781186548));
#930=DIRECTION('ref_axis',(1.,0.,0.));
#931=DIRECTION('',(0.,-0.707106781186548,0.707106781186548));
#932=DIRECTION('',(1.,0.,0.));
#933=DIRECTION('center_axis',(0.,-3.5527136788005E-15,-1.));
#934=DIRECTION('ref_axis',(0.258819045102521,0.965925826289068,0.));
#935=DIRECTION('',(0.707106781186553,2.51214793389404E-15,0.707106781186543));
#936=DIRECTION('center_axis',(0.,3.5527136788005E-15,1.));
#937=DIRECTION('ref_axis',(0.258819045102521,0.965925826289068,0.));
#938=DIRECTION('center_axis',(-0.707106781186548,0.,0.707106781186548));
#939=DIRECTION('ref_axis',(0.,-1.,0.));
#940=DIRECTION('',(0.707106781186548,0.,0.707106781186548));
#941=DIRECTION('',(0.,-1.,0.));
#942=DIRECTION('center_axis',(3.5527136788005E-15,0.,-1.));
#943=DIRECTION('ref_axis',(-0.965925826289068,0.258819045102521,0.));
#944=DIRECTION('center_axis',(-3.5527136788005E-15,0.,1.));
#945=DIRECTION('ref_axis',(-0.965925826289068,0.258819045102521,0.));
#946=DIRECTION('center_axis',(0.,0.,1.));
#947=DIRECTION('ref_axis',(1.,0.,0.));
#948=DIRECTION('center_axis',(0.,0.,1.));
#949=DIRECTION('ref_axis',(1.,0.,0.));
#950=DIRECTION('center_axis',(0.,0.,1.));
#951=DIRECTION('ref_axis',(1.,0.,0.));
#952=DIRECTION('center_axis',(0.,0.,1.));
#953=DIRECTION('ref_axis',(1.,0.,0.));
#954=DIRECTION('',(1.,-6.12323399573677E-17,0.));
#955=DIRECTION('',(0.,1.,0.));
#956=DIRECTION('',(0.707106781186548,-0.707106781186547,0.));
#957=DIRECTION('',(-0.707106781186547,-0.707106781186548,0.));
#958=DIRECTION('',(0.,1.,0.));
#959=DIRECTION('',(-1.,6.12323399573677E-17,0.));
#960=DIRECTION('center_axis',(0.,0.,1.));
#961=DIRECTION('ref_axis',(-1.,-4.27734604255716E-13,0.));
#962=DIRECTION('center_axis',(0.,0.,1.));
#963=DIRECTION('ref_axis',(2.6199426410955E-12,-1.,0.));
#964=DIRECTION('center_axis',(0.,0.,1.));
#965=DIRECTION('ref_axis',(2.6199426410955E-12,-1.,0.));
#966=DIRECTION('center_axis',(0.,0.,1.));
#967=DIRECTION('ref_axis',(2.6199426410955E-12,-1.,0.));
#968=DIRECTION('center_axis',(0.,0.,1.));
#969=DIRECTION('ref_axis',(2.6199426410955E-12,-1.,0.));
#970=DIRECTION('center_axis',(3.04258585762975E-15,6.84251171483884E-15,
1.));
#971=DIRECTION('ref_axis',(0.201652584374358,0.97945711249403,-7.77276413837879E-15));
#972=DIRECTION('center_axis',(3.04258585762975E-15,6.84251171483884E-15,
1.));
#973=DIRECTION('ref_axis',(0.201652584374358,0.97945711249403,-7.77276413837879E-15));
#974=DIRECTION('center_axis',(3.04258585762975E-15,6.84251171483884E-15,
1.));
#975=DIRECTION('ref_axis',(-0.311552031517258,-0.950229094301721,6.99260544396621E-15));
#976=DIRECTION('center_axis',(-1.,6.12323399573677E-17,0.));
#977=DIRECTION('ref_axis',(6.12323399573677E-17,1.,0.));
#978=DIRECTION('',(0.,0.,-1.));
#979=DIRECTION('',(0.,0.,-1.));
#980=DIRECTION('',(6.12323399573677E-17,1.,0.));
#981=DIRECTION('center_axis',(-1.,6.12323399573677E-17,0.));
#982=DIRECTION('ref_axis',(6.12323399573677E-17,1.,0.));
#983=DIRECTION('',(0.,0.,-1.));
#984=DIRECTION('',(0.,0.,-1.));
#985=DIRECTION('',(6.12323399573677E-17,1.,0.));
#986=DIRECTION('center_axis',(0.707106781186548,-0.707106781186547,0.));
#987=DIRECTION('ref_axis',(-0.707106781186547,-0.707106781186548,0.));
#988=DIRECTION('',(0.,0.,-1.));
#989=DIRECTION('',(-0.707106781186547,-0.707106781186548,0.));
#990=DIRECTION('center_axis',(0.707106781186547,0.707106781186548,0.));
#991=DIRECTION('ref_axis',(0.707106781186548,-0.707106781186547,0.));
#992=DIRECTION('',(0.707106781186548,-0.707106781186547,0.));
#993=DIRECTION('center_axis',(-6.12323399573677E-17,-1.,0.));
#994=DIRECTION('ref_axis',(-1.,6.12323399573677E-17,0.));
#995=DIRECTION('',(-1.,6.12323399573677E-17,0.));
#996=DIRECTION('center_axis',(0.,0.,1.));
#997=DIRECTION('ref_axis',(1.,0.,0.));
#998=DIRECTION('',(1.,-6.12323399573677E-17,0.));
#999=DIRECTION('center_axis',(6.12323399573677E-17,1.,0.));
#1000=DIRECTION('ref_axis',(1.,-6.12323399573677E-17,0.));
#1001=CARTESIAN_POINT('',(0.,0.,0.));
#1002=CARTESIAN_POINT('Origin',(1.5,20.,5.));
#1003=CARTESIAN_POINT('',(1.5,20.,5.));
#1004=CARTESIAN_POINT('',(1.5,20.,4.));
#1005=CARTESIAN_POINT('',(1.5,20.,5.));
#1006=CARTESIAN_POINT('',(3.,20.,5.));
#1007=CARTESIAN_POINT('',(1.5,20.,5.));
#1008=CARTESIAN_POINT('',(3.,20.,4.));
#1009=CARTESIAN_POINT('',(3.,20.,5.));
#1010=CARTESIAN_POINT('',(1.5,20.,4.));
#1011=CARTESIAN_POINT('Origin',(1.5,0.,5.));
#1012=CARTESIAN_POINT('',(1.5,16.1219479800448,5.));
#1013=CARTESIAN_POINT('',(1.5,0.,5.));
#1014=CARTESIAN_POINT('',(1.50000312128787,15.0452632817312,4.00030458648689));
#1015=CARTESIAN_POINT('',(1.5,0.,4.));
#1016=CARTESIAN_POINT('Ctrl Pts',(1.5,15.0452733922109,4.00060917296665));
#1017=CARTESIAN_POINT('Ctrl Pts',(1.5,15.2592181669624,4.19913169493988));
#1018=CARTESIAN_POINT('Ctrl Pts',(1.5,15.4739210562652,4.39839241286287));
#1019=CARTESIAN_POINT('Ctrl Pts',(1.5,15.6893772314988,4.59838491942101));
#1020=CARTESIAN_POINT('Ctrl Pts',(1.5,15.9053811730566,4.79891665916699));
#1021=CARTESIAN_POINT('Ctrl Pts',(1.5,16.1219479800448,5.));
#1022=CARTESIAN_POINT('Origin',(3.,20.,5.));
#1023=CARTESIAN_POINT('',(-2.22044604925031E-15,23.,5.));
#1024=CARTESIAN_POINT('',(3.,20.,5.));
#1025=CARTESIAN_POINT('',(-2.22044604925031E-15,23.,4.));
#1026=CARTESIAN_POINT('',(-2.22044604925031E-15,23.,5.));
#1027=CARTESIAN_POINT('',(3.,20.,4.));
#1028=CARTESIAN_POINT('Origin',(0.,0.,4.));
#1029=CARTESIAN_POINT('',(-3.,20.,4.));
#1030=CARTESIAN_POINT('',(-1.5,21.5,4.));
#1031=CARTESIAN_POINT('',(-1.5,20.,4.));
#1032=CARTESIAN_POINT('',(0.,20.,4.));
#1033=CARTESIAN_POINT('',(-1.50000312128786,15.0452632817312,4.00030458648689));
#1034=CARTESIAN_POINT('',(-1.5,10.,4.));
#1035=CARTESIAN_POINT('Origin',(0.,0.,4.));
#1036=CARTESIAN_POINT('Origin',(5.32907051820075E-15,23.,5.));
#1037=CARTESIAN_POINT('',(-3.,20.,5.));
#1038=CARTESIAN_POINT('',(5.32907051820075E-15,23.,5.));
#1039=CARTESIAN_POINT('',(-3.,20.,5.));
#1040=CARTESIAN_POINT('Origin',(1.5,20.,5.));
#1041=CARTESIAN_POINT('',(-1.5,20.,5.));
#1042=CARTESIAN_POINT('',(1.5,20.,5.));
#1043=CARTESIAN_POINT('',(-1.5,20.,5.));
#1044=CARTESIAN_POINT('Origin',(-1.5,20.,5.));
#1045=CARTESIAN_POINT('',(-1.5,16.1219479800445,5.));
#1046=CARTESIAN_POINT('',(-1.5,20.,5.));
#1047=CARTESIAN_POINT('Ctrl Pts',(-1.5,15.0452733922109,4.00060917296666));
#1048=CARTESIAN_POINT('Ctrl Pts',(-1.5,15.2592181669624,4.19913169493988));
#1049=CARTESIAN_POINT('Ctrl Pts',(-1.5,15.4739210562652,4.39839241286275));
#1050=CARTESIAN_POINT('Ctrl Pts',(-1.5,15.6893772314987,4.59838491942101));
#1051=CARTESIAN_POINT('Ctrl Pts',(-1.5,15.9053811730566,4.79891665916699));
#1052=CARTESIAN_POINT('Ctrl Pts',(-1.5,16.1219479800447,5.));
#1053=CARTESIAN_POINT('Origin',(0.,0.,0.));
#1054=CARTESIAN_POINT('',(9.05,-25.,0.));
#1055=CARTESIAN_POINT('',(-21.,-25.,0.));
#1056=CARTESIAN_POINT('',(-5.975,-25.,0.));
#1057=CARTESIAN_POINT('',(-25.,-21.,0.));
#1058=CARTESIAN_POINT('Origin',(-21.,-21.,0.));
#1059=CARTESIAN_POINT('',(-25.,21.,0.));
#1060=CARTESIAN_POINT('',(-25.,-1.77635683940025E-15,0.));
#1061=CARTESIAN_POINT('',(-21.,25.,0.));
#1062=CARTESIAN_POINT('Origin',(-21.,21.,0.));
#1063=CARTESIAN_POINT('',(9.05,25.,0.));
#1064=CARTESIAN_POINT('',(0.,25.,0.));
#1065=CARTESIAN_POINT('',(13.05,21.,0.));
#1066=CARTESIAN_POINT('Origin',(9.05,21.,0.));
#1067=CARTESIAN_POINT('',(13.05,-21.,0.));
#1068=CARTESIAN_POINT('',(13.05,0.,0.));
#1069=CARTESIAN_POINT('Origin',(9.05,-21.,0.));
#1070=CARTESIAN_POINT('Origin',(13.05,-25.,0.));
#1071=CARTESIAN_POINT('',(9.05,-25.,4.));
#1072=CARTESIAN_POINT('',(9.05,-25.,0.));
#1073=CARTESIAN_POINT('',(-21.,-25.,4.));
#1074=CARTESIAN_POINT('',(13.05,-25.,4.));
#1075=CARTESIAN_POINT('',(-21.,-25.,0.));
#1076=CARTESIAN_POINT('Origin',(9.05,-21.,2.5));
#1077=CARTESIAN_POINT('',(13.05,-21.,4.));
#1078=CARTESIAN_POINT('',(13.05,-21.,0.));
#1079=CARTESIAN_POINT('Origin',(9.05,-21.,4.));
#1080=CARTESIAN_POINT('Origin',(13.05,-25.,0.));
#1081=CARTESIAN_POINT('',(13.05,10.7082418317618,4.));
#1082=CARTESIAN_POINT('',(13.05,21.,4.));
#1083=CARTESIAN_POINT('',(13.05,-25.,4.));
#1084=CARTESIAN_POINT('',(13.05,10.6028093797535,1.99999999999999));
#1085=CARTESIAN_POINT('Origin',(13.0493244575169,-6840.8347573463,364.184710191076));
#1086=CARTESIAN_POINT('',(13.05,-10.6028093797356,2.));
#1087=CARTESIAN_POINT('',(13.05,0.,2.));
#1088=CARTESIAN_POINT('',(13.05,-10.7082418318106,4.));
#1089=CARTESIAN_POINT('Origin',(13.05,6840.83335177643,364.184636383684));
#1090=CARTESIAN_POINT('',(13.05,-25.,4.));
#1091=CARTESIAN_POINT('',(13.05,21.,0.));
#1092=CARTESIAN_POINT('Origin',(9.05,21.,2.5));
#1093=CARTESIAN_POINT('',(9.05,25.,4.));
#1094=CARTESIAN_POINT('',(9.05,25.,0.));
#1095=CARTESIAN_POINT('Origin',(9.05,21.,4.));
#1096=CARTESIAN_POINT('Origin',(-25.,25.,0.));
#1097=CARTESIAN_POINT('',(-21.,25.,4.));
#1098=CARTESIAN_POINT('',(-21.,25.,0.));
#1099=CARTESIAN_POINT('',(-25.,25.,4.));
#1100=CARTESIAN_POINT('Origin',(-21.,21.,2.5));
#1101=CARTESIAN_POINT('',(-25.,21.,4.));
#1102=CARTESIAN_POINT('',(-25.,21.,0.));
#1103=CARTESIAN_POINT('Origin',(-21.,21.,4.));
#1104=CARTESIAN_POINT('Origin',(-25.,25.,0.));
#1105=CARTESIAN_POINT('',(-25.,-21.,4.));
#1106=CARTESIAN_POINT('',(-25.,-21.,0.));
#1107=CARTESIAN_POINT('',(-25.,25.,4.));
#1108=CARTESIAN_POINT('Origin',(-21.,-21.,2.5));
#1109=CARTESIAN_POINT('Origin',(-21.,-21.,4.));
#1110=CARTESIAN_POINT('Origin',(-5.96294426621093,-25.,4.));
#1111=CARTESIAN_POINT('',(-21.,-24.,5.));
#1112=CARTESIAN_POINT('',(-21.,-25.,4.));
#1113=CARTESIAN_POINT('',(9.05,-24.,5.));
#1114=CARTESIAN_POINT('',(9.05,-25.,4.));
#1115=CARTESIAN_POINT('',(-5.96294426621093,-24.,5.));
#1116=CARTESIAN_POINT('Origin',(9.05,-21.,-991.999999999996));
#1117=CARTESIAN_POINT('',(12.05,-21.,5.));
#1118=CARTESIAN_POINT('',(13.05,-21.,4.));
#1119=CARTESIAN_POINT('Origin',(9.05,-21.,5.));
#1120=CARTESIAN_POINT('Origin',(13.05,0.,4.));
#1121=CARTESIAN_POINT('',(12.05,21.,5.));
#1122=CARTESIAN_POINT('',(13.05,21.,4.));
#1123=CARTESIAN_POINT('',(12.05,10.8150222686438,5.));
#1124=CARTESIAN_POINT('',(12.05,0.,5.));
#1125=CARTESIAN_POINT('',(12.55,10.7616320502028,4.5));
#1126=CARTESIAN_POINT('Ctrl Pts',(11.302957662314,10.0443820859893,4.03489962195727));
#1127=CARTESIAN_POINT('Ctrl Pts',(11.3905111663412,9.9461531888652,4.04006357271551));
#1128=CARTESIAN_POINT('Ctrl Pts',(11.7704892413146,9.63937721840225,4.05619096548563));
#1129=CARTESIAN_POINT('Ctrl Pts',(12.3279434402317,9.57023214737694,4.05982596244147));
#1130=CARTESIAN_POINT('Ctrl Pts',(12.8396234907165,9.87337450086106,4.04388959104927));
#1131=CARTESIAN_POINT('Ctrl Pts',(13.0499580167696,10.3575634585073,4.01843549344586));
#1132=CARTESIAN_POINT('Ctrl Pts',(13.0500000000275,10.7082418383466,4.00000012525543));
#1133=CARTESIAN_POINT('Ctrl Pts',(11.3022932033313,10.0235444487635,3.62430207666735));
#1134=CARTESIAN_POINT('Ctrl Pts',(11.3897846447024,9.92518783668362,3.62947855772235));
#1135=CARTESIAN_POINT('Ctrl Pts',(11.7696363167298,9.61792958236922,3.64564946899755));
#1136=CARTESIAN_POINT('Ctrl Pts',(12.3273371104593,9.54833613739672,3.6493121313946));
#1137=CARTESIAN_POINT('Ctrl Pts',(12.8394511748011,9.85144156439461,3.63335975184035));
#1138=CARTESIAN_POINT('Ctrl Pts',(13.0499579166571,10.3358340741203,3.60786628399664));
#1139=CARTESIAN_POINT('Ctrl Pts',(13.0500000000302,10.6866564844656,3.58940257996565));
#1140=CARTESIAN_POINT('Ctrl Pts',(11.3016272697342,10.0026800593182,3.21370632522046));
#1141=CARTESIAN_POINT('Ctrl Pts',(11.3890562125942,9.90419530447056,3.21889542190826));
#1142=CARTESIAN_POINT('Ctrl Pts',(11.7687803095962,9.59645298531611,3.23511015393652));
#1143=CARTESIAN_POINT('Ctrl Pts',(12.3267282509272,9.52640900029747,3.23880069295004));
#1144=CARTESIAN_POINT('Ctrl Pts',(12.8392781489213,9.82947707413385,3.22283219752666));
#1145=CARTESIAN_POINT('Ctrl Pts',(13.0499578159363,10.3140738793689,3.1972990736384));
#1146=CARTESIAN_POINT('Ctrl Pts',(13.0500000000289,10.6650408349526,3.17880682851882));
#1147=CARTESIAN_POINT('Ctrl Pts',(11.3009598550263,9.98178864815597,2.80311239841694));
#1148=CARTESIAN_POINT('Ctrl Pts',(11.3883258584424,9.8831753195827,2.80831419732346));
#1149=CARTESIAN_POINT('Ctrl Pts',(11.7679211935406,9.5749471400043,2.82457305682501));
#1150=CARTESIAN_POINT('Ctrl Pts',(12.3261168372533,9.50445042670466,2.82829168691119));
#1151=CARTESIAN_POINT('Ctrl Pts',(12.839104406286,9.80748071487012,2.81230696635318));
#1152=CARTESIAN_POINT('Ctrl Pts',(13.0499577145982,10.2922825656408,2.78673389628039));
#1153=CARTESIAN_POINT('Ctrl Pts',(13.0500000000221,10.643394585666,2.76821290171521));
#1154=CARTESIAN_POINT('Ctrl Pts',(11.3002909526633,9.96086993968631,2.39252033059866));
#1155=CARTESIAN_POINT('Ctrl Pts',(11.3875935705072,9.8621276032308,2.3977349195978));
#1156=CARTESIAN_POINT('Ctrl Pts',(11.7670589416664,9.55341175278133,2.41403821790282));
#1157=CARTESIAN_POINT('Ctrl Pts',(12.3255028445329,9.48246010033623,2.41778515690252));
#1158=CARTESIAN_POINT('Ctrl Pts',(12.8389299399628,9.78545216434088,2.40178410033807));
#1159=CARTESIAN_POINT('Ctrl Pts',(13.0499576126379,10.2704598174081,2.37617078947051));
#1160=CARTESIAN_POINT('Ctrl Pts',(13.0500000000121,10.6217174256371,2.35762083389661));
#1161=CARTESIAN_POINT('Ctrl Pts',(11.2996205560223,9.93992365087301,1.98193014089588));
#1162=CARTESIAN_POINT('Ctrl Pts',(11.3868593368421,9.84105186911906,1.98715760919166));
#1163=CARTESIAN_POINT('Ctrl Pts',(11.7661935264855,9.53184652217603,2.00350566239109));
#1164=CARTESIAN_POINT('Ctrl Pts',(12.3248862472758,9.46043769655868,2.0072811316438));
#1165=CARTESIAN_POINT('Ctrl Pts',(12.838754742859,9.76339109176888,1.99126362654342));
#1166=CARTESIAN_POINT('Ctrl Pts',(13.0499575100553,10.2486053107801,1.96560977565168));
#1167=CARTESIAN_POINT('Ctrl Pts',(13.050000000005,10.6000090356383,1.94703064419358));
#1168=CARTESIAN_POINT('',(11.3028703829621,10.042674757192,4.00060743763419));
#1169=CARTESIAN_POINT('',(11.2996500586672,9.94084546462836,2.00000000000001));
#1170=CARTESIAN_POINT('Origin',(-410.847900181293,-7717.84571021696,396.899480040063));
#1171=CARTESIAN_POINT('Ctrl Pts',(11.2996500586672,9.94084546462835,2.));
#1172=CARTESIAN_POINT('Ctrl Pts',(11.3473811992744,9.886603206332,2.));
#1173=CARTESIAN_POINT('Ctrl Pts',(11.4008350413399,9.83771896804601,2.));
#1174=CARTESIAN_POINT('Ctrl Pts',(11.517375343941,9.75227640990348,2.));
#1175=CARTESIAN_POINT('Ctrl Pts',(11.5801391067752,9.71596509695059,2.));
#1176=CARTESIAN_POINT('Ctrl Pts',(11.7648430527037,9.63427770754413,2.));
#1177=CARTESIAN_POINT('Ctrl Pts',(11.8925245358487,9.60535560664569,2.));
#1178=CARTESIAN_POINT('Ctrl Pts',(12.1525795087691,9.59815224746373,2.));
#1179=CARTESIAN_POINT('Ctrl Pts',(12.2823364578783,9.62018543569542,2.));
#1180=CARTESIAN_POINT('Ctrl Pts',(12.5260705237798,9.71273687707368,2.));
#1181=CARTESIAN_POINT('Ctrl Pts',(12.6378005644645,9.78238657369966,2.));
#1182=CARTESIAN_POINT('Ctrl Pts',(12.8282597864941,9.96049057236833,2.));
#1183=CARTESIAN_POINT('Ctrl Pts',(12.9051986962627,10.0673091861366,2.));
#1184=CARTESIAN_POINT('Ctrl Pts',(12.9892370593075,10.2511781225492,2.));
#1185=CARTESIAN_POINT('Ctrl Pts',(13.0119240923874,10.3194047993116,2.));
#1186=CARTESIAN_POINT('Ctrl Pts',(13.0423497599438,10.4595831702339,2.));
#1187=CARTESIAN_POINT('Ctrl Pts',(13.0499913544616,10.5310900238971,2.));
#1188=CARTESIAN_POINT('Ctrl Pts',(13.050000000006,10.6028093797535,2.));
#1189=CARTESIAN_POINT('Ctrl Pts',(13.0499999951727,10.7082018420253,3.99991373463051));
#1190=CARTESIAN_POINT('Ctrl Pts',(13.0499881194133,10.6313170538756,3.99985065465928));
#1191=CARTESIAN_POINT('Ctrl Pts',(13.0411792966391,10.5544699348041,4.00015610567382));
#1192=CARTESIAN_POINT('Ctrl Pts',(13.008896567176,10.4163352215731,4.00000327539661));
#1193=CARTESIAN_POINT('Ctrl Pts',(12.9880616782613,10.3548149334795,3.99988875003141));
#1194=CARTESIAN_POINT('Ctrl Pts',(12.9077651426511,10.1769065755667,4.00013333122004));
#1195=CARTESIAN_POINT('Ctrl Pts',(12.8313571694659,10.0697473495774,4.00046929486208));
#1196=CARTESIAN_POINT('Ctrl Pts',(12.6418010480502,9.89076466001276,4.00095481389711));
#1197=CARTESIAN_POINT('Ctrl Pts',(12.5303812308945,9.82056263010936,4.00117209835508));
#1198=CARTESIAN_POINT('Ctrl Pts',(12.2870720486828,9.7268419784617,4.00136353697302));
#1199=CARTESIAN_POINT('Ctrl Pts',(12.1573869265976,9.70416436610578,4.00124194065603));
#1200=CARTESIAN_POINT('Ctrl Pts',(11.8972852507466,9.71014144541461,4.00144400889413));
#1201=CARTESIAN_POINT('Ctrl Pts',(11.7694370499297,9.73843918364983,4.00116876325805));
#1202=CARTESIAN_POINT('Ctrl Pts',(11.5311323182526,9.84247606263063,4.00102180807562));
#1203=CARTESIAN_POINT('Ctrl Pts',(11.4229898614904,9.91746988020899,4.00089578365991));
#1204=CARTESIAN_POINT('Ctrl Pts',(11.3224124181911,10.0211603306898,4.00052953600865));
#1205=CARTESIAN_POINT('Ctrl Pts',(11.3125583718394,10.0317724164849,4.00050910193081));
#1206=CARTESIAN_POINT('Ctrl Pts',(11.3029400421078,10.042594753886,4.00052515754976));
#1207=CARTESIAN_POINT('Origin',(0.,0.,2.));
#1208=CARTESIAN_POINT('',(11.2996500586767,-9.94084546461957,2.));
#1209=CARTESIAN_POINT('Ctrl Pts',(11.2996500586475,-9.94084546459388,2.));
#1210=CARTESIAN_POINT('Ctrl Pts',(11.3473811992264,-9.88660320633563,2.));
#1211=CARTESIAN_POINT('Ctrl Pts',(11.4008350412135,-9.83771896811707,2.));
#1212=CARTESIAN_POINT('Ctrl Pts',(11.5173753437253,-9.75227641001435,2.));
#1213=CARTESIAN_POINT('Ctrl Pts',(11.5801391065094,-9.7159650970724,2.));
#1214=CARTESIAN_POINT('Ctrl Pts',(11.7648430523704,-9.63427770763225,2.));
#1215=CARTESIAN_POINT('Ctrl Pts',(11.8925245355076,-9.60535560669676,2.));
#1216=CARTESIAN_POINT('Ctrl Pts',(12.1525795084247,-9.59815224743976,2.));
#1217=CARTESIAN_POINT('Ctrl Pts',(12.2823364575387,-9.62018543563349,2.));
#1218=CARTESIAN_POINT('Ctrl Pts',(12.5260705234668,-9.71273687694053,2.));
#1219=CARTESIAN_POINT('Ctrl Pts',(12.6378005641725,-9.78238657353473,2.));
#1220=CARTESIAN_POINT('Ctrl Pts',(12.8282597862558,-9.96049057215058,2.));
#1221=CARTESIAN_POINT('Ctrl Pts',(12.9051986960563,-10.0673091858987,2.));
#1222=CARTESIAN_POINT('Ctrl Pts',(12.9892370591723,-10.2511781223287,2.));
#1223=CARTESIAN_POINT('Ctrl Pts',(13.0119240922808,-10.3194047991273,2.));
#1224=CARTESIAN_POINT('Ctrl Pts',(13.0423497598774,-10.4595831701296,2.));
#1225=CARTESIAN_POINT('Ctrl Pts',(13.0499913544063,-10.5310900238357,2.));
#1226=CARTESIAN_POINT('Ctrl Pts',(13.0499999999526,-10.6028093797356,2.));
#1227=CARTESIAN_POINT('Origin',(0.,0.,2.));
#1228=CARTESIAN_POINT('Ctrl Pts',(11.2996205559661,-9.93992365087965,1.98193014089382));
#1229=CARTESIAN_POINT('Ctrl Pts',(11.386859336785,-9.84105186912657,1.98715760918963));
#1230=CARTESIAN_POINT('Ctrl Pts',(11.7661935264241,-9.53184652218544,2.00350566238919));
#1231=CARTESIAN_POINT('Ctrl Pts',(12.3248862472071,-9.46043769656484,2.00728113164233));
#1232=CARTESIAN_POINT('Ctrl Pts',(12.8387547427879,-9.76339109176281,1.99126362654267));
#1233=CARTESIAN_POINT('Ctrl Pts',(13.049957509993,-10.2486053107638,1.96560977565137));
#1234=CARTESIAN_POINT('Ctrl Pts',(13.0499999999523,-10.6000090356187,1.94703064419332));
#1235=CARTESIAN_POINT('Ctrl Pts',(11.3002909526151,-9.96086994013661,2.39252033903349));
#1236=CARTESIAN_POINT('Ctrl Pts',(11.3875935704595,-9.86212760368481,2.39773492803231));
#1237=CARTESIAN_POINT('Ctrl Pts',(11.767058941617,-9.5534117532477,2.41403822633619));
#1238=CARTESIAN_POINT('Ctrl Pts',(12.3255028444707,-9.48246010080905,2.41778516533552));
#1239=CARTESIAN_POINT('Ctrl Pts',(12.8389299398882,-9.78545216480141,2.40178410877212));
#1240=CARTESIAN_POINT('Ctrl Pts',(13.0499576125698,-10.2704598178531,2.37617079790608));
#1241=CARTESIAN_POINT('Ctrl Pts',(13.0499999999544,-10.6217174260757,2.35762084233302));
#1242=CARTESIAN_POINT('Ctrl Pts',(11.3009598549702,-9.98178864849816,2.80311240427334));
#1243=CARTESIAN_POINT('Ctrl Pts',(11.3883258583866,-9.88317531992795,2.80831420317945));
#1244=CARTESIAN_POINT('Ctrl Pts',(11.7679211934831,-9.57494714036017,2.82457306267961));
#1245=CARTESIAN_POINT('Ctrl Pts',(12.3261168371836,-9.50445042706411,2.82829169276514));
#1246=CARTESIAN_POINT('Ctrl Pts',(12.8391044062073,-9.80748071521669,2.81230697220802));
#1247=CARTESIAN_POINT('Ctrl Pts',(13.0499577145267,-10.292282565973,2.78673390213686));
#1248=CARTESIAN_POINT('Ctrl Pts',(13.0499999999618,-10.6433945859924,2.76821290757264));
#1249=CARTESIAN_POINT('Ctrl Pts',(11.3016272696384,-10.0026800582913,3.21370630372312));
#1250=CARTESIAN_POINT('Ctrl Pts',(11.3890562124949,-9.90419530343828,3.21889540041127));
#1251=CARTESIAN_POINT('Ctrl Pts',(11.7687803094873,-9.59645298426184,3.23511013244069));
#1252=CARTESIAN_POINT('Ctrl Pts',(12.326728250824,-9.52640899921849,3.23880067145497));
#1253=CARTESIAN_POINT('Ctrl Pts',(12.8392781488375,-9.82947707304113,3.22283217603154));
#1254=CARTESIAN_POINT('Ctrl Pts',(13.0499578158712,-10.3140738782757,3.19729905214222));
#1255=CARTESIAN_POINT('Ctrl Pts',(13.0499999999741,-10.6650408338643,3.17880680702198));
#1256=CARTESIAN_POINT('Ctrl Pts',(11.3022932031682,-10.0235444452589,3.62430200634056));
#1257=CARTESIAN_POINT('Ctrl Pts',(11.3897846445286,-9.92518783315817,3.62947848739734));
#1258=CARTESIAN_POINT('Ctrl Pts',(11.7696363165326,-9.61792957876445,3.64564939867867));
#1259=CARTESIAN_POINT('Ctrl Pts',(12.3273371102985,-9.54833613371424,3.64931206107972));
#1260=CARTESIAN_POINT('Ctrl Pts',(12.839451174712,-9.85144156069634,3.63335968152304));
#1261=CARTESIAN_POINT('Ctrl Pts',(13.0499579166052,-10.3358340704486,3.60786621367382));
#1262=CARTESIAN_POINT('Ctrl Pts',(13.0499999999867,-10.6866564808162,3.58940250963879));
#1263=CARTESIAN_POINT('Ctrl Pts',(11.3029576620739,-10.0443820796928,4.03489949670219));
#1264=CARTESIAN_POINT('Ctrl Pts',(11.3905111660823,-9.94615318253071,4.04006344746389));
#1265=CARTESIAN_POINT('Ctrl Pts',(11.7704892410161,-9.63937721192355,4.05619084024598));
#1266=CARTESIAN_POINT('Ctrl Pts',(12.3279434400039,-9.57023214076148,4.05982583720942));
#1267=CARTESIAN_POINT('Ctrl Pts',(12.8396234906187,-9.87337449422735,4.04388946581265));
#1268=CARTESIAN_POINT('Ctrl Pts',(13.04995801673,-10.3575634519292,4.01843536819827));
#1269=CARTESIAN_POINT('Ctrl Pts',(13.0499999999944,-10.7082418318106,4.));
#1270=CARTESIAN_POINT('',(11.3028703107621,-10.0426748574743,4.00060744941641));
#1271=CARTESIAN_POINT('Origin',(-410.846197346149,7717.8437803933,396.899379412871));
#1272=CARTESIAN_POINT('Ctrl Pts',(11.3029401606082,-10.0425946088592,4.00052493461151));
#1273=CARTESIAN_POINT('Ctrl Pts',(11.3125519152134,-10.0317796740744,4.00050890020677));
#1274=CARTESIAN_POINT('Ctrl Pts',(11.3223990562721,-10.0211747105425,4.00052927890651));
#1275=CARTESIAN_POINT('Ctrl Pts',(11.4229660983179,-9.91748883475668,4.00089525050532));
#1276=CARTESIAN_POINT('Ctrl Pts',(11.5311064921247,-9.84249177367106,4.00102238621831));
#1277=CARTESIAN_POINT('Ctrl Pts',(11.7694076368478,-9.73844756379425,4.00116726748198));
#1278=CARTESIAN_POINT('Ctrl Pts',(11.8972549825245,-9.71014616425645,4.00144502118081));
#1279=CARTESIAN_POINT('Ctrl Pts',(12.1573563895438,-9.70416105612936,4.00124159404735));
#1280=CARTESIAN_POINT('Ctrl Pts',(12.2870420982798,-9.72683476231081,4.00136352606717));
#1281=CARTESIAN_POINT('Ctrl Pts',(12.5303531143579,-9.82054749392213,4.00117242072481));
#1282=CARTESIAN_POINT('Ctrl Pts',(12.6417753630091,-9.89074591657618,4.00095257950274));
#1283=CARTESIAN_POINT('Ctrl Pts',(12.8313356647748,-10.0697215172969,4.00047127363607));
#1284=CARTESIAN_POINT('Ctrl Pts',(12.9077478208651,-10.1768784224819,4.00013085332353));
#1285=CARTESIAN_POINT('Ctrl Pts',(12.9880500388925,-10.3547839754331,3.9998883899346));
#1286=CARTESIAN_POINT('Ctrl Pts',(13.0088868795001,-10.4163033478385,4.00000396431948));
#1287=CARTESIAN_POINT('Ctrl Pts',(13.0411767508792,-10.5544477287758,4.00015659502738));
#1288=CARTESIAN_POINT('Ctrl Pts',(13.0499881132092,-10.6313059683098,3.99985016514745));
#1289=CARTESIAN_POINT('Ctrl Pts',(13.0499999951306,-10.7082017690267,3.99991346056895));
#1290=CARTESIAN_POINT('Origin',(13.05,0.,4.));
#1291=CARTESIAN_POINT('',(12.05,-10.8150222686438,5.));
#1292=CARTESIAN_POINT('',(12.05,0.,5.));
#1293=CARTESIAN_POINT('',(12.55,-10.7616320502272,4.5));
#1294=CARTESIAN_POINT('Origin',(9.04999999999823,21.,-991.999999999997));
#1295=CARTESIAN_POINT('',(9.05,24.,5.00000000000001));
#1296=CARTESIAN_POINT('',(9.05,25.,4.00000000000001));
#1297=CARTESIAN_POINT('Origin',(9.05,21.,5.00000000000001));
#1298=CARTESIAN_POINT('Origin',(-5.96294426621093,25.,4.));
#1299=CARTESIAN_POINT('',(-21.,24.,5.));
#1300=CARTESIAN_POINT('',(-21.,25.,4.));
#1301=CARTESIAN_POINT('',(-5.96294426621093,24.,5.));
#1302=CARTESIAN_POINT('Origin',(-21.,20.9999999999965,-991.999999999993));
#1303=CARTESIAN_POINT('',(-24.,21.,5.00000000000002));
#1304=CARTESIAN_POINT('',(-25.,21.,4.00000000000003));
#1305=CARTESIAN_POINT('Origin',(-21.,21.,5.00000000000002));
#1306=CARTESIAN_POINT('Origin',(-25.,0.,4.));
#1307=CARTESIAN_POINT('',(-24.,-21.,5.));
#1308=CARTESIAN_POINT('',(-25.,-21.,4.));
#1309=CARTESIAN_POINT('',(-24.,0.,5.));
#1310=CARTESIAN_POINT('Origin',(-20.9999999999965,-21.,-991.999999999993));
#1311=CARTESIAN_POINT('Origin',(-21.,-21.,5.00000000000002));
#1312=CARTESIAN_POINT('Origin',(0.,0.,5.));
#1313=CARTESIAN_POINT('',(-16.1219479800445,1.5,5.));
#1314=CARTESIAN_POINT('Origin',(-4.21537804662364E-16,-1.16573417585641E-15,
5.));
#1315=CARTESIAN_POINT('Origin',(-4.21537804662364E-16,-1.16573417585641E-15,
5.));
#1316=CARTESIAN_POINT('',(-16.1219479800445,-1.5,5.));
#1317=CARTESIAN_POINT('Origin',(-4.21537804662364E-16,-1.16573417585641E-15,
5.));
#1318=CARTESIAN_POINT('',(-20.,-1.5,5.));
#1319=CARTESIAN_POINT('',(-10.,-1.5,5.));
#1320=CARTESIAN_POINT('',(-20.,-3.,5.));
#1321=CARTESIAN_POINT('',(-20.,0.,5.));
#1322=CARTESIAN_POINT('',(-23.,4.88498130835069E-15,5.));
#1323=CARTESIAN_POINT('',(-21.5,-1.5,5.));
#1324=CARTESIAN_POINT('',(-20.,3.,5.));
#1325=CARTESIAN_POINT('',(-21.5,1.5,5.));
#1326=CARTESIAN_POINT('',(-20.,1.5,5.));
#1327=CARTESIAN_POINT('',(-20.,0.,5.));
#1328=CARTESIAN_POINT('',(9.18485099360515E-17,1.5,5.));
#1329=CARTESIAN_POINT('Ctrl Pts',(10.9054688609481,10.9621668395984,4.16403980157513));
#1330=CARTESIAN_POINT('Ctrl Pts',(10.9309940262866,10.9032587619794,4.15143724490225));
#1331=CARTESIAN_POINT('Ctrl Pts',(10.9572254920764,10.8425004645237,4.14159128520949));
#1332=CARTESIAN_POINT('Ctrl Pts',(10.9840559249933,10.7801731168743,4.13408301476858));
#1333=CARTESIAN_POINT('Ctrl Pts',(11.0469669803681,10.6339898535031,4.11704610716356));
#1334=CARTESIAN_POINT('Ctrl Pts',(11.1092269705613,10.4895121160336,4.09746817850962));
#1335=CARTESIAN_POINT('Ctrl Pts',(11.1442210487713,10.4085025042002,4.08369890326191));
#1336=CARTESIAN_POINT('Ctrl Pts',(11.2470567931296,10.1708228864136,4.03787378157513));
#1337=CARTESIAN_POINT('Ctrl Pts',(11.3478844230003,9.93840371161945,3.98421125539412));
#1338=CARTESIAN_POINT('Ctrl Pts',(11.4042262206164,9.81185868270452,3.9072729473788));
#1339=CARTESIAN_POINT('Ctrl Pts',(11.4623859346633,9.68055145232769,3.83742972607159));
#1340=CARTESIAN_POINT('Ctrl Pts',(11.5202495729625,9.55001981995673,3.76643096039121));
#1341=CARTESIAN_POINT('Ctrl Pts',(11.0706447673359,10.9404638647499,4.28624959930939));
#1342=CARTESIAN_POINT('Ctrl Pts',(11.0959713805333,10.8820759129636,4.27287211996473));
#1343=CARTESIAN_POINT('Ctrl Pts',(11.122100883509,10.8215847165991,4.26262821293252));
#1344=CARTESIAN_POINT('Ctrl Pts',(11.1490310524017,10.7589961012689,4.25550919877642));
#1345=CARTESIAN_POINT('Ctrl Pts',(11.2121823898195,10.6121833966994,4.23941008011514));
#1346=CARTESIAN_POINT('Ctrl Pts',(11.2747719386406,10.4668423496999,4.22111837507455));
#1347=CARTESIAN_POINT('Ctrl Pts',(11.3095302874917,10.3864502528846,4.20642907940496));
#1348=CARTESIAN_POINT('Ctrl Pts',(11.4119670575335,10.1498157854919,4.15904681388064));
#1349=CARTESIAN_POINT('Ctrl Pts',(11.5064232774947,9.9340871125657,4.08051751990479));
#1350=CARTESIAN_POINT('Ctrl Pts',(11.5593670447303,9.81644354082047,3.99031715001931));
#1351=CARTESIAN_POINT('Ctrl Pts',(11.6156076664803,9.69016355151277,3.91298396601874));
#1352=CARTESIAN_POINT('Ctrl Pts',(11.6710113015653,9.56607612675477,3.83238413408004));
#1353=CARTESIAN_POINT('Ctrl Pts',(11.2364682780549,10.9170644300204,4.41098691085181));
#1354=CARTESIAN_POINT('Ctrl Pts',(11.2615040401247,10.8594383898605,4.39647427813399));
#1355=CARTESIAN_POINT('Ctrl Pts',(11.2873303003264,10.7997415661952,4.38504685477581));
#1356=CARTESIAN_POINT('Ctrl Pts',(11.3142253991692,10.7372448201278,4.37779096686696));
#1357=CARTESIAN_POINT('Ctrl Pts',(11.3774543538894,10.5902287898036,4.36199477824167));
#1358=CARTESIAN_POINT('Ctrl Pts',(11.4391814556041,10.4471470033513,4.34033705653727));
#1359=CARTESIAN_POINT('Ctrl Pts',(11.4737366638455,10.3672870522896,4.32485493001204));
#1360=CARTESIAN_POINT('Ctrl Pts',(11.5736170004375,10.1373494004957,4.26749524380962));
#1361=CARTESIAN_POINT('Ctrl Pts',(11.6609576313435,9.94026067604482,4.16119474954021));
#1362=CARTESIAN_POINT('Ctrl Pts',(11.7125149070183,9.82624914811856,4.06558308699231));
#1363=CARTESIAN_POINT('Ctrl Pts',(11.7657877774716,9.70774345983233,3.97666716331375));
#1364=CARTESIAN_POINT('Ctrl Pts',(11.8189095249078,9.58963365236884,3.88716142654389));
#1365=CARTESIAN_POINT('Ctrl Pts',(11.4006382806531,10.897996513867,4.52927079951497));
#1366=CARTESIAN_POINT('Ctrl Pts',(11.424870237735,10.8424761157615,4.51162102254377));
#1367=CARTESIAN_POINT('Ctrl Pts',(11.4510035120355,10.7819750400606,4.50139183449175));
#1368=CARTESIAN_POINT('Ctrl Pts',(11.4783526797931,10.7182888181666,4.49590811733075));
#1369=CARTESIAN_POINT('Ctrl Pts',(11.5426860545654,10.5683796566191,4.48442233368256));
#1370=CARTESIAN_POINT('Ctrl Pts',(11.6036854425561,10.4272041840667,4.45992444183465));
#1371=CARTESIAN_POINT('Ctrl Pts',(11.6363228273643,10.3523681501676,4.43695730482363));
#1372=CARTESIAN_POINT('Ctrl Pts',(11.7322596104735,10.1327610041348,4.36420645243766));
#1373=CARTESIAN_POINT('Ctrl Pts',(11.8119669038446,9.9556685185376,4.22811405423089));
#1374=CARTESIAN_POINT('Ctrl Pts',(11.8625792303862,9.84413237290545,4.12881438055048));
#1375=CARTESIAN_POINT('Ctrl Pts',(11.9130502765204,9.73296632446261,4.02896330817974));
#1376=CARTESIAN_POINT('Ctrl Pts',(11.9641655295409,9.62011271606209,3.93162648984018));
#1377=CARTESIAN_POINT('Ctrl Pts',(11.6162560103126,10.8359094302071,4.7317123369861));
#1378=CARTESIAN_POINT('Ctrl Pts',(11.6363074045614,10.7913404059373,4.69774637777314));
#1379=CARTESIAN_POINT('Ctrl Pts',(11.6585765894284,10.7409616725162,4.67243616118271));
#1380=CARTESIAN_POINT('Ctrl Pts',(11.6840532006355,10.6821807869685,4.65964410417466));
#1381=CARTESIAN_POINT('Ctrl Pts',(11.7450713074008,10.5409562788418,4.63521926922153));
#1382=CARTESIAN_POINT('Ctrl Pts',(11.8015685634878,10.411574560265,4.59315015370185));
#1383=CARTESIAN_POINT('Ctrl Pts',(11.8323303477736,10.34165183668,4.56286279662532));
#1384=CARTESIAN_POINT('Ctrl Pts',(11.9176732634344,10.1497963134364,4.44876548472424));
#1385=CARTESIAN_POINT('Ctrl Pts',(11.9920348761608,9.98670733633409,4.29180960399421));
#1386=CARTESIAN_POINT('Ctrl Pts',(12.0398166259563,9.88258615020687,4.18146256471259));
#1387=CARTESIAN_POINT('Ctrl Pts',(12.0887400887713,9.77547414045405,4.07557147991298));
#1388=CARTESIAN_POINT('Ctrl Pts',(12.1382129602995,9.66692290338986,3.97182466444892));
#1389=CARTESIAN_POINT('Ctrl Pts',(11.8216560593793,10.8005885128197,4.89427562234313));
#1390=CARTESIAN_POINT('Ctrl Pts',(11.8381706903914,10.7652843693612,4.84650614532207));
#1391=CARTESIAN_POINT('Ctrl Pts',(11.8577675487137,10.7219060442991,4.81076619267598));
#1392=CARTESIAN_POINT('Ctrl Pts',(11.8815548707999,10.6675504089907,4.79138106429131));
#1393=CARTESIAN_POINT('Ctrl Pts',(11.9390412265096,10.5355776518,4.75317227340801));
#1394=CARTESIAN_POINT('Ctrl Pts',(11.9872439509058,10.4279242317714,4.67873070085819));
#1395=CARTESIAN_POINT('Ctrl Pts',(12.0148741968328,10.3662048646759,4.63622136492457));
#1396=CARTESIAN_POINT('Ctrl Pts',(12.0920759640673,10.1956758382284,4.49035023053094));
#1397=CARTESIAN_POINT('Ctrl Pts',(12.1637782311732,10.0395532647447,4.32301527657091));
#1398=CARTESIAN_POINT('Ctrl Pts',(12.2101376961115,9.93915788631198,4.20711724813906));
#1399=CARTESIAN_POINT('Ctrl Pts',(12.2582322766437,9.83421721092431,4.09799114572968));
#1400=CARTESIAN_POINT('Ctrl Pts',(12.3068030678199,9.72802905738701,3.99072363030091));
#1401=CARTESIAN_POINT('Ctrl Pts',(11.8585651103728,10.7956547618103,4.92169074682092));
#1402=CARTESIAN_POINT('Ctrl Pts',(11.8744240894736,10.7620681596192,4.87136234735337));
#1403=CARTESIAN_POINT('Ctrl Pts',(11.8936588855953,10.7196382902242,4.83420931396106));
#1404=CARTESIAN_POINT('Ctrl Pts',(11.9171586612745,10.6660359095192,4.81370193008889));
#1405=CARTESIAN_POINT('Ctrl Pts',(11.9732134792405,10.5378131988214,4.76990603726635));
#1406=CARTESIAN_POINT('Ctrl Pts',(12.0210178651991,10.4312032634422,4.69390980262932));
#1407=CARTESIAN_POINT('Ctrl Pts',(12.0475270584158,10.3724205983678,4.64702514665962));
#1408=CARTESIAN_POINT('Ctrl Pts',(12.1236944025186,10.2046013396886,4.49711679598575));
#1409=CARTESIAN_POINT('Ctrl Pts',(12.1947066775964,10.0502862646076,4.32708889465822));
#1410=CARTESIAN_POINT('Ctrl Pts',(12.241086909413,9.94983648540239,4.21127191659796));
#1411=CARTESIAN_POINT('Ctrl Pts',(12.2889201848541,9.84558032304612,4.10112597507664));
#1412=CARTESIAN_POINT('Ctrl Pts',(12.3373882429709,9.73966128832929,3.99345750614327));
#1413=CARTESIAN_POINT('Ctrl Pts',(11.946720224956,10.7895917714165,4.97989767570432));
#1414=CARTESIAN_POINT('Ctrl Pts',(11.9610573873289,10.7599917099287,4.92362982739646));
#1415=CARTESIAN_POINT('Ctrl Pts',(11.9791994579773,10.7204243367177,4.88221203141765));
#1416=CARTESIAN_POINT('Ctrl Pts',(12.0018300283181,10.6690989203785,4.85831225439836));
#1417=CARTESIAN_POINT('Ctrl Pts',(12.0551511738468,10.5480373193209,4.80384720063811));
#1418=CARTESIAN_POINT('Ctrl Pts',(12.1017432040848,10.4446032627044,4.72311930242646));
#1419=CARTESIAN_POINT('Ctrl Pts',(12.12622863469,10.3911220323404,4.6683361694094));
#1420=CARTESIAN_POINT('Ctrl Pts',(12.2000015128503,10.2295753002851,4.50908253575588));
#1421=CARTESIAN_POINT('Ctrl Pts',(12.2699893362173,10.0779438719063,4.33505633528135));
#1422=CARTESIAN_POINT('Ctrl Pts',(12.3161697704834,9.97801748099946,4.21845957388178));
#1423=CARTESIAN_POINT('Ctrl Pts',(12.3636625987475,9.87465315174201,4.1069849121845));
#1424=CARTESIAN_POINT('Ctrl Pts',(12.4118792217947,9.76939277461578,3.99833512552387));
#1425=CARTESIAN_POINT('Ctrl Pts',(12.0275142092,10.8028119477672,5.00937508922992));
#1426=CARTESIAN_POINT('Ctrl Pts',(12.0405191337443,10.7767018073931,4.9479076933808));
#1427=CARTESIAN_POINT('Ctrl Pts',(12.0575718468847,10.7399881076675,4.90223827953703));
#1428=CARTESIAN_POINT('Ctrl Pts',(12.079592855883,10.6902594940566,4.8759594654481));
#1429=CARTESIAN_POINT('Ctrl Pts',(12.1313445569141,10.5733091990822,4.81536907797975));
#1430=CARTESIAN_POINT('Ctrl Pts',(12.1773889979711,10.471309603343,4.73250401182516));
#1431=CARTESIAN_POINT('Ctrl Pts',(12.2010002277663,10.4201184234484,4.67430898899762));
#1432=CARTESIAN_POINT('Ctrl Pts',(12.2738235260027,10.2610592044739,4.51134927085046));
#1433=CARTESIAN_POINT('Ctrl Pts',(12.3436102528875,10.1099545670659,4.33653821747877));
#1434=CARTESIAN_POINT('Ctrl Pts',(12.3896787347383,10.0103214459413,4.21950452065123));
#1435=CARTESIAN_POINT('Ctrl Pts',(12.4371127325003,9.90711122866523,4.10780025130737));
#1436=CARTESIAN_POINT('Ctrl Pts',(12.4852260070557,9.80212158254213,3.9987471091909));
#1437=CARTESIAN_POINT('Ctrl Pts',(12.0716681755252,10.8202611179228,5.01248737868481));
#1438=CARTESIAN_POINT('Ctrl Pts',(12.0842493207503,10.7952611069577,4.9493660283618));
#1439=CARTESIAN_POINT('Ctrl Pts',(12.1008579205387,10.7597108035348,4.90196329901094));
#1440=CARTESIAN_POINT('Ctrl Pts',(12.1226450304439,10.7105949103901,4.8747716077853));
#1441=CARTESIAN_POINT('Ctrl Pts',(12.1742272836811,10.594088499699,4.81351988805233));
#1442=CARTESIAN_POINT('Ctrl Pts',(12.2200212169162,10.4927451325388,4.72967712309503));
#1443=CARTESIAN_POINT('Ctrl Pts',(12.243657055132,10.4414894885933,4.67157814366966));
#1444=CARTESIAN_POINT('Ctrl Pts',(12.3166951072692,10.2818677017677,4.50945658151277));
#1445=CARTESIAN_POINT('Ctrl Pts',(12.3865498155447,10.1305849807733,4.33491085049187));
#1446=CARTESIAN_POINT('Ctrl Pts',(12.4326682829277,10.0308209178898,4.21807224056702));
#1447=CARTESIAN_POINT('Ctrl Pts',(12.4801198353084,9.92756471465442,4.10643648457162));
#1448=CARTESIAN_POINT('Ctrl Pts',(12.5282368022553,9.82256539596786,3.99739775336931));
#1449=CARTESIAN_POINT('Ctrl Pts',(12.1318763815928,10.8620663642664,4.99383498930566));
#1450=CARTESIAN_POINT('Ctrl Pts',(12.1444543038229,10.8370747962372,4.93070106006056));
#1451=CARTESIAN_POINT('Ctrl Pts',(12.1609038118883,10.8019412484049,4.88267741681614));
#1452=CARTESIAN_POINT('Ctrl Pts',(12.1823938727824,10.7536035028202,4.8543263826998));
#1453=CARTESIAN_POINT('Ctrl Pts',(12.2350930106693,10.6341713087314,4.79743371561476));
#1454=CARTESIAN_POINT('Ctrl Pts',(12.2805679510429,10.5336635730916,4.71234596382948));
#1455=CARTESIAN_POINT('Ctrl Pts',(12.3053427221482,10.4794243883302,4.65869208840732));
#1456=CARTESIAN_POINT('Ctrl Pts',(12.3796017508864,10.3166041395426,4.50133583597759));
#1457=CARTESIAN_POINT('Ctrl Pts',(12.450021137874,10.1638421900517,4.32899397107327));
#1458=CARTESIAN_POINT('Ctrl Pts',(12.4962444237756,10.0638035452932,4.21256445392342));
#1459=CARTESIAN_POINT('Ctrl Pts',(12.5438941401944,9.9600282328975,4.10170210588496));
#1460=CARTESIAN_POINT('Ctrl Pts',(12.5920895242814,9.8548234932065,3.99296942637946));
#1461=CARTESIAN_POINT('Ctrl Pts',(12.185592192683,10.920879044136,4.94984364345977));
#1462=CARTESIAN_POINT('Ctrl Pts',(12.1986424993015,10.8946500211903,4.888553367827));
#1463=CARTESIAN_POINT('Ctrl Pts',(12.2152701935179,10.8590496981342,4.84122516149608));
#1464=CARTESIAN_POINT('Ctrl Pts',(12.2363733988241,10.8117253568046,4.8113642813313));
#1465=CARTESIAN_POINT('Ctrl Pts',(12.2908759505268,10.687568952205,4.76151009917048));
#1466=CARTESIAN_POINT('Ctrl Pts',(12.3376406356901,10.5836826099259,4.68145605023171));
#1467=CARTESIAN_POINT('Ctrl Pts',(12.3640062828744,10.525275977057,4.63401115313738));
#1468=CARTESIAN_POINT('Ctrl Pts',(12.4406234021194,10.3562784904884,4.48585821518663));
#1469=CARTESIAN_POINT('Ctrl Pts',(12.5120479692777,10.2008833778901,4.31743943516433));
#1470=CARTESIAN_POINT('Ctrl Pts',(12.5586233064505,10.0999225020268,4.20238392743111));
#1471=CARTESIAN_POINT('Ctrl Pts',(12.6066290020248,9.9952146690673,4.09291091882078));
#1472=CARTESIAN_POINT('Ctrl Pts',(12.6550149204638,9.88951080688968,3.9849218696191));
#1473=CARTESIAN_POINT('Ctrl Pts',(12.2028510934478,10.9420793985402,4.93278059681393));
#1474=CARTESIAN_POINT('Ctrl Pts',(12.2161100949991,10.9153036797746,4.87230482982299));
#1475=CARTESIAN_POINT('Ctrl Pts',(12.232852818101,10.8794020278359,4.82542556597507));
#1476=CARTESIAN_POINT('Ctrl Pts',(12.2537523099772,10.8326113328156,4.79476961931312));
#1477=CARTESIAN_POINT('Ctrl Pts',(12.3088923501207,10.7067849678519,4.74740346998237));
#1478=CARTESIAN_POINT('Ctrl Pts',(12.3563294079067,10.601137282844,4.66997360220879));
#1479=CARTESIAN_POINT('Ctrl Pts',(12.3832178272496,10.5413611996002,4.62456901551049));
#1480=CARTESIAN_POINT('Ctrl Pts',(12.4607301136033,10.3700187393896,4.47990979605278));
#1481=CARTESIAN_POINT('Ctrl Pts',(12.5325307666003,10.2136384348976,4.31295882917631));
#1482=CARTESIAN_POINT('Ctrl Pts',(12.5792543093343,10.1122893207587,4.19848174809113));
#1483=CARTESIAN_POINT('Ctrl Pts',(12.6273969663461,10.0072227045535,4.08954328180494));
#1484=CARTESIAN_POINT('Ctrl Pts',(12.67585598908,9.90132733886428,3.98183954897007));
#1485=CARTESIAN_POINT('Ctrl Pts',(12.3069299022253,11.0817919029518,4.81480014870261));
#1486=CARTESIAN_POINT('Ctrl Pts',(12.3216686349761,11.0511398904452,4.76009957631725));
#1487=CARTESIAN_POINT('Ctrl Pts',(12.3397896767169,11.0116276044171,4.71859970730114));
#1488=CARTESIAN_POINT('Ctrl Pts',(12.3594936476452,10.9679686879041,4.68327780094932));
#1489=CARTESIAN_POINT('Ctrl Pts',(12.4169636888444,10.8360386680936,4.64500533669541));
#1490=CARTESIAN_POINT('Ctrl Pts',(12.4718541106906,10.7108662015162,4.59666496025866));
#1491=CARTESIAN_POINT('Ctrl Pts',(12.5003058656169,10.6469948150589,4.55736186498679));
#1492=CARTESIAN_POINT('Ctrl Pts',(12.584866467141,10.4571886365828,4.44021128477391));
#1493=CARTESIAN_POINT('Ctrl Pts',(12.6582405801034,10.2966865071153,4.27940132344409));
#1494=CARTESIAN_POINT('Ctrl Pts',(12.7069682004552,10.1900875249409,4.17274589148679));
#1495=CARTESIAN_POINT('Ctrl Pts',(12.7554790848236,10.0840563028682,4.06524456773292));
#1496=CARTESIAN_POINT('Ctrl Pts',(12.804638212633,9.97632694670632,3.96027325214822));
#1497=CARTESIAN_POINT('Ctrl Pts',(12.3959921136255,11.2608417832573,4.63821191278064));
#1498=CARTESIAN_POINT('Ctrl Pts',(12.4134988733496,11.2229386662033,4.59431458252959));
#1499=CARTESIAN_POINT('Ctrl Pts',(12.4334029441601,11.178755569406,4.55977363947735));
#1500=CARTESIAN_POINT('Ctrl Pts',(12.4577295263598,11.1229872919887,4.54249317178972));
#1501=CARTESIAN_POINT('Ctrl Pts',(12.5175551503013,10.9848866037202,4.5134142345422));
#1502=CARTESIAN_POINT('Ctrl Pts',(12.5774077803567,10.8467151704201,4.48444069857531));
#1503=CARTESIAN_POINT('Ctrl Pts',(12.6082899883573,10.7764769856946,4.45462333928504));
#1504=CARTESIAN_POINT('Ctrl Pts',(12.7000951603814,10.5676929798325,4.36574735683752));
#1505=CARTESIAN_POINT('Ctrl Pts',(12.7786037118278,10.3937407103916,4.22497642789555));
#1506=CARTESIAN_POINT('Ctrl Pts',(12.8293217394448,10.2819276709438,4.12608929149341));
#1507=CARTESIAN_POINT('Ctrl Pts',(12.8792242645029,10.1722509164283,4.02401935676854));
#1508=CARTESIAN_POINT('Ctrl Pts',(12.9294928128638,10.0616153297695,3.92337796244643));
#1509=CARTESIAN_POINT('Ctrl Pts',(12.4757979917483,11.3977278380435,4.509919682973));
#1510=CARTESIAN_POINT('Ctrl Pts',(12.4953975502824,11.3543424395247,4.47419026889586));
#1511=CARTESIAN_POINT('Ctrl Pts',(12.5176147673891,11.3040998404936,4.44867722902964));
#1512=CARTESIAN_POINT('Ctrl Pts',(12.5417186232768,11.2489150154016,4.43052749008779));
#1513=CARTESIAN_POINT('Ctrl Pts',(12.6008909251359,11.1125257651966,4.39889872340709));
#1514=CARTESIAN_POINT('Ctrl Pts',(12.6620253003418,10.9709966810574,4.37492766875605));
#1515=CARTESIAN_POINT('Ctrl Pts',(12.695319080017,10.8944411596491,4.35452235384893));
#1516=CARTESIAN_POINT('Ctrl Pts',(12.7907884709329,10.6760583910126,4.27994733172605));
#1517=CARTESIAN_POINT('Ctrl Pts',(12.8769193735596,10.4821386624965,4.16892542843701));
#1518=CARTESIAN_POINT('Ctrl Pts',(12.927551162934,10.37055153216,4.06970171561237));
#1519=CARTESIAN_POINT('Ctrl Pts',(12.9800071932999,10.2541856325861,3.97759777341518));
#1520=CARTESIAN_POINT('Ctrl Pts',(13.0316624355546,10.139917472077,3.88236846143407));
#1521=CARTESIAN_POINT('Ctrl Pts',(12.5545934842582,11.5372606920778,4.37768405213295));
#1522=CARTESIAN_POINT('Ctrl Pts',(12.5752534983367,11.4910973314603,4.34609345538999));
#1523=CARTESIAN_POINT('Ctrl Pts',(12.5979593185329,11.4395747911141,4.32248736857534));
#1524=CARTESIAN_POINT('Ctrl Pts',(12.6228518600288,11.3823239305911,4.30741576495393));
#1525=CARTESIAN_POINT('Ctrl Pts',(12.6835651216075,11.2418979928327,4.28180115967085));
#1526=CARTESIAN_POINT('Ctrl Pts',(12.7458887366299,11.0972535841951,4.26247155028686));
#1527=CARTESIAN_POINT('Ctrl Pts',(12.7802468247186,11.0179100077384,4.24622008995128));
#1528=CARTESIAN_POINT('Ctrl Pts',(12.8788524344299,10.7913116217724,4.18388531380902));
#1529=CARTESIAN_POINT('Ctrl Pts',(12.9705619069291,10.5827783097321,4.09463582880873));
#1530=CARTESIAN_POINT('Ctrl Pts',(13.0240542626263,10.4636976593998,4.00657652692622));
#1531=CARTESIAN_POINT('Ctrl Pts',(13.0777202790097,10.3441620887211,3.91919499966684));
#1532=CARTESIAN_POINT('Ctrl Pts',(13.1311560699701,10.2252296149881,3.83091493311729));
#1533=CARTESIAN_POINT('Ctrl Pts',(12.6324942647483,11.6791373276065,4.24195647895131));
#1534=CARTESIAN_POINT('Ctrl Pts',(12.6540849979871,11.6305358614355,4.21399835564343));
#1535=CARTESIAN_POINT('Ctrl Pts',(12.6776626453555,11.5767294885854,4.19379489464558));
#1536=CARTESIAN_POINT('Ctrl Pts',(12.7031161753621,11.5180090663926,4.18091275477364));
#1537=CARTESIAN_POINT('Ctrl Pts',(12.7648536921219,11.3748999967596,4.1592956816086));
#1538=CARTESIAN_POINT('Ctrl Pts',(12.8280525005453,11.2279629374682,4.14338183598585));
#1539=CARTESIAN_POINT('Ctrl Pts',(12.8631091943034,11.1467892983729,4.12985694091712));
#1540=CARTESIAN_POINT('Ctrl Pts',(12.963922477244,10.9144077066979,4.07613842057089));
#1541=CARTESIAN_POINT('Ctrl Pts',(13.0601035592876,10.6941605968464,4.00434103452195));
#1542=CARTESIAN_POINT('Ctrl Pts',(13.1178471988631,10.5639433123113,3.93287392974077));
#1543=CARTESIAN_POINT('Ctrl Pts',(13.1726991840164,10.4413009859462,3.85012108128657));
#1544=CARTESIAN_POINT('Ctrl Pts',(13.2279020807013,10.3177394141301,3.76873779399684));
#1545=CARTESIAN_POINT('Ctrl Pts',(11.3028703829619,10.0426747571918,4.00060743763424));
#1546=CARTESIAN_POINT('Ctrl Pts',(11.3525180845698,10.0940312485761,4.06702619342928));
#1547=CARTESIAN_POINT('Ctrl Pts',(11.4022218480109,10.145409745317,4.13350038403627));
#1548=CARTESIAN_POINT('Ctrl Pts',(11.4520205143674,10.196794688123,4.20004720314395));
#1549=CARTESIAN_POINT('Ctrl Pts',(11.4609272860725,10.2059851742974,4.2119494762139));
#1550=CARTESIAN_POINT('Ctrl Pts',(11.4698358934402,10.2151762980026,4.22385350364477));
#1551=CARTESIAN_POINT('Ctrl Pts',(11.4787425042125,10.2243694358071,4.23575747032928));
#1552=CARTESIAN_POINT('Ctrl Pts',(11.5196336603749,10.2665760667241,4.29040979241852));
#1553=CARTESIAN_POINT('Ctrl Pts',(11.5604481349481,10.3088377158085,4.34504457356341));
#1554=CARTESIAN_POINT('Ctrl Pts',(11.6013197793526,10.3511039691999,4.39972371029));
#1555=CARTESIAN_POINT('Ctrl Pts',(11.6510937846219,10.4025763469244,4.4663126542681));
#1556=CARTESIAN_POINT('Ctrl Pts',(11.7007690417978,10.4541219907958,4.53288096668511));
#1557=CARTESIAN_POINT('Ctrl Pts',(11.7506667431756,10.5056211603643,4.59957746754753));
#1558=CARTESIAN_POINT('Ctrl Pts',(11.7696795810272,10.525244215805,4.62499125858703));
#1559=CARTESIAN_POINT('Ctrl Pts',(11.7887844149395,10.5448389670856,4.65045173231578));
#1560=CARTESIAN_POINT('Ctrl Pts',(11.8077963423457,10.5644720772369,4.67587180826598));
#1561=CARTESIAN_POINT('Ctrl Pts',(11.8190641280409,10.5761080188745,4.69093750686889));
#1562=CARTESIAN_POINT('Ctrl Pts',(11.830277250887,10.587765383411,4.70597866069051));
#1563=CARTESIAN_POINT('Ctrl Pts',(11.841510598993,10.5994170745831,4.72103046841582));
#1564=CARTESIAN_POINT('Ctrl Pts',(11.8610662469735,10.6197009978433,4.74723350695491));
#1565=CARTESIAN_POINT('Ctrl Pts',(11.8806031133846,10.6399966531575,4.77343117613476));
#1566=CARTESIAN_POINT('Ctrl Pts',(11.9001769931247,10.6602837626651,4.79964961102283));
#1567=CARTESIAN_POINT('Ctrl Pts',(11.9206080679088,10.6814593015469,4.82701622464422));
#1568=CARTESIAN_POINT('Ctrl Pts',(11.9410993767675,10.7026183553323,4.85441481594333));
#1569=CARTESIAN_POINT('Ctrl Pts',(11.9616231990639,10.7237708554602,4.88183226533735));
#1570=CARTESIAN_POINT('Ctrl Pts',(11.9911145892739,10.7541656145932,4.92122934678569));
#1571=CARTESIAN_POINT('Ctrl Pts',(12.0211500268378,10.7843751963228,4.96088935378313));
#1572=CARTESIAN_POINT('Ctrl Pts',(12.0498297370853,10.8150833473058,4.99991988360478));
#1573=CARTESIAN_POINT('Origin',(0.,0.,2.));
#1574=CARTESIAN_POINT('Origin',(0.,0.,4.00060917298091));
#1575=CARTESIAN_POINT('',(-15.0452626098471,1.50000093534072,4.00030458649045));
#1576=CARTESIAN_POINT('Origin',(0.,0.,4.00060917298091));
#1577=CARTESIAN_POINT('',(-15.0452626098471,-1.50000093534071,4.00030458649045));
#1578=CARTESIAN_POINT('Origin',(0.,0.,4.));
#1579=CARTESIAN_POINT('Origin',(0.,0.,4.00060917298091));
#1580=CARTESIAN_POINT('Ctrl Pts',(11.5202585067047,-9.55003189064215,3.76638205197081));
#1581=CARTESIAN_POINT('Ctrl Pts',(11.4622901322742,-9.68078873259425,3.83755163787375));
#1582=CARTESIAN_POINT('Ctrl Pts',(11.4040311253025,-9.81230691393339,3.90758692298712));
#1583=CARTESIAN_POINT('Ctrl Pts',(11.3475590565627,-9.93914404182796,3.98459639426215));
#1584=CARTESIAN_POINT('Ctrl Pts',(11.2465392978949,-10.1720129067886,4.0380942151899));
#1585=CARTESIAN_POINT('Ctrl Pts',(11.1435543139113,-10.4100298650449,4.0839220187904));
#1586=CARTESIAN_POINT('Ctrl Pts',(11.1085504475255,-10.4910606550923,4.09765866325359));
#1587=CARTESIAN_POINT('Ctrl Pts',(11.0464147483703,-10.6352458452876,4.11715570421886));
#1588=CARTESIAN_POINT('Ctrl Pts',(10.983668396922,-10.7810306968301,4.13426944916671));
#1589=CARTESIAN_POINT('Ctrl Pts',(10.9569963920516,-10.8429805343739,4.14182449380599));
#1590=CARTESIAN_POINT('Ctrl Pts',(10.9309227094746,-10.9033630101687,4.15171471208719));
#1591=CARTESIAN_POINT('Ctrl Pts',(10.9055511533919,-10.9619061993083,4.16434523822654));
#1592=CARTESIAN_POINT('Ctrl Pts',(11.6710216024757,-9.56608375576113,3.83234671152699));
#1593=CARTESIAN_POINT('Ctrl Pts',(11.6155160985181,-9.690388875934,3.91312855870539));
#1594=CARTESIAN_POINT('Ctrl Pts',(11.5591687248988,-9.81689935318551,3.9906246987231));
#1595=CARTESIAN_POINT('Ctrl Pts',(11.506120756434,-9.93476672706324,4.08099798544795));
#1596=CARTESIAN_POINT('Ctrl Pts',(11.4114730945429,-10.1509432827824,4.15936526652966));
#1597=CARTESIAN_POINT('Ctrl Pts',(11.3088720876445,-10.3879543768045,4.20669168246405));
#1598=CARTESIAN_POINT('Ctrl Pts',(11.274100702815,-10.4683761594612,4.22133567202947));
#1599=CARTESIAN_POINT('Ctrl Pts',(11.2116280902403,-10.6134439261747,4.23951778399168));
#1600=CARTESIAN_POINT('Ctrl Pts',(11.1486455457301,-10.7598475077473,4.25570969831629));
#1601=CARTESIAN_POINT('Ctrl Pts',(11.1218754670563,-10.8220542588805,4.26288197373036));
#1602=CARTESIAN_POINT('Ctrl Pts',(11.095906449944,-10.8821625536068,4.27318068762834));
#1603=CARTESIAN_POINT('Ctrl Pts',(11.0707320940207,-10.9401891583065,4.28658086019339));
#1604=CARTESIAN_POINT('Ctrl Pts',(11.8189217581303,-9.58963536287037,3.88713769032402));
#1605=CARTESIAN_POINT('Ctrl Pts',(11.7657035251592,-9.70794876070093,3.97684645695328));
#1606=CARTESIAN_POINT('Ctrl Pts',(11.7123112489168,-9.82671808131596,4.06587595546283));
#1607=CARTESIAN_POINT('Ctrl Pts',(11.660682740818,-9.94086704472121,4.16178921030875));
#1608=CARTESIAN_POINT('Ctrl Pts',(11.5731355898711,-10.138443141502,4.26786885675327));
#1609=CARTESIAN_POINT('Ctrl Pts',(11.4731003696918,-10.3687329149188,4.32520920260902));
#1610=CARTESIAN_POINT('Ctrl Pts',(11.4385143375583,-10.4486691486853,4.34057659950023));
#1611=CARTESIAN_POINT('Ctrl Pts',(11.3769001184443,-10.5914882726679,4.36210890884873));
#1612=CARTESIAN_POINT('Ctrl Pts',(11.3138347782137,-10.7381087454489,4.37797768230754));
#1613=CARTESIAN_POINT('Ctrl Pts',(11.2871275055495,-10.8001509703088,4.38539508136136));
#1614=CARTESIAN_POINT('Ctrl Pts',(11.2614383560624,-10.8595261253623,4.39678608198956));
#1615=CARTESIAN_POINT('Ctrl Pts',(11.2365513761743,-10.9167999213999,4.41130784562718));
#1616=CARTESIAN_POINT('Ctrl Pts',(11.964177148165,-9.62011518327339,3.9316064948814));
#1617=CARTESIAN_POINT('Ctrl Pts',(11.9129655279133,-9.73317206959558,4.02914680845994));
#1618=CARTESIAN_POINT('Ctrl Pts',(11.8624053521351,-9.84452243560155,4.12922962459966));
#1619=CARTESIAN_POINT('Ctrl Pts',(11.811675956899,-9.95631608795753,4.22865199933204));
#1620=CARTESIAN_POINT('Ctrl Pts',(11.7318463823846,-10.1336752644815,4.36485233701747));
#1621=CARTESIAN_POINT('Ctrl Pts',(11.6356917933561,-10.3537993581405,4.43733827861082));
#1622=CARTESIAN_POINT('Ctrl Pts',(11.6030538129951,-10.4286324863291,4.46030866673538));
#1623=CARTESIAN_POINT('Ctrl Pts',(11.5420946711532,-10.5697355735368,4.48439765698339));
#1624=CARTESIAN_POINT('Ctrl Pts',(11.4779643672142,-10.7191458193191,4.49611001640172));
#1625=CARTESIAN_POINT('Ctrl Pts',(11.4507354361745,-10.7825545775553,4.50149145105663));
#1626=CARTESIAN_POINT('Ctrl Pts',(11.424803053147,-10.8425669058371,4.51193314299517));
#1627=CARTESIAN_POINT('Ctrl Pts',(11.4007337940878,-10.897698604944,4.52964636405771));
#1628=CARTESIAN_POINT('Ctrl Pts',(12.1382249478637,-9.66692337500625,3.97181360069164));
#1629=CARTESIAN_POINT('Ctrl Pts',(12.0886600131099,-9.77566661316574,4.0757807123573));
#1630=CARTESIAN_POINT('Ctrl Pts',(12.0396456447411,-9.88296759068798,4.18189661260166));
#1631=CARTESIAN_POINT('Ctrl Pts',(11.9917628362254,-9.98730434031901,4.29242884292707));
#1632=CARTESIAN_POINT('Ctrl Pts',(11.9173041017989,-10.15059409405,4.44959086688959));
#1633=CARTESIAN_POINT('Ctrl Pts',(11.8317531307773,-10.3429410090114,4.56346134245211));
#1634=CARTESIAN_POINT('Ctrl Pts',(11.8009758240529,-10.4128999269005,4.5936936963767));
#1635=CARTESIAN_POINT('Ctrl Pts',(11.7445543780207,-10.5421160914278,4.63549271977123));
#1636=CARTESIAN_POINT('Ctrl Pts',(11.6836297122457,-10.6831288653226,4.65971626559822));
#1637=CARTESIAN_POINT('Ctrl Pts',(11.6584191911879,-10.7412502080074,4.67297529037423));
#1638=CARTESIAN_POINT('Ctrl Pts',(11.6362782206851,-10.7913305731472,4.69821436942362));
#1639=CARTESIAN_POINT('Ctrl Pts',(11.6163339978852,-10.8356563502347,4.73202706738954));
#1640=CARTESIAN_POINT('Ctrl Pts',(12.3068144504985,-9.72803009133968,3.9907176870884));
#1641=CARTESIAN_POINT('Ctrl Pts',(12.2581545025793,-9.83440263102548,4.09821684398386));
#1642=CARTESIAN_POINT('Ctrl Pts',(12.2099661814446,-9.93953969981236,4.20755669852318));
#1643=CARTESIAN_POINT('Ctrl Pts',(12.1635245550849,-10.0401011366908,4.32371367427572));
#1644=CARTESIAN_POINT('Ctrl Pts',(12.0917129599464,-10.1964564590802,4.49120713659398));
#1645=CARTESIAN_POINT('Ctrl Pts',(12.0143587811544,-10.3673311027514,4.63706861996521));
#1646=CARTESIAN_POINT('Ctrl Pts',(11.9867247894545,-10.4290558101019,4.67956892123787));
#1647=CARTESIAN_POINT('Ctrl Pts',(11.9385624774602,-10.5366363930846,4.75360226436428));
#1648=CARTESIAN_POINT('Ctrl Pts',(11.8811604450864,-10.6684212961332,4.79157418754305));
#1649=CARTESIAN_POINT('Ctrl Pts',(11.8575887967085,-10.7222494570696,4.81122951799987));
#1650=CARTESIAN_POINT('Ctrl Pts',(11.8381091773434,-10.7653581615857,4.84685550239508));
#1651=CARTESIAN_POINT('Ctrl Pts',(11.8216817859632,-10.8004712666653,4.89439393333817));
#1652=CARTESIAN_POINT('Ctrl Pts',(12.3373995236378,-9.73966241141002,3.99345251937798));
#1653=CARTESIAN_POINT('Ctrl Pts',(12.2888422641097,-9.84576594915823,4.10135245563068));
#1654=CARTESIAN_POINT('Ctrl Pts',(12.2409166571259,-9.95021481341801,4.21171764913405));
#1655=CARTESIAN_POINT('Ctrl Pts',(12.1944542997578,-10.0508305571308,4.32779371447256));
#1656=CARTESIAN_POINT('Ctrl Pts',(12.1233336909339,-10.2053757756174,4.49798400598532));
#1657=CARTESIAN_POINT('Ctrl Pts',(12.0470209780682,-10.3735222009461,4.64791019462763));
#1658=CARTESIAN_POINT('Ctrl Pts',(12.0205158011868,-10.4322898712824,4.69481611247136));
#1659=CARTESIAN_POINT('Ctrl Pts',(11.972733349287,-10.5388753748765,4.77033199985506));
#1660=CARTESIAN_POINT('Ctrl Pts',(11.916773958037,-10.6668811432686,4.81393436262109));
#1661=CARTESIAN_POINT('Ctrl Pts',(11.8934674644867,-10.7200147060951,4.83462455768354));
#1662=CARTESIAN_POINT('Ctrl Pts',(11.8743571004358,-10.7621561114458,4.87169169726608));
#1663=CARTESIAN_POINT('Ctrl Pts',(11.8585809532577,-10.7955632208394,4.92177184913734));
#1664=CARTESIAN_POINT('Ctrl Pts',(12.4118900767736,-9.7693945769279,3.99833179631271));
#1665=CARTESIAN_POINT('Ctrl Pts',(12.3635852156604,-9.87483693319365,4.10721681056123));
#1666=CARTESIAN_POINT('Ctrl Pts',(12.3159995976815,-9.97839516414901,4.21890893667508));
#1667=CARTESIAN_POINT('Ctrl Pts',(12.2697421892866,-10.0784740246724,4.33578489104586));
#1668=CARTESIAN_POINT('Ctrl Pts',(12.1996415262301,-10.2303473989053,4.50995589746445));
#1669=CARTESIAN_POINT('Ctrl Pts',(12.125744195813,-10.3921665018186,4.66930900783576));
#1670=CARTESIAN_POINT('Ctrl Pts',(12.1012702975742,-10.4456130459317,4.72414274049952));
#1671=CARTESIAN_POINT('Ctrl Pts',(12.054677724653,-10.5490815491778,4.80430256988285));
#1672=CARTESIAN_POINT('Ctrl Pts',(12.0014583107648,-10.6699096881271,4.85859870586223));
#1673=CARTESIAN_POINT('Ctrl Pts',(11.9789983631021,-10.7208256440593,4.88259285878331));
#1674=CARTESIAN_POINT('Ctrl Pts',(11.960976213079,-10.7601163700015,4.92390715536122));
#1675=CARTESIAN_POINT('Ctrl Pts',(11.9467143153619,-10.7895567599371,4.97989722479252));
#1676=CARTESIAN_POINT('Ctrl Pts',(12.4852362204288,-9.80212463114994,3.99874459275044));
#1677=CARTESIAN_POINT('Ctrl Pts',(12.437035848594,-9.90729326788357,4.10803741498402));
#1678=CARTESIAN_POINT('Ctrl Pts',(12.3895075064866,-10.0107014592847,4.21995308133194));
#1679=CARTESIAN_POINT('Ctrl Pts',(12.3433650959826,-10.1104790719736,4.33727785742715));
#1680=CARTESIAN_POINT('Ctrl Pts',(12.2734626678412,-10.2618331511263,4.51222254878747));
#1681=CARTESIAN_POINT('Ctrl Pts',(12.2005234004611,-10.4211425174419,4.67531485386295));
#1682=CARTESIAN_POINT('Ctrl Pts',(12.176929684326,-10.4722833414164,4.73358382213659));
#1683=CARTESIAN_POINT('Ctrl Pts',(12.1308776706597,-10.5743357986476,4.81585338357886));
#1684=CARTESIAN_POINT('Ctrl Pts',(12.0792305391321,-10.6910451954787,4.8762859319332));
#1685=CARTESIAN_POINT('Ctrl Pts',(12.0573775023732,-10.7403712909861,4.90264877871884));
#1686=CARTESIAN_POINT('Ctrl Pts',(12.0404376929157,-10.7768267236084,4.94818730893796));
#1687=CARTESIAN_POINT('Ctrl Pts',(12.0274980169184,-10.802803428888,5.00933783677537));
#1688=CARTESIAN_POINT('Ctrl Pts',(12.5282465417111,-9.82256942938126,3.99739535003468));
#1689=CARTESIAN_POINT('Ctrl Pts',(12.4800432420017,-9.92774573595904,4.10667674515648));
#1690=CARTESIAN_POINT('Ctrl Pts',(12.4324962927004,-10.0312026706619,4.21851979006047));
#1691=CARTESIAN_POINT('Ctrl Pts',(12.3863037909951,-10.1311115019827,4.33564906674991));
#1692=CARTESIAN_POINT('Ctrl Pts',(12.3163347223267,-10.282640152289,4.51033366885087));
#1693=CARTESIAN_POINT('Ctrl Pts',(12.2431767959202,-10.4425223165729,4.67257257635003));
#1694=CARTESIAN_POINT('Ctrl Pts',(12.2195659481759,-10.4937080184154,4.73077468219412));
#1695=CARTESIAN_POINT('Ctrl Pts',(12.1737620937304,-10.5951103991334,4.81401277661212));
#1696=CARTESIAN_POINT('Ctrl Pts',(12.1222898350463,-10.7113617000371,4.87512783079899));
#1697=CARTESIAN_POINT('Ctrl Pts',(12.1006708336593,-10.7600747177874,4.9024040870255));
#1698=CARTESIAN_POINT('Ctrl Pts',(12.0841717932671,-10.7953755142199,4.94966288124752));
#1699=CARTESIAN_POINT('Ctrl Pts',(12.0716522493323,-10.8202516438877,5.01245312956519));
#1700=CARTESIAN_POINT('Ctrl Pts',(12.5920982335215,-9.85482984142969,3.99296594309136));
#1701=CARTESIAN_POINT('Ctrl Pts',(12.5438174413013,-9.96020914695739,4.10194489508062));
#1702=CARTESIAN_POINT('Ctrl Pts',(12.4960740776336,-10.0641806076408,4.21302136040671));
#1703=CARTESIAN_POINT('Ctrl Pts',(12.4497665494432,-10.1643907617016,4.3297017037719));
#1704=CARTESIAN_POINT('Ctrl Pts',(12.3792482192252,-10.3173582545055,4.50224260989623));
#1705=CARTESIAN_POINT('Ctrl Pts',(12.3048433815666,-10.4805068205633,4.65961498589338));
#1706=CARTESIAN_POINT('Ctrl Pts',(12.2801105048231,-10.5346317833253,4.71343795933183));
#1707=CARTESIAN_POINT('Ctrl Pts',(12.2346252115799,-10.6351996628914,4.79791935644978));
#1708=CARTESIAN_POINT('Ctrl Pts',(12.1820453939526,-10.7543523190367,4.85471175296632));
#1709=CARTESIAN_POINT('Ctrl Pts',(12.1607354580141,-10.8022557106585,4.88319425120836));
#1710=CARTESIAN_POINT('Ctrl Pts',(12.1443912495013,-10.8371509103619,4.93105733400119));
#1711=CARTESIAN_POINT('Ctrl Pts',(12.1318713937254,-10.8620278569268,4.9938463652439));
#1712=CARTESIAN_POINT('Ctrl Pts',(12.6550221438063,-9.88952066479731,3.98491552622136));
#1713=CARTESIAN_POINT('Ctrl Pts',(12.606550901859,-9.99539887136956,4.09315117783983));
#1714=CARTESIAN_POINT('Ctrl Pts',(12.5584570109151,-10.1002885713542,4.20285958106119));
#1715=CARTESIAN_POINT('Ctrl Pts',(12.5117795750655,-10.2014677334597,4.31809622322189));
#1716=CARTESIAN_POINT('Ctrl Pts',(12.4402759901472,-10.3570161939912,4.48679180913707));
#1717=CARTESIAN_POINT('Ctrl Pts',(12.3634802685358,-10.5264279063411,4.63483287782959));
#1718=CARTESIAN_POINT('Ctrl Pts',(12.337165912714,-10.5846957028923,4.68248354530628));
#1719=CARTESIAN_POINT('Ctrl Pts',(12.2903939442647,-10.6886341496647,4.76194321741149));
#1720=CARTESIAN_POINT('Ctrl Pts',(12.2360260172916,-10.8124709270975,4.81175685706255));
#1721=CARTESIAN_POINT('Ctrl Pts',(12.2151243314979,-10.8593048689128,4.84183270221464));
#1722=CARTESIAN_POINT('Ctrl Pts',(12.198595923247,-10.8946825972245,4.88897687752586));
#1723=CARTESIAN_POINT('Ctrl Pts',(12.1856047132568,-10.9207943006653,4.94992627493));
#1724=CARTESIAN_POINT('Ctrl Pts',(12.6758626755976,-9.90133847576416,3.98183208851456));
#1725=CARTESIAN_POINT('Ctrl Pts',(12.6273181520976,-10.0074086502842,4.08978173181872));
#1726=CARTESIAN_POINT('Ctrl Pts',(12.5790897549071,-10.1126507020835,4.19896517475518));
#1727=CARTESIAN_POINT('Ctrl Pts',(12.5322572268888,-10.2142361427707,4.31359651246983));
#1728=CARTESIAN_POINT('Ctrl Pts',(12.4603844814876,-10.3707516540479,4.48085131331202));
#1729=CARTESIAN_POINT('Ctrl Pts',(12.3826824956461,-10.5425374111294,4.62535535126761));
#1730=CARTESIAN_POINT('Ctrl Pts',(12.355847834402,-10.6021681968682,4.67097533474462));
#1731=CARTESIAN_POINT('Ctrl Pts',(12.3084030593175,-10.7078691241567,4.74780913056543));
#1732=CARTESIAN_POINT('Ctrl Pts',(12.253405411989,-10.8333555135263,4.79516505404683));
#1733=CARTESIAN_POINT('Ctrl Pts',(12.2327144532903,-10.8796374358171,4.82606333948389));
#1734=CARTESIAN_POINT('Ctrl Pts',(12.2160680793097,-10.9153241864975,4.87274710998398));
#1735=CARTESIAN_POINT('Ctrl Pts',(12.2028697466531,-10.9419784673219,4.93288813471603));
#1736=CARTESIAN_POINT('Ctrl Pts',(12.8046376288089,-9.97634387672793,3.96025933096207));
#1737=CARTESIAN_POINT('Ctrl Pts',(12.7553906899369,-10.0842540946456,4.06546753895618));
#1738=CARTESIAN_POINT('Ctrl Pts',(12.706809215794,-10.1904210648637,4.17327296873515));
#1739=CARTESIAN_POINT('Ctrl Pts',(12.6579345921804,-10.2973559678035,4.27993427447788));
#1740=CARTESIAN_POINT('Ctrl Pts',(12.5845169656046,-10.4579184412049,4.44115960618917));
#1741=CARTESIAN_POINT('Ctrl Pts',(12.4997154575327,-10.648302067196,4.55795513760309));
#1742=CARTESIAN_POINT('Ctrl Pts',(12.4713220553883,-10.7120161219191,4.59749155925309));
#1743=CARTESIAN_POINT('Ctrl Pts',(12.4164073792074,-10.8372851605328,4.6451713082691));
#1744=CARTESIAN_POINT('Ctrl Pts',(12.3591550605252,-10.9686778744281,4.68372754440169));
#1745=CARTESIAN_POINT('Ctrl Pts',(12.3396642405185,-11.0118159200826,4.7193098141578));
#1746=CARTESIAN_POINT('Ctrl Pts',(12.3216515676846,-11.0510818196327,4.76066109896555));
#1747=CARTESIAN_POINT('Ctrl Pts',(12.3069823735916,-11.0815891608873,4.81506154392185));
#1748=CARTESIAN_POINT('Ctrl Pts',(12.9294833303557,-10.0616423234764,3.92335121816831));
#1749=CARTESIAN_POINT('Ctrl Pts',(12.8791356269221,-10.1724360981114,4.02426328607488));
#1750=CARTESIAN_POINT('Ctrl Pts',(12.8291117053107,-10.2823816956878,4.1264390320778));
#1751=CARTESIAN_POINT('Ctrl Pts',(12.7783427608709,-10.3942789509173,4.22570705144157));
#1752=CARTESIAN_POINT('Ctrl Pts',(12.699616342477,-10.56874830581,4.3662128631559));
#1753=CARTESIAN_POINT('Ctrl Pts',(12.6077191962895,-10.7777196259051,4.45531504722014));
#1754=CARTESIAN_POINT('Ctrl Pts',(12.5767552513062,-10.8481674603381,4.48481897643522));
#1755=CARTESIAN_POINT('Ctrl Pts',(12.5169928303785,-10.9861356241015,4.51357861186209));
#1756=CARTESIAN_POINT('Ctrl Pts',(12.4573818366896,-11.1237071099131,4.54292924799334));
#1757=CARTESIAN_POINT('Ctrl Pts',(12.4332008760537,-11.1791314218485,4.56020651241403));
#1758=CARTESIAN_POINT('Ctrl Pts',(12.4134573164418,-11.2229315427657,4.59480237255339));
#1759=CARTESIAN_POINT('Ctrl Pts',(12.3960631398534,-11.2605772329943,4.63856756729881));
#1760=CARTESIAN_POINT('Ctrl Pts',(13.0316410150251,-10.1399626209041,3.88231605046893));
#1761=CARTESIAN_POINT('Ctrl Pts',(12.9798989401267,-10.2544090832655,3.97778606895306));
#1762=CARTESIAN_POINT('Ctrl Pts',(12.9273593605764,-10.3709446843727,4.07014353110628));
#1763=CARTESIAN_POINT('Ctrl Pts',(12.8765979294812,-10.4828222576872,4.16944087407091));
#1764=CARTESIAN_POINT('Ctrl Pts',(12.790335409479,-10.6770331423968,4.28053426704285));
#1765=CARTESIAN_POINT('Ctrl Pts',(12.694667792773,-10.8958815660711,4.3549207979073));
#1766=CARTESIAN_POINT('Ctrl Pts',(12.6613615301283,-10.9724653228094,4.37528296770011));
#1767=CARTESIAN_POINT('Ctrl Pts',(12.6003286666405,-11.1137615308301,4.3990842320082));
#1768=CARTESIAN_POINT('Ctrl Pts',(12.5413608114838,-11.2496482545234,4.4309449536981));
#1769=CARTESIAN_POINT('Ctrl Pts',(12.5174360517606,-11.3044014239743,4.44922213676623));
#1770=CARTESIAN_POINT('Ctrl Pts',(12.4953465676466,-11.3543469156569,4.47466216045556));
#1771=CARTESIAN_POINT('Ctrl Pts',(12.475861674143,-11.3974694362768,4.51026756057825));
#1772=CARTESIAN_POINT('Ctrl Pts',(13.131120697917,-10.2252981968789,3.83082899215459));
#1773=CARTESIAN_POINT('Ctrl Pts',(13.0776000791449,-10.3444037228701,3.91935758655987));
#1774=CARTESIAN_POINT('Ctrl Pts',(13.0238496809669,-10.4641111777137,4.00698938200237));
#1775=CARTESIAN_POINT('Ctrl Pts',(12.970223330351,-10.5834936782543,4.09510531885196));
#1776=CARTESIAN_POINT('Ctrl Pts',(12.8783588348048,-10.7923794669115,4.18433493409797));
#1777=CARTESIAN_POINT('Ctrl Pts',(12.7795816792847,-11.0193736211512,4.2465853417451));
#1778=CARTESIAN_POINT('Ctrl Pts',(12.7451935431243,-11.0987914477283,4.26272510073128));
#1779=CARTESIAN_POINT('Ctrl Pts',(12.6829939087136,-11.2431441223628,4.28197261075836));
#1780=CARTESIAN_POINT('Ctrl Pts',(12.6224820284928,-11.383075565518,4.30780720460468));
#1781=CARTESIAN_POINT('Ctrl Pts',(12.5977563730157,-11.4399267570268,4.32295859631463));
#1782=CARTESIAN_POINT('Ctrl Pts',(12.5751969314496,-11.4911033466345,4.34656443754589));
#1783=CARTESIAN_POINT('Ctrl Pts',(12.5546591771855,-11.5369839354413,4.37806065984978));
#1784=CARTESIAN_POINT('Ctrl Pts',(13.2278525600802,-10.3178319487366,3.76861754899214));
#1785=CARTESIAN_POINT('Ctrl Pts',(13.1725656378011,-10.4415644735612,3.85025249186854));
#1786=CARTESIAN_POINT('Ctrl Pts',(13.1176342385164,-10.5643656723286,3.9332749944849));
#1787=CARTESIAN_POINT('Ctrl Pts',(13.059737267825,-10.6949354654437,4.00472325983986));
#1788=CARTESIAN_POINT('Ctrl Pts',(12.9634073093593,-10.9155189559037,4.07652475746132));
#1789=CARTESIAN_POINT('Ctrl Pts',(12.8624233050537,-11.1482941589361,4.1301621229868));
#1790=CARTESIAN_POINT('Ctrl Pts',(12.8273414818228,-11.229529164301,4.14359451208142));
#1791=CARTESIAN_POINT('Ctrl Pts',(12.7642706833661,-11.3761639354206,4.15944198279789));
#1792=CARTESIAN_POINT('Ctrl Pts',(12.7027324618675,-11.5187839764729,4.18127090089815));
#1793=CARTESIAN_POINT('Ctrl Pts',(12.6774458201571,-11.5771047243956,4.1942328367245));
#1794=CARTESIAN_POINT('Ctrl Pts',(12.654017756117,-11.6305567526003,4.2144485580685));
#1795=CARTESIAN_POINT('Ctrl Pts',(12.6325556409007,-11.6788587922109,4.24233712049681));
#1796=CARTESIAN_POINT('Ctrl Pts',(11.3028703107619,-10.042674857474,4.00060744941641));
#1797=CARTESIAN_POINT('Ctrl Pts',(11.3525179252791,-10.0940313883888,4.06702616902587));
#1798=CARTESIAN_POINT('Ctrl Pts',(11.4022198418178,-10.1454105642813,4.13349949404317));
#1799=CARTESIAN_POINT('Ctrl Pts',(11.4520184838312,-10.1967955214415,4.20004630572961));
#1800=CARTESIAN_POINT('Ctrl Pts',(11.4613352550437,-10.2064090745479,4.21249647292973));
#1801=CARTESIAN_POINT('Ctrl Pts',(11.4706542263192,-10.2160232556297,4.22494864992138));
#1802=CARTESIAN_POINT('Ctrl Pts',(11.479971035187,-10.2256396316112,4.23740077036825));
#1803=CARTESIAN_POINT('Ctrl Pts',(11.5204530740788,-10.2674233058294,4.29150590780041));
#1804=CARTESIAN_POINT('Ctrl Pts',(11.5608578950892,-10.3092616336266,4.34559287004676));
#1805=CARTESIAN_POINT('Ctrl Pts',(11.601318138988,-10.3511046913782,4.39972301725234));
#1806=CARTESIAN_POINT('Ctrl Pts',(11.6510901757082,-10.4025777920373,4.46631104082242));
#1807=CARTESIAN_POINT('Ctrl Pts',(11.7007685653859,-10.4541223104171,4.53288083337885));
#1808=CARTESIAN_POINT('Ctrl Pts',(11.7506641788242,-10.5056222445186,4.59957635867568));
#1809=CARTESIAN_POINT('Ctrl Pts',(11.7700885689786,-10.5256711976025,4.62554096389134));
#1810=CARTESIAN_POINT('Ctrl Pts',(11.7896102217462,-10.5456901603578,4.6515548783657));
#1811=CARTESIAN_POINT('Ctrl Pts',(11.8090314541472,-10.5657504026057,4.67752500386638));
#1812=CARTESIAN_POINT('Ctrl Pts',(11.819881839392,-10.5769577941862,4.69203416892457));
#1813=CARTESIAN_POINT('Ctrl Pts',(11.8306800910531,-10.5881855719599,4.70651989407705));
#1814=CARTESIAN_POINT('Ctrl Pts',(11.8414982713932,-10.5994076653066,4.72101605094466));
#1815=CARTESIAN_POINT('Ctrl Pts',(11.8610559341517,-10.6196955427703,4.7472229488146));
#1816=CARTESIAN_POINT('Ctrl Pts',(11.8805986173972,-10.6399937811309,4.77342626639297));
#1817=CARTESIAN_POINT('Ctrl Pts',(11.9001778379301,-10.6602836484551,4.79965012674427));
#1818=CARTESIAN_POINT('Ctrl Pts',(11.9206068938492,-10.6814541967648,4.82701223284192));
#1819=CARTESIAN_POINT('Ctrl Pts',(11.9410933395819,-10.7026092848221,4.85440497812184));
#1820=CARTESIAN_POINT('Ctrl Pts',(11.9616117883801,-10.7237580006822,4.88181634063849));
#1821=CARTESIAN_POINT('Ctrl Pts',(11.9911054855878,-10.7541576584752,4.92121807290716));
#1822=CARTESIAN_POINT('Ctrl Pts',(12.021145696856,-10.784371252622,4.96088389243362));
#1823=CARTESIAN_POINT('Ctrl Pts',(12.0498299841084,-10.8150834904752,4.99992014421125));
#1824=CARTESIAN_POINT('Origin',(2.78713519300202E-12,6.28050136094726E-12,
922.41619513833));
#1825=CARTESIAN_POINT('Origin',(2.78713519300202E-12,6.28050136094726E-12,
922.41619513833));
#1826=CARTESIAN_POINT('Ctrl Pts',(-15.0452733921957,1.5,4.00060917295269));
#1827=CARTESIAN_POINT('Ctrl Pts',(-15.1165883171139,1.5,4.06678334694468));
#1828=CARTESIAN_POINT('Ctrl Pts',(-15.1880047690019,1.5,4.13305636002977));
#1829=CARTESIAN_POINT('Ctrl Pts',(-15.2595195546892,1.5,4.19942509668126));
#1830=CARTESIAN_POINT('Ctrl Pts',(-15.3310343403766,1.5,4.26579383333276));
#1831=CARTESIAN_POINT('Ctrl Pts',(-15.402647280321,1.5,4.3322581266935));
#1832=CARTESIAN_POINT('Ctrl Pts',(-15.4743514567909,1.5,4.39881140735402));
#1833=CARTESIAN_POINT('Ctrl Pts',(-15.5460556332608,1.5,4.46536468801454));
#1834=CARTESIAN_POINT('Ctrl Pts',(-15.6178508665605,1.5,4.53200678911768));
#1835=CARTESIAN_POINT('Ctrl Pts',(-15.6897292087007,1.5,4.59873019022866));
#1836=CARTESIAN_POINT('Ctrl Pts',(-15.7616075508409,1.5,4.66545359133964));
#1837=CARTESIAN_POINT('Ctrl Pts',(-15.8335688219921,1.5,4.73225812560129));
#1838=CARTESIAN_POINT('Ctrl Pts',(-15.9056067403637,1.5,4.79913782441101));
#1839=CARTESIAN_POINT('Ctrl Pts',(-15.9776446587353,1.5,4.86601752322073));
#1840=CARTESIAN_POINT('Ctrl Pts',(-16.0497590443808,1.5,4.93297221972137));
#1841=CARTESIAN_POINT('Ctrl Pts',(-16.1219479800445,1.5,4.99999999999997));
#1842=CARTESIAN_POINT('Origin',(2.78713519300202E-12,6.28050136094726E-12,
922.41619513833));
#1843=CARTESIAN_POINT('Ctrl Pts',(-15.0452733921957,-1.5,4.00060917295271));
#1844=CARTESIAN_POINT('Ctrl Pts',(-15.1165883171139,-1.5,4.0667833469447));
#1845=CARTESIAN_POINT('Ctrl Pts',(-15.1880047690019,-1.5,4.13305636002978));
#1846=CARTESIAN_POINT('Ctrl Pts',(-15.2595195546892,-1.5,4.19942509668127));
#1847=CARTESIAN_POINT('Ctrl Pts',(-15.3310343403766,-1.5,4.26579383333275));
#1848=CARTESIAN_POINT('Ctrl Pts',(-15.402647280321,-1.5,4.33225812669348));
#1849=CARTESIAN_POINT('Ctrl Pts',(-15.4743514567909,-1.5,4.39881140735399));
#1850=CARTESIAN_POINT('Ctrl Pts',(-15.5460556332607,-1.5,4.4653646880145));
#1851=CARTESIAN_POINT('Ctrl Pts',(-15.6178508665604,-1.5,4.53200678911763));
#1852=CARTESIAN_POINT('Ctrl Pts',(-15.6897292087006,-1.5,4.59873019022861));
#1853=CARTESIAN_POINT('Ctrl Pts',(-15.7616075508409,-1.5,4.66545359133958));
#1854=CARTESIAN_POINT('Ctrl Pts',(-15.8335688219921,-1.5,4.73225812560124));
#1855=CARTESIAN_POINT('Ctrl Pts',(-15.9056067403637,-1.5,4.79913782441098));
#1856=CARTESIAN_POINT('Ctrl Pts',(-15.9776446587353,-1.5,4.86601752322072));
#1857=CARTESIAN_POINT('Ctrl Pts',(-16.0497590443808,-1.5,4.93297221972138));
#1858=CARTESIAN_POINT('Ctrl Pts',(-16.1219479800445,-1.5,4.99999999999999));
#1859=CARTESIAN_POINT('Origin',(-20.,1.5,5.));
#1860=CARTESIAN_POINT('',(-20.,-3.,4.));
#1861=CARTESIAN_POINT('',(-20.,-3.,5.));
#1862=CARTESIAN_POINT('',(-20.,-1.5,4.));
#1863=CARTESIAN_POINT('',(-20.,-1.5,5.));
#1864=CARTESIAN_POINT('',(-20.,1.5,4.));
#1865=CARTESIAN_POINT('Origin',(-20.,1.5,5.));
#1866=CARTESIAN_POINT('',(-20.,1.5,4.));
#1867=CARTESIAN_POINT('',(-20.,1.5,5.));
#1868=CARTESIAN_POINT('',(-20.,3.,4.));
#1869=CARTESIAN_POINT('',(-20.,3.,5.));
#1870=CARTESIAN_POINT('',(-20.,1.5,4.));
#1871=CARTESIAN_POINT('Origin',(-20.,3.,5.));
#1872=CARTESIAN_POINT('',(-23.,-2.66453525910038E-15,4.));
#1873=CARTESIAN_POINT('',(-23.,-2.66453525910038E-15,5.));
#1874=CARTESIAN_POINT('',(-20.,3.,4.));
#1875=CARTESIAN_POINT('Origin',(-23.,4.96105749781996E-15,5.));
#1876=CARTESIAN_POINT('',(-23.,4.96105749781996E-15,4.));
#1877=CARTESIAN_POINT('Origin',(9.18485099360515E-17,1.5,5.));
#1878=CARTESIAN_POINT('',(9.18485099360515E-17,1.5,4.));
#1879=CARTESIAN_POINT('Origin',(0.,0.,4.));
#1880=CARTESIAN_POINT('',(-10.,-1.5,4.));
#1881=CARTESIAN_POINT('Origin',(-20.,-1.5,5.));
#1882=UNCERTAINTY_MEASURE_WITH_UNIT(LENGTH_MEASURE(0.01),#1886,
'DISTANCE_ACCURACY_VALUE',
'Maximum model space distance between geometric entities at asserted c
onnectivities');
#1883=UNCERTAINTY_MEASURE_WITH_UNIT(LENGTH_MEASURE(0.01),#1886,
'DISTANCE_ACCURACY_VALUE',
'Maximum model space distance between geometric entities at asserted c
onnectivities');
#1884=(
GEOMETRIC_REPRESENTATION_CONTEXT(3)
GLOBAL_UNCERTAINTY_ASSIGNED_CONTEXT((#1882))
GLOBAL_UNIT_ASSIGNED_CONTEXT((#1886,#1888,#1889))
REPRESENTATION_CONTEXT('','3D')
);
#1885=(
GEOMETRIC_REPRESENTATION_CONTEXT(3)
GLOBAL_UNCERTAINTY_ASSIGNED_CONTEXT((#1883))
GLOBAL_UNIT_ASSIGNED_CONTEXT((#1886,#1888,#1889))
REPRESENTATION_CONTEXT('','3D')
);
#1886=(
LENGTH_UNIT()
NAMED_UNIT(*)
SI_UNIT(.MILLI.,.METRE.)
);
#1887=(
LENGTH_UNIT()
NAMED_UNIT(*)
SI_UNIT(.CENTI.,.METRE.)
);
#1888=(
NAMED_UNIT(*)
PLANE_ANGLE_UNIT()
SI_UNIT($,.RADIAN.)
);
#1889=(
NAMED_UNIT(*)
SI_UNIT($,.STERADIAN.)
SOLID_ANGLE_UNIT()
);
#1890=SHAPE_DEFINITION_REPRESENTATION(#1891,#1892);
#1891=PRODUCT_DEFINITION_SHAPE('',$,#1894);
#1892=SHAPE_REPRESENTATION('',(#742),#1884);
#1893=PRODUCT_DEFINITION_CONTEXT('part definition',#1898,'design');
#1894=PRODUCT_DEFINITION('Konus_Einlernplatte','Konus_Einlernplatte',#1895,
#1893);
#1895=PRODUCT_DEFINITION_FORMATION('',$,#1900);
#1896=PRODUCT_RELATED_PRODUCT_CATEGORY('Konus_Einlernplatte',
'Konus_Einlernplatte',(#1900));
#1897=APPLICATION_PROTOCOL_DEFINITION('international standard',
'automotive_design',2009,#1898);
#1898=APPLICATION_CONTEXT(
'Core Data for Automotive Mechanical Design Process');
#1899=PRODUCT_CONTEXT('part definition',#1898,'mechanical');
#1900=PRODUCT('Konus_Einlernplatte','Konus_Einlernplatte',$,(#1899));
#1901=PRESENTATION_STYLE_ASSIGNMENT((#1903));
#1902=PRESENTATION_STYLE_ASSIGNMENT((#1904));
#1903=SURFACE_STYLE_USAGE(.BOTH.,#1909);
#1904=SURFACE_STYLE_USAGE(.BOTH.,#1910);
#1905=SURFACE_STYLE_RENDERING_WITH_PROPERTIES($,#1917,(#1907));
#1906=SURFACE_STYLE_RENDERING_WITH_PROPERTIES($,#1918,(#1908));
#1907=SURFACE_STYLE_TRANSPARENT(0.);
#1908=SURFACE_STYLE_TRANSPARENT(0.);
#1909=SURFACE_SIDE_STYLE('',(#1911,#1905));
#1910=SURFACE_SIDE_STYLE('',(#1912,#1906));
#1911=SURFACE_STYLE_FILL_AREA(#1913);
#1912=SURFACE_STYLE_FILL_AREA(#1914);
#1913=FILL_AREA_STYLE('',(#1915));
#1914=FILL_AREA_STYLE('',(#1916));
#1915=FILL_AREA_STYLE_COLOUR('',#1917);
#1916=FILL_AREA_STYLE_COLOUR('',#1918);
#1917=COLOUR_RGB('',0.749019607843137,0.749019607843137,0.749019607843137);
#1918=COLOUR_RGB('',0.823529411764706,0.823529411764706,1.);
ENDSEC;
END-ISO-10303-21;
