ISO-10303-21;
HEADER;
/* Generated by software containing ST-Developer
 * from STEP Tools, Inc. (www.steptools.com) 
 */

FILE_DESCRIPTION(
/* description */ (''),
/* implementation_level */ '2;1');

FILE_NAME(
/* name */ 'seitliche_Abdeckung_Kabel.stp',
/* time_stamp */ '2026-03-07T11:07:34+01:00',
/* author */ ('neume'),
/* organization */ (''),
/* preprocessor_version */ 'ST-DEVELOPER v20.1',
/* originating_system */ 'Autodesk Inventor 2026',
/* authorisation */ '');

FILE_SCHEMA (('AUTOMOTIVE_DESIGN { 1 0 10303 214 3 1 1 }'));
ENDSEC;

DATA;
#10=MECHANICAL_DESIGN_GEOMETRIC_PRESENTATION_REPRESENTATION('',(#13),#2078);
#11=SHAPE_REPRESENTATION_RELATIONSHIP('SRR','None',#2085,#12);
#12=ADVANCED_BREP_SHAPE_REPRESENTATION('',(#14),#2077);
#13=STYLED_ITEM('',(#2095),#14);
#14=MANIFOLD_SOLID_BREP('Volumenk\X\F6rper1',#1189);
#15=CONICAL_SURFACE('',#1217,1.59999999999999,0.785398163397451);
#16=CONICAL_SURFACE('',#1232,1000.,0.785398163397438);
#17=CONICAL_SURFACE('',#1235,1000.,0.785398163397447);
#18=CONICAL_SURFACE('',#1238,1000.,0.785398163397445);
#19=CONICAL_SURFACE('',#1241,1000.,0.785398163397445);
#20=CONICAL_SURFACE('',#1243,1.60000000000002,0.785398163397438);
#21=CONICAL_SURFACE('',#1245,1.60000000000002,0.785398163397438);
#22=CONICAL_SURFACE('',#1247,1.60000000000002,0.785398163397438);
#23=CONICAL_SURFACE('',#1249,1.60000000000002,0.785398163397438);
#24=CONICAL_SURFACE('',#1251,1.59999999999999,0.785398163397451);
#25=CONICAL_SURFACE('',#1253,1.59999999999999,0.785398163397451);
#26=CONICAL_SURFACE('',#1255,1.59999999999999,0.785398163397451);
#27=CONICAL_SURFACE('',#1302,3.01421356237308,0.785398163397451);
#28=CONICAL_SURFACE('',#1318,7.25441558772841,0.785398163397445);
#29=CONICAL_SURFACE('',#1321,7.2544155877284,0.785398163397445);
#30=CONICAL_SURFACE('',#1324,7.25441558772796,0.785398163397422);
#31=CONICAL_SURFACE('',#1327,7.25441558772839,0.785398163397447);
#32=CONICAL_SURFACE('',#1330,3.01421356237308,0.785398163397451);
#33=CONICAL_SURFACE('',#1332,3.01421356237313,0.785398163397438);
#34=CONICAL_SURFACE('',#1334,3.01421356237313,0.785398163397438);
#35=CONICAL_SURFACE('',#1336,3.01421356237313,0.785398163397438);
#36=CONICAL_SURFACE('',#1338,3.01421356237313,0.785398163397438);
#37=CONICAL_SURFACE('',#1340,3.01421356237308,0.785398163397451);
#38=CONICAL_SURFACE('',#1342,3.01421356237308,0.785398163397451);
#39=LINE('',#1752,#127);
#40=LINE('',#1755,#128);
#41=LINE('',#1760,#129);
#42=LINE('',#1764,#130);
#43=LINE('',#1768,#131);
#44=LINE('',#1772,#132);
#45=LINE('',#1790,#133);
#46=LINE('',#1792,#134);
#47=LINE('',#1793,#135);
#48=LINE('',#1797,#136);
#49=LINE('',#1800,#137);
#50=LINE('',#1801,#138);
#51=LINE('',#1805,#139);
#52=LINE('',#1808,#140);
#53=LINE('',#1809,#141);
#54=LINE('',#1813,#142);
#55=LINE('',#1816,#143);
#56=LINE('',#1817,#144);
#57=LINE('',#1823,#145);
#58=LINE('',#1827,#146);
#59=LINE('',#1831,#147);
#60=LINE('',#1835,#148);
#61=LINE('',#1839,#149);
#62=LINE('',#1843,#150);
#63=LINE('',#1847,#151);
#64=LINE('',#1850,#152);
#65=LINE('',#1852,#153);
#66=LINE('',#1853,#154);
#67=LINE('',#1857,#155);
#68=LINE('',#1860,#156);
#69=LINE('',#1861,#157);
#70=LINE('',#1865,#158);
#71=LINE('',#1868,#159);
#72=LINE('',#1869,#160);
#73=LINE('',#1873,#161);
#74=LINE('',#1876,#162);
#75=LINE('',#1877,#163);
#76=LINE('',#1882,#164);
#77=LINE('',#1886,#165);
#78=LINE('',#1890,#166);
#79=LINE('',#1894,#167);
#80=LINE('',#1898,#168);
#81=LINE('',#1902,#169);
#82=LINE('',#1906,#170);
#83=LINE('',#1911,#171);
#84=LINE('',#1915,#172);
#85=LINE('',#1919,#173);
#86=LINE('',#1923,#174);
#87=LINE('',#1950,#175);
#88=LINE('',#1957,#176);
#89=LINE('',#1961,#177);
#90=LINE('',#1965,#178);
#91=LINE('',#1968,#179);
#92=LINE('',#1984,#180);
#93=LINE('',#1987,#181);
#94=LINE('',#1990,#182);
#95=LINE('',#1993,#183);
#96=LINE('',#1994,#184);
#97=LINE('',#1998,#185);
#98=LINE('',#2001,#186);
#99=LINE('',#2002,#187);
#100=LINE('',#2005,#188);
#101=LINE('',#2009,#189);
#102=LINE('',#2010,#190);
#103=LINE('',#2013,#191);
#104=LINE('',#2016,#192);
#105=LINE('',#2019,#193);
#106=LINE('',#2023,#194);
#107=LINE('',#2027,#195);
#108=LINE('',#2031,#196);
#109=LINE('',#2035,#197);
#110=LINE('',#2039,#198);
#111=LINE('',#2043,#199);
#112=LINE('',#2046,#200);
#113=LINE('',#2047,#201);
#114=LINE('',#2049,#202);
#115=LINE('',#2051,#203);
#116=LINE('',#2053,#204);
#117=LINE('',#2055,#205);
#118=LINE('',#2057,#206);
#119=LINE('',#2059,#207);
#120=LINE('',#2062,#208);
#121=LINE('',#2064,#209);
#122=LINE('',#2066,#210);
#123=LINE('',#2068,#211);
#124=LINE('',#2070,#212);
#125=LINE('',#2072,#213);
#126=LINE('',#2074,#214);
#127=VECTOR('',#1371,1.59999999999999);
#128=VECTOR('',#1374,1.59999999999999);
#129=VECTOR('',#1379,1.);
#130=VECTOR('',#1382,1.);
#131=VECTOR('',#1385,1.);
#132=VECTOR('',#1388,1.);
#133=VECTOR('',#1407,1.);
#134=VECTOR('',#1408,1.);
#135=VECTOR('',#1409,1.);
#136=VECTOR('',#1414,1.);
#137=VECTOR('',#1417,1.);
#138=VECTOR('',#1418,1.);
#139=VECTOR('',#1423,1.);
#140=VECTOR('',#1426,1.);
#141=VECTOR('',#1427,1.);
#142=VECTOR('',#1432,1.);
#143=VECTOR('',#1435,1.);
#144=VECTOR('',#1436,1.);
#145=VECTOR('',#1445,1.60000000000002);
#146=VECTOR('',#1450,1.60000000000002);
#147=VECTOR('',#1455,1.60000000000002);
#148=VECTOR('',#1460,1.60000000000002);
#149=VECTOR('',#1465,1.59999999999999);
#150=VECTOR('',#1470,1.59999999999999);
#151=VECTOR('',#1475,1.59999999999999);
#152=VECTOR('',#1478,1.);
#153=VECTOR('',#1479,1.);
#154=VECTOR('',#1480,1.);
#155=VECTOR('',#1485,1.);
#156=VECTOR('',#1488,1.);
#157=VECTOR('',#1489,1.);
#158=VECTOR('',#1494,1.);
#159=VECTOR('',#1497,1.);
#160=VECTOR('',#1498,1.);
#161=VECTOR('',#1503,1.);
#162=VECTOR('',#1506,1.);
#163=VECTOR('',#1507,1.);
#164=VECTOR('',#1514,1.60000000000002);
#165=VECTOR('',#1519,1.60000000000002);
#166=VECTOR('',#1524,1.60000000000002);
#167=VECTOR('',#1529,1.60000000000002);
#168=VECTOR('',#1534,1.59999999999999);
#169=VECTOR('',#1539,1.59999999999999);
#170=VECTOR('',#1544,1.59999999999999);
#171=VECTOR('',#1549,1.);
#172=VECTOR('',#1552,1.);
#173=VECTOR('',#1555,1.);
#174=VECTOR('',#1558,1.);
#175=VECTOR('',#1593,3.01421356237308);
#176=VECTOR('',#1600,1.);
#177=VECTOR('',#1603,1.);
#178=VECTOR('',#1606,1.);
#179=VECTOR('',#1609,1.);
#180=VECTOR('',#1626,3.59999999999999);
#181=VECTOR('',#1629,10.);
#182=VECTOR('',#1632,10.);
#183=VECTOR('',#1635,1.);
#184=VECTOR('',#1636,1.);
#185=VECTOR('',#1641,10.);
#186=VECTOR('',#1644,1.);
#187=VECTOR('',#1645,1.);
#188=VECTOR('',#1648,10.);
#189=VECTOR('',#1653,1.);
#190=VECTOR('',#1654,1.);
#191=VECTOR('',#1657,10.);
#192=VECTOR('',#1662,1.);
#193=VECTOR('',#1665,3.01421356237309);
#194=VECTOR('',#1670,3.01421356237313);
#195=VECTOR('',#1675,3.01421356237313);
#196=VECTOR('',#1680,3.01421356237313);
#197=VECTOR('',#1685,3.01421356237313);
#198=VECTOR('',#1690,3.01421356237309);
#199=VECTOR('',#1695,3.01421356237309);
#200=VECTOR('',#1700,1.);
#201=VECTOR('',#1701,1.);
#202=VECTOR('',#1704,1.);
#203=VECTOR('',#1707,1.);
#204=VECTOR('',#1710,1.);
#205=VECTOR('',#1713,1.);
#206=VECTOR('',#1716,1.);
#207=VECTOR('',#1719,1.);
#208=VECTOR('',#1724,3.59999999999999);
#209=VECTOR('',#1727,3.60000000000002);
#210=VECTOR('',#1730,3.60000000000002);
#211=VECTOR('',#1733,3.60000000000002);
#212=VECTOR('',#1736,3.60000000000002);
#213=VECTOR('',#1739,3.59999999999999);
#214=VECTOR('',#1742,3.59999999999999);
#215=CYLINDRICAL_SURFACE('',#1215,1.59999999999999);
#216=CYLINDRICAL_SURFACE('',#1258,10.);
#217=CYLINDRICAL_SURFACE('',#1261,10.);
#218=CYLINDRICAL_SURFACE('',#1264,10.);
#219=CYLINDRICAL_SURFACE('',#1267,10.);
#220=CYLINDRICAL_SURFACE('',#1269,1.60000000000002);
#221=CYLINDRICAL_SURFACE('',#1271,1.60000000000002);
#222=CYLINDRICAL_SURFACE('',#1273,1.60000000000002);
#223=CYLINDRICAL_SURFACE('',#1275,1.60000000000002);
#224=CYLINDRICAL_SURFACE('',#1277,1.59999999999999);
#225=CYLINDRICAL_SURFACE('',#1279,1.59999999999999);
#226=CYLINDRICAL_SURFACE('',#1281,1.59999999999999);
#227=CYLINDRICAL_SURFACE('',#1317,3.59999999999999);
#228=CYLINDRICAL_SURFACE('',#1344,8.);
#229=CYLINDRICAL_SURFACE('',#1346,8.);
#230=CYLINDRICAL_SURFACE('',#1348,8.);
#231=CYLINDRICAL_SURFACE('',#1350,8.);
#232=CYLINDRICAL_SURFACE('',#1352,3.59999999999999);
#233=CYLINDRICAL_SURFACE('',#1353,3.60000000000002);
#234=CYLINDRICAL_SURFACE('',#1354,3.60000000000002);
#235=CYLINDRICAL_SURFACE('',#1355,3.60000000000002);
#236=CYLINDRICAL_SURFACE('',#1356,3.60000000000002);
#237=CYLINDRICAL_SURFACE('',#1357,3.59999999999999);
#238=CYLINDRICAL_SURFACE('',#1358,3.59999999999999);
#239=FACE_BOUND('',#340,.T.);
#240=FACE_BOUND('',#344,.T.);
#241=FACE_BOUND('',#345,.T.);
#242=FACE_BOUND('',#346,.T.);
#243=FACE_BOUND('',#347,.T.);
#244=FACE_BOUND('',#348,.T.);
#245=FACE_BOUND('',#349,.T.);
#246=FACE_BOUND('',#350,.T.);
#247=FACE_BOUND('',#351,.T.);
#248=FACE_BOUND('',#383,.T.);
#249=FACE_BOUND('',#385,.T.);
#250=FACE_BOUND('',#387,.T.);
#251=FACE_BOUND('',#389,.T.);
#252=FACE_BOUND('',#391,.T.);
#253=FACE_BOUND('',#393,.T.);
#254=FACE_BOUND('',#395,.T.);
#255=FACE_BOUND('',#397,.T.);
#256=FACE_BOUND('',#400,.T.);
#257=FACE_BOUND('',#401,.T.);
#258=FACE_BOUND('',#402,.T.);
#259=FACE_BOUND('',#403,.T.);
#260=FACE_BOUND('',#404,.T.);
#261=FACE_BOUND('',#405,.T.);
#262=FACE_BOUND('',#406,.T.);
#263=FACE_BOUND('',#407,.T.);
#264=FACE_OUTER_BOUND('',#339,.T.);
#265=FACE_OUTER_BOUND('',#341,.T.);
#266=FACE_OUTER_BOUND('',#342,.T.);
#267=FACE_OUTER_BOUND('',#343,.T.);
#268=FACE_OUTER_BOUND('',#352,.T.);
#269=FACE_OUTER_BOUND('',#353,.T.);
#270=FACE_OUTER_BOUND('',#354,.T.);
#271=FACE_OUTER_BOUND('',#355,.T.);
#272=FACE_OUTER_BOUND('',#356,.T.);
#273=FACE_OUTER_BOUND('',#357,.T.);
#274=FACE_OUTER_BOUND('',#358,.T.);
#275=FACE_OUTER_BOUND('',#359,.T.);
#276=FACE_OUTER_BOUND('',#360,.T.);
#277=FACE_OUTER_BOUND('',#361,.T.);
#278=FACE_OUTER_BOUND('',#362,.T.);
#279=FACE_OUTER_BOUND('',#363,.T.);
#280=FACE_OUTER_BOUND('',#364,.T.);
#281=FACE_OUTER_BOUND('',#365,.T.);
#282=FACE_OUTER_BOUND('',#366,.T.);
#283=FACE_OUTER_BOUND('',#367,.T.);
#284=FACE_OUTER_BOUND('',#368,.T.);
#285=FACE_OUTER_BOUND('',#369,.T.);
#286=FACE_OUTER_BOUND('',#370,.T.);
#287=FACE_OUTER_BOUND('',#371,.T.);
#288=FACE_OUTER_BOUND('',#372,.T.);
#289=FACE_OUTER_BOUND('',#373,.T.);
#290=FACE_OUTER_BOUND('',#374,.T.);
#291=FACE_OUTER_BOUND('',#375,.T.);
#292=FACE_OUTER_BOUND('',#376,.T.);
#293=FACE_OUTER_BOUND('',#377,.T.);
#294=FACE_OUTER_BOUND('',#378,.T.);
#295=FACE_OUTER_BOUND('',#379,.T.);
#296=FACE_OUTER_BOUND('',#380,.T.);
#297=FACE_OUTER_BOUND('',#381,.T.);
#298=FACE_OUTER_BOUND('',#382,.T.);
#299=FACE_OUTER_BOUND('',#384,.T.);
#300=FACE_OUTER_BOUND('',#386,.T.);
#301=FACE_OUTER_BOUND('',#388,.T.);
#302=FACE_OUTER_BOUND('',#390,.T.);
#303=FACE_OUTER_BOUND('',#392,.T.);
#304=FACE_OUTER_BOUND('',#394,.T.);
#305=FACE_OUTER_BOUND('',#396,.T.);
#306=FACE_OUTER_BOUND('',#398,.T.);
#307=FACE_OUTER_BOUND('',#399,.T.);
#308=FACE_OUTER_BOUND('',#408,.T.);
#309=FACE_OUTER_BOUND('',#409,.T.);
#310=FACE_OUTER_BOUND('',#410,.T.);
#311=FACE_OUTER_BOUND('',#411,.T.);
#312=FACE_OUTER_BOUND('',#412,.T.);
#313=FACE_OUTER_BOUND('',#413,.T.);
#314=FACE_OUTER_BOUND('',#414,.T.);
#315=FACE_OUTER_BOUND('',#415,.T.);
#316=FACE_OUTER_BOUND('',#416,.T.);
#317=FACE_OUTER_BOUND('',#417,.T.);
#318=FACE_OUTER_BOUND('',#418,.T.);
#319=FACE_OUTER_BOUND('',#419,.T.);
#320=FACE_OUTER_BOUND('',#420,.T.);
#321=FACE_OUTER_BOUND('',#421,.T.);
#322=FACE_OUTER_BOUND('',#422,.T.);
#323=FACE_OUTER_BOUND('',#423,.T.);
#324=FACE_OUTER_BOUND('',#424,.T.);
#325=FACE_OUTER_BOUND('',#425,.T.);
#326=FACE_OUTER_BOUND('',#426,.T.);
#327=FACE_OUTER_BOUND('',#427,.T.);
#328=FACE_OUTER_BOUND('',#428,.T.);
#329=FACE_OUTER_BOUND('',#429,.T.);
#330=FACE_OUTER_BOUND('',#430,.T.);
#331=FACE_OUTER_BOUND('',#431,.T.);
#332=FACE_OUTER_BOUND('',#432,.T.);
#333=FACE_OUTER_BOUND('',#433,.T.);
#334=FACE_OUTER_BOUND('',#434,.T.);
#335=FACE_OUTER_BOUND('',#435,.T.);
#336=FACE_OUTER_BOUND('',#436,.T.);
#337=FACE_OUTER_BOUND('',#437,.T.);
#338=FACE_OUTER_BOUND('',#438,.T.);
#339=EDGE_LOOP('',(#767));
#340=EDGE_LOOP('',(#768));
#341=EDGE_LOOP('',(#769,#770,#771,#772));
#342=EDGE_LOOP('',(#773,#774,#775,#776));
#343=EDGE_LOOP('',(#777,#778,#779,#780,#781,#782,#783,#784));
#344=EDGE_LOOP('',(#785));
#345=EDGE_LOOP('',(#786));
#346=EDGE_LOOP('',(#787));
#347=EDGE_LOOP('',(#788));
#348=EDGE_LOOP('',(#789));
#349=EDGE_LOOP('',(#790));
#350=EDGE_LOOP('',(#791));
#351=EDGE_LOOP('',(#792));
#352=EDGE_LOOP('',(#793,#794,#795,#796));
#353=EDGE_LOOP('',(#797,#798,#799,#800));
#354=EDGE_LOOP('',(#801,#802,#803,#804));
#355=EDGE_LOOP('',(#805,#806,#807,#808));
#356=EDGE_LOOP('',(#809,#810,#811,#812));
#357=EDGE_LOOP('',(#813,#814,#815,#816));
#358=EDGE_LOOP('',(#817,#818,#819,#820));
#359=EDGE_LOOP('',(#821,#822,#823,#824));
#360=EDGE_LOOP('',(#825,#826,#827,#828));
#361=EDGE_LOOP('',(#829,#830,#831,#832));
#362=EDGE_LOOP('',(#833,#834,#835,#836));
#363=EDGE_LOOP('',(#837,#838,#839,#840));
#364=EDGE_LOOP('',(#841,#842,#843,#844));
#365=EDGE_LOOP('',(#845,#846,#847,#848));
#366=EDGE_LOOP('',(#849,#850,#851,#852));
#367=EDGE_LOOP('',(#853,#854,#855,#856));
#368=EDGE_LOOP('',(#857,#858,#859,#860));
#369=EDGE_LOOP('',(#861,#862,#863,#864));
#370=EDGE_LOOP('',(#865,#866,#867,#868));
#371=EDGE_LOOP('',(#869,#870,#871,#872));
#372=EDGE_LOOP('',(#873,#874,#875,#876));
#373=EDGE_LOOP('',(#877,#878,#879,#880));
#374=EDGE_LOOP('',(#881,#882,#883,#884));
#375=EDGE_LOOP('',(#885,#886,#887,#888));
#376=EDGE_LOOP('',(#889,#890,#891,#892));
#377=EDGE_LOOP('',(#893,#894,#895,#896));
#378=EDGE_LOOP('',(#897,#898,#899,#900));
#379=EDGE_LOOP('',(#901,#902,#903,#904));
#380=EDGE_LOOP('',(#905,#906,#907,#908));
#381=EDGE_LOOP('',(#909,#910,#911,#912));
#382=EDGE_LOOP('',(#913,#914,#915,#916,#917,#918,#919,#920));
#383=EDGE_LOOP('',(#921,#922,#923,#924,#925,#926,#927,#928));
#384=EDGE_LOOP('',(#929));
#385=EDGE_LOOP('',(#930));
#386=EDGE_LOOP('',(#931));
#387=EDGE_LOOP('',(#932));
#388=EDGE_LOOP('',(#933));
#389=EDGE_LOOP('',(#934));
#390=EDGE_LOOP('',(#935));
#391=EDGE_LOOP('',(#936));
#392=EDGE_LOOP('',(#937));
#393=EDGE_LOOP('',(#938));
#394=EDGE_LOOP('',(#939));
#395=EDGE_LOOP('',(#940));
#396=EDGE_LOOP('',(#941));
#397=EDGE_LOOP('',(#942));
#398=EDGE_LOOP('',(#943,#944,#945,#946));
#399=EDGE_LOOP('',(#947,#948,#949,#950,#951,#952,#953,#954));
#400=EDGE_LOOP('',(#955));
#401=EDGE_LOOP('',(#956));
#402=EDGE_LOOP('',(#957));
#403=EDGE_LOOP('',(#958));
#404=EDGE_LOOP('',(#959));
#405=EDGE_LOOP('',(#960));
#406=EDGE_LOOP('',(#961));
#407=EDGE_LOOP('',(#962));
#408=EDGE_LOOP('',(#963,#964,#965,#966));
#409=EDGE_LOOP('',(#967,#968,#969,#970));
#410=EDGE_LOOP('',(#971,#972,#973,#974));
#411=EDGE_LOOP('',(#975,#976,#977,#978));
#412=EDGE_LOOP('',(#979,#980,#981,#982));
#413=EDGE_LOOP('',(#983,#984,#985,#986));
#414=EDGE_LOOP('',(#987,#988,#989,#990));
#415=EDGE_LOOP('',(#991,#992,#993,#994));
#416=EDGE_LOOP('',(#995,#996,#997,#998));
#417=EDGE_LOOP('',(#999,#1000,#1001,#1002));
#418=EDGE_LOOP('',(#1003,#1004,#1005,#1006));
#419=EDGE_LOOP('',(#1007,#1008,#1009,#1010));
#420=EDGE_LOOP('',(#1011,#1012,#1013,#1014));
#421=EDGE_LOOP('',(#1015,#1016,#1017,#1018));
#422=EDGE_LOOP('',(#1019,#1020,#1021,#1022));
#423=EDGE_LOOP('',(#1023,#1024,#1025,#1026));
#424=EDGE_LOOP('',(#1027,#1028,#1029,#1030));
#425=EDGE_LOOP('',(#1031,#1032,#1033,#1034));
#426=EDGE_LOOP('',(#1035,#1036,#1037,#1038));
#427=EDGE_LOOP('',(#1039,#1040,#1041,#1042));
#428=EDGE_LOOP('',(#1043,#1044,#1045,#1046));
#429=EDGE_LOOP('',(#1047,#1048,#1049,#1050));
#430=EDGE_LOOP('',(#1051,#1052,#1053,#1054));
#431=EDGE_LOOP('',(#1055,#1056,#1057,#1058));
#432=EDGE_LOOP('',(#1059,#1060,#1061,#1062));
#433=EDGE_LOOP('',(#1063,#1064,#1065,#1066));
#434=EDGE_LOOP('',(#1067,#1068,#1069,#1070));
#435=EDGE_LOOP('',(#1071,#1072,#1073,#1074));
#436=EDGE_LOOP('',(#1075,#1076,#1077,#1078));
#437=EDGE_LOOP('',(#1079,#1080,#1081,#1082));
#438=EDGE_LOOP('',(#1083,#1084,#1085,#1086));
#439=CIRCLE('',#1213,3.59999999999999);
#440=CIRCLE('',#1214,1.59999999999999);
#441=CIRCLE('',#1216,1.59999999999999);
#442=CIRCLE('',#1218,3.5);
#443=CIRCLE('',#1220,8.00000000000022);
#444=CIRCLE('',#1221,8.00000000000016);
#445=CIRCLE('',#1222,7.99999999999998);
#446=CIRCLE('',#1223,7.99999999999998);
#447=CIRCLE('',#1224,3.49999999999998);
#448=CIRCLE('',#1225,3.49999999999998);
#449=CIRCLE('',#1226,3.49999999999998);
#450=CIRCLE('',#1227,3.49999999999998);
#451=CIRCLE('',#1228,3.50000000000001);
#452=CIRCLE('',#1229,3.50000000000001);
#453=CIRCLE('',#1230,3.50000000000001);
#454=CIRCLE('',#1233,10.);
#455=CIRCLE('',#1236,9.99999999999999);
#456=CIRCLE('',#1239,9.99999999999994);
#457=CIRCLE('',#1242,9.99999999999994);
#458=CIRCLE('',#1244,1.60000000000002);
#459=CIRCLE('',#1246,1.60000000000002);
#460=CIRCLE('',#1248,1.60000000000002);
#461=CIRCLE('',#1250,1.60000000000002);
#462=CIRCLE('',#1252,1.59999999999999);
#463=CIRCLE('',#1254,1.59999999999999);
#464=CIRCLE('',#1256,1.59999999999999);
#465=CIRCLE('',#1259,10.);
#466=CIRCLE('',#1262,10.);
#467=CIRCLE('',#1265,10.);
#468=CIRCLE('',#1268,10.);
#469=CIRCLE('',#1270,1.60000000000002);
#470=CIRCLE('',#1272,1.60000000000002);
#471=CIRCLE('',#1274,1.60000000000002);
#472=CIRCLE('',#1276,1.60000000000002);
#473=CIRCLE('',#1278,1.59999999999999);
#474=CIRCLE('',#1280,1.59999999999999);
#475=CIRCLE('',#1282,1.59999999999999);
#476=CIRCLE('',#1284,8.);
#477=CIRCLE('',#1285,8.);
#478=CIRCLE('',#1286,8.);
#479=CIRCLE('',#1287,8.);
#480=CIRCLE('',#1289,3.60000000000002);
#481=CIRCLE('',#1291,3.60000000000002);
#482=CIRCLE('',#1293,3.60000000000002);
#483=CIRCLE('',#1295,3.60000000000002);
#484=CIRCLE('',#1297,3.59999999999999);
#485=CIRCLE('',#1299,3.59999999999999);
#486=CIRCLE('',#1301,3.59999999999999);
#487=CIRCLE('',#1303,4.3284271247462);
#488=CIRCLE('',#1304,3.59999999999999);
#489=CIRCLE('',#1306,7.17157287525379);
#490=CIRCLE('',#1307,7.17157287525382);
#491=CIRCLE('',#1308,7.17157287525374);
#492=CIRCLE('',#1309,7.17157287525379);
#493=CIRCLE('',#1310,4.32842712474618);
#494=CIRCLE('',#1311,4.32842712474618);
#495=CIRCLE('',#1312,4.32842712474618);
#496=CIRCLE('',#1313,4.32842712474618);
#497=CIRCLE('',#1314,4.32842712474618);
#498=CIRCLE('',#1315,4.32842712474618);
#499=CIRCLE('',#1316,4.32842712474618);
#500=CIRCLE('',#1319,7.99999999999994);
#501=CIRCLE('',#1322,7.99999999999983);
#502=CIRCLE('',#1325,7.99999999999986);
#503=CIRCLE('',#1328,7.9999999999999);
#504=CIRCLE('',#1331,3.59999999999999);
#505=CIRCLE('',#1333,3.60000000000002);
#506=CIRCLE('',#1335,3.60000000000002);
#507=CIRCLE('',#1337,3.60000000000002);
#508=CIRCLE('',#1339,3.60000000000002);
#509=CIRCLE('',#1341,3.59999999999999);
#510=CIRCLE('',#1343,3.59999999999999);
#511=VERTEX_POINT('',#1745);
#512=VERTEX_POINT('',#1747);
#513=VERTEX_POINT('',#1750);
#514=VERTEX_POINT('',#1754);
#515=VERTEX_POINT('',#1758);
#516=VERTEX_POINT('',#1759);
#517=VERTEX_POINT('',#1761);
#518=VERTEX_POINT('',#1763);
#519=VERTEX_POINT('',#1765);
#520=VERTEX_POINT('',#1767);
#521=VERTEX_POINT('',#1769);
#522=VERTEX_POINT('',#1771);
#523=VERTEX_POINT('',#1774);
#524=VERTEX_POINT('',#1776);
#525=VERTEX_POINT('',#1778);
#526=VERTEX_POINT('',#1780);
#527=VERTEX_POINT('',#1782);
#528=VERTEX_POINT('',#1784);
#529=VERTEX_POINT('',#1786);
#530=VERTEX_POINT('',#1789);
#531=VERTEX_POINT('',#1791);
#532=VERTEX_POINT('',#1795);
#533=VERTEX_POINT('',#1799);
#534=VERTEX_POINT('',#1803);
#535=VERTEX_POINT('',#1807);
#536=VERTEX_POINT('',#1811);
#537=VERTEX_POINT('',#1815);
#538=VERTEX_POINT('',#1821);
#539=VERTEX_POINT('',#1825);
#540=VERTEX_POINT('',#1829);
#541=VERTEX_POINT('',#1833);
#542=VERTEX_POINT('',#1837);
#543=VERTEX_POINT('',#1841);
#544=VERTEX_POINT('',#1845);
#545=VERTEX_POINT('',#1849);
#546=VERTEX_POINT('',#1851);
#547=VERTEX_POINT('',#1855);
#548=VERTEX_POINT('',#1859);
#549=VERTEX_POINT('',#1863);
#550=VERTEX_POINT('',#1867);
#551=VERTEX_POINT('',#1871);
#552=VERTEX_POINT('',#1875);
#553=VERTEX_POINT('',#1881);
#554=VERTEX_POINT('',#1885);
#555=VERTEX_POINT('',#1889);
#556=VERTEX_POINT('',#1893);
#557=VERTEX_POINT('',#1897);
#558=VERTEX_POINT('',#1901);
#559=VERTEX_POINT('',#1905);
#560=VERTEX_POINT('',#1909);
#561=VERTEX_POINT('',#1910);
#562=VERTEX_POINT('',#1912);
#563=VERTEX_POINT('',#1914);
#564=VERTEX_POINT('',#1916);
#565=VERTEX_POINT('',#1918);
#566=VERTEX_POINT('',#1920);
#567=VERTEX_POINT('',#1922);
#568=VERTEX_POINT('',#1926);
#569=VERTEX_POINT('',#1929);
#570=VERTEX_POINT('',#1932);
#571=VERTEX_POINT('',#1935);
#572=VERTEX_POINT('',#1938);
#573=VERTEX_POINT('',#1941);
#574=VERTEX_POINT('',#1944);
#575=VERTEX_POINT('',#1947);
#576=VERTEX_POINT('',#1949);
#577=VERTEX_POINT('',#1953);
#578=VERTEX_POINT('',#1954);
#579=VERTEX_POINT('',#1956);
#580=VERTEX_POINT('',#1958);
#581=VERTEX_POINT('',#1960);
#582=VERTEX_POINT('',#1962);
#583=VERTEX_POINT('',#1964);
#584=VERTEX_POINT('',#1966);
#585=VERTEX_POINT('',#1969);
#586=VERTEX_POINT('',#1971);
#587=VERTEX_POINT('',#1973);
#588=VERTEX_POINT('',#1975);
#589=VERTEX_POINT('',#1977);
#590=VERTEX_POINT('',#1979);
#591=VERTEX_POINT('',#1981);
#592=VERTEX_POINT('',#1986);
#593=VERTEX_POINT('',#1988);
#594=VERTEX_POINT('',#1992);
#595=VERTEX_POINT('',#1996);
#596=VERTEX_POINT('',#2000);
#597=VERTEX_POINT('',#2004);
#598=VERTEX_POINT('',#2008);
#599=VERTEX_POINT('',#2012);
#600=VERTEX_POINT('',#2018);
#601=VERTEX_POINT('',#2022);
#602=VERTEX_POINT('',#2026);
#603=VERTEX_POINT('',#2030);
#604=VERTEX_POINT('',#2034);
#605=VERTEX_POINT('',#2038);
#606=VERTEX_POINT('',#2042);
#607=EDGE_CURVE('',#511,#511,#439,.T.);
#608=EDGE_CURVE('',#512,#512,#440,.T.);
#609=EDGE_CURVE('',#513,#513,#441,.T.);
#610=EDGE_CURVE('',#513,#512,#39,.T.);
#611=EDGE_CURVE('',#513,#514,#40,.T.);
#612=EDGE_CURVE('',#514,#514,#442,.T.);
#613=EDGE_CURVE('',#515,#516,#41,.T.);
#614=EDGE_CURVE('',#515,#517,#443,.T.);
#615=EDGE_CURVE('',#517,#518,#42,.T.);
#616=EDGE_CURVE('',#518,#519,#444,.T.);
#617=EDGE_CURVE('',#520,#519,#43,.T.);
#618=EDGE_CURVE('',#520,#521,#445,.T.);
#619=EDGE_CURVE('',#521,#522,#44,.T.);
#620=EDGE_CURVE('',#522,#516,#446,.T.);
#621=EDGE_CURVE('',#523,#523,#447,.T.);
#622=EDGE_CURVE('',#524,#524,#448,.T.);
#623=EDGE_CURVE('',#525,#525,#449,.T.);
#624=EDGE_CURVE('',#526,#526,#450,.T.);
#625=EDGE_CURVE('',#527,#527,#451,.T.);
#626=EDGE_CURVE('',#528,#528,#452,.T.);
#627=EDGE_CURVE('',#529,#529,#453,.T.);
#628=EDGE_CURVE('',#530,#516,#45,.T.);
#629=EDGE_CURVE('',#531,#530,#46,.T.);
#630=EDGE_CURVE('',#531,#515,#47,.T.);
#631=EDGE_CURVE('',#531,#532,#454,.T.);
#632=EDGE_CURVE('',#532,#517,#48,.T.);
#633=EDGE_CURVE('',#532,#533,#49,.T.);
#634=EDGE_CURVE('',#533,#518,#50,.T.);
#635=EDGE_CURVE('',#533,#534,#455,.T.);
#636=EDGE_CURVE('',#534,#519,#51,.T.);
#637=EDGE_CURVE('',#535,#534,#52,.T.);
#638=EDGE_CURVE('',#535,#520,#53,.T.);
#639=EDGE_CURVE('',#535,#536,#456,.T.);
#640=EDGE_CURVE('',#536,#521,#54,.T.);
#641=EDGE_CURVE('',#536,#537,#55,.T.);
#642=EDGE_CURVE('',#537,#522,#56,.T.);
#643=EDGE_CURVE('',#537,#530,#457,.T.);
#644=EDGE_CURVE('',#538,#538,#458,.T.);
#645=EDGE_CURVE('',#538,#523,#57,.T.);
#646=EDGE_CURVE('',#539,#539,#459,.T.);
#647=EDGE_CURVE('',#539,#524,#58,.T.);
#648=EDGE_CURVE('',#540,#540,#460,.T.);
#649=EDGE_CURVE('',#540,#525,#59,.T.);
#650=EDGE_CURVE('',#541,#541,#461,.T.);
#651=EDGE_CURVE('',#541,#526,#60,.T.);
#652=EDGE_CURVE('',#542,#542,#462,.T.);
#653=EDGE_CURVE('',#542,#527,#61,.T.);
#654=EDGE_CURVE('',#543,#543,#463,.T.);
#655=EDGE_CURVE('',#543,#528,#62,.T.);
#656=EDGE_CURVE('',#544,#544,#464,.T.);
#657=EDGE_CURVE('',#544,#529,#63,.T.);
#658=EDGE_CURVE('',#545,#531,#64,.T.);
#659=EDGE_CURVE('',#546,#530,#65,.T.);
#660=EDGE_CURVE('',#545,#546,#66,.T.);
#661=EDGE_CURVE('',#545,#547,#465,.T.);
#662=EDGE_CURVE('',#547,#532,#67,.T.);
#663=EDGE_CURVE('',#547,#548,#68,.T.);
#664=EDGE_CURVE('',#548,#533,#69,.T.);
#665=EDGE_CURVE('',#548,#549,#466,.T.);
#666=EDGE_CURVE('',#549,#534,#70,.T.);
#667=EDGE_CURVE('',#550,#535,#71,.T.);
#668=EDGE_CURVE('',#550,#549,#72,.T.);
#669=EDGE_CURVE('',#550,#551,#467,.T.);
#670=EDGE_CURVE('',#551,#536,#73,.T.);
#671=EDGE_CURVE('',#551,#552,#74,.T.);
#672=EDGE_CURVE('',#552,#537,#75,.T.);
#673=EDGE_CURVE('',#552,#546,#468,.T.);
#674=EDGE_CURVE('',#538,#553,#76,.T.);
#675=EDGE_CURVE('',#553,#553,#469,.T.);
#676=EDGE_CURVE('',#539,#554,#77,.T.);
#677=EDGE_CURVE('',#554,#554,#470,.T.);
#678=EDGE_CURVE('',#540,#555,#78,.T.);
#679=EDGE_CURVE('',#555,#555,#471,.T.);
#680=EDGE_CURVE('',#541,#556,#79,.T.);
#681=EDGE_CURVE('',#556,#556,#472,.T.);
#682=EDGE_CURVE('',#542,#557,#80,.T.);
#683=EDGE_CURVE('',#557,#557,#473,.T.);
#684=EDGE_CURVE('',#543,#558,#81,.T.);
#685=EDGE_CURVE('',#558,#558,#474,.T.);
#686=EDGE_CURVE('',#544,#559,#82,.T.);
#687=EDGE_CURVE('',#559,#559,#475,.T.);
#688=EDGE_CURVE('',#560,#561,#83,.T.);
#689=EDGE_CURVE('',#560,#562,#476,.T.);
#690=EDGE_CURVE('',#562,#563,#84,.T.);
#691=EDGE_CURVE('',#563,#564,#477,.T.);
#692=EDGE_CURVE('',#565,#564,#85,.T.);
#693=EDGE_CURVE('',#565,#566,#478,.T.);
#694=EDGE_CURVE('',#566,#567,#86,.T.);
#695=EDGE_CURVE('',#567,#561,#479,.T.);
#696=EDGE_CURVE('',#568,#568,#480,.T.);
#697=EDGE_CURVE('',#569,#569,#481,.T.);
#698=EDGE_CURVE('',#570,#570,#482,.T.);
#699=EDGE_CURVE('',#571,#571,#483,.T.);
#700=EDGE_CURVE('',#572,#572,#484,.T.);
#701=EDGE_CURVE('',#573,#573,#485,.T.);
#702=EDGE_CURVE('',#574,#574,#486,.T.);
#703=EDGE_CURVE('',#575,#575,#487,.T.);
#704=EDGE_CURVE('',#575,#576,#87,.T.);
#705=EDGE_CURVE('',#576,#576,#488,.T.);
#706=EDGE_CURVE('',#577,#578,#489,.T.);
#707=EDGE_CURVE('',#577,#579,#88,.T.);
#708=EDGE_CURVE('',#580,#579,#490,.T.);
#709=EDGE_CURVE('',#581,#580,#89,.T.);
#710=EDGE_CURVE('',#582,#581,#491,.T.);
#711=EDGE_CURVE('',#582,#583,#90,.T.);
#712=EDGE_CURVE('',#584,#583,#492,.T.);
#713=EDGE_CURVE('',#578,#584,#91,.T.);
#714=EDGE_CURVE('',#585,#585,#493,.T.);
#715=EDGE_CURVE('',#586,#586,#494,.T.);
#716=EDGE_CURVE('',#587,#587,#495,.T.);
#717=EDGE_CURVE('',#588,#588,#496,.T.);
#718=EDGE_CURVE('',#589,#589,#497,.T.);
#719=EDGE_CURVE('',#590,#590,#498,.T.);
#720=EDGE_CURVE('',#591,#591,#499,.T.);
#721=EDGE_CURVE('',#573,#576,#92,.T.);
#722=EDGE_CURVE('',#592,#578,#93,.T.);
#723=EDGE_CURVE('',#593,#592,#500,.T.);
#724=EDGE_CURVE('',#593,#577,#94,.T.);
#725=EDGE_CURVE('',#592,#594,#95,.T.);
#726=EDGE_CURVE('',#594,#584,#96,.T.);
#727=EDGE_CURVE('',#594,#595,#501,.T.);
#728=EDGE_CURVE('',#595,#583,#97,.T.);
#729=EDGE_CURVE('',#596,#595,#98,.T.);
#730=EDGE_CURVE('',#596,#582,#99,.T.);
#731=EDGE_CURVE('',#597,#581,#100,.T.);
#732=EDGE_CURVE('',#596,#597,#502,.T.);
#733=EDGE_CURVE('',#597,#598,#101,.T.);
#734=EDGE_CURVE('',#598,#580,#102,.T.);
#735=EDGE_CURVE('',#599,#579,#103,.T.);
#736=EDGE_CURVE('',#598,#599,#503,.T.);
#737=EDGE_CURVE('',#593,#599,#104,.T.);
#738=EDGE_CURVE('',#585,#600,#105,.T.);
#739=EDGE_CURVE('',#600,#600,#504,.T.);
#740=EDGE_CURVE('',#586,#601,#106,.T.);
#741=EDGE_CURVE('',#601,#601,#505,.T.);
#742=EDGE_CURVE('',#587,#602,#107,.T.);
#743=EDGE_CURVE('',#602,#602,#506,.T.);
#744=EDGE_CURVE('',#588,#603,#108,.T.);
#745=EDGE_CURVE('',#603,#603,#507,.T.);
#746=EDGE_CURVE('',#589,#604,#109,.T.);
#747=EDGE_CURVE('',#604,#604,#508,.T.);
#748=EDGE_CURVE('',#590,#605,#110,.T.);
#749=EDGE_CURVE('',#605,#605,#509,.T.);
#750=EDGE_CURVE('',#591,#606,#111,.T.);
#751=EDGE_CURVE('',#606,#606,#510,.T.);
#752=EDGE_CURVE('',#562,#592,#112,.T.);
#753=EDGE_CURVE('',#560,#593,#113,.T.);
#754=EDGE_CURVE('',#563,#594,#114,.T.);
#755=EDGE_CURVE('',#564,#595,#115,.T.);
#756=EDGE_CURVE('',#565,#596,#116,.T.);
#757=EDGE_CURVE('',#566,#597,#117,.T.);
#758=EDGE_CURVE('',#567,#598,#118,.T.);
#759=EDGE_CURVE('',#561,#599,#119,.T.);
#760=EDGE_CURVE('',#511,#600,#120,.T.);
#761=EDGE_CURVE('',#568,#601,#121,.T.);
#762=EDGE_CURVE('',#569,#602,#122,.T.);
#763=EDGE_CURVE('',#570,#603,#123,.T.);
#764=EDGE_CURVE('',#571,#604,#124,.T.);
#765=EDGE_CURVE('',#572,#605,#125,.T.);
#766=EDGE_CURVE('',#574,#606,#126,.T.);
#767=ORIENTED_EDGE('',*,*,#607,.F.);
#768=ORIENTED_EDGE('',*,*,#608,.T.);
#769=ORIENTED_EDGE('',*,*,#609,.F.);
#770=ORIENTED_EDGE('',*,*,#610,.T.);
#771=ORIENTED_EDGE('',*,*,#608,.F.);
#772=ORIENTED_EDGE('',*,*,#610,.F.);
#773=ORIENTED_EDGE('',*,*,#609,.T.);
#774=ORIENTED_EDGE('',*,*,#611,.T.);
#775=ORIENTED_EDGE('',*,*,#612,.T.);
#776=ORIENTED_EDGE('',*,*,#611,.F.);
#777=ORIENTED_EDGE('',*,*,#613,.F.);
#778=ORIENTED_EDGE('',*,*,#614,.T.);
#779=ORIENTED_EDGE('',*,*,#615,.T.);
#780=ORIENTED_EDGE('',*,*,#616,.T.);
#781=ORIENTED_EDGE('',*,*,#617,.F.);
#782=ORIENTED_EDGE('',*,*,#618,.T.);
#783=ORIENTED_EDGE('',*,*,#619,.T.);
#784=ORIENTED_EDGE('',*,*,#620,.T.);
#785=ORIENTED_EDGE('',*,*,#612,.F.);
#786=ORIENTED_EDGE('',*,*,#621,.F.);
#787=ORIENTED_EDGE('',*,*,#622,.F.);
#788=ORIENTED_EDGE('',*,*,#623,.F.);
#789=ORIENTED_EDGE('',*,*,#624,.F.);
#790=ORIENTED_EDGE('',*,*,#625,.F.);
#791=ORIENTED_EDGE('',*,*,#626,.F.);
#792=ORIENTED_EDGE('',*,*,#627,.F.);
#793=ORIENTED_EDGE('',*,*,#628,.F.);
#794=ORIENTED_EDGE('',*,*,#629,.F.);
#795=ORIENTED_EDGE('',*,*,#630,.T.);
#796=ORIENTED_EDGE('',*,*,#613,.T.);
#797=ORIENTED_EDGE('',*,*,#630,.F.);
#798=ORIENTED_EDGE('',*,*,#631,.T.);
#799=ORIENTED_EDGE('',*,*,#632,.T.);
#800=ORIENTED_EDGE('',*,*,#614,.F.);
#801=ORIENTED_EDGE('',*,*,#632,.F.);
#802=ORIENTED_EDGE('',*,*,#633,.T.);
#803=ORIENTED_EDGE('',*,*,#634,.T.);
#804=ORIENTED_EDGE('',*,*,#615,.F.);
#805=ORIENTED_EDGE('',*,*,#634,.F.);
#806=ORIENTED_EDGE('',*,*,#635,.T.);
#807=ORIENTED_EDGE('',*,*,#636,.T.);
#808=ORIENTED_EDGE('',*,*,#616,.F.);
#809=ORIENTED_EDGE('',*,*,#636,.F.);
#810=ORIENTED_EDGE('',*,*,#637,.F.);
#811=ORIENTED_EDGE('',*,*,#638,.T.);
#812=ORIENTED_EDGE('',*,*,#617,.T.);
#813=ORIENTED_EDGE('',*,*,#638,.F.);
#814=ORIENTED_EDGE('',*,*,#639,.T.);
#815=ORIENTED_EDGE('',*,*,#640,.T.);
#816=ORIENTED_EDGE('',*,*,#618,.F.);
#817=ORIENTED_EDGE('',*,*,#640,.F.);
#818=ORIENTED_EDGE('',*,*,#641,.T.);
#819=ORIENTED_EDGE('',*,*,#642,.T.);
#820=ORIENTED_EDGE('',*,*,#619,.F.);
#821=ORIENTED_EDGE('',*,*,#642,.F.);
#822=ORIENTED_EDGE('',*,*,#643,.T.);
#823=ORIENTED_EDGE('',*,*,#628,.T.);
#824=ORIENTED_EDGE('',*,*,#620,.F.);
#825=ORIENTED_EDGE('',*,*,#644,.T.);
#826=ORIENTED_EDGE('',*,*,#645,.T.);
#827=ORIENTED_EDGE('',*,*,#621,.T.);
#828=ORIENTED_EDGE('',*,*,#645,.F.);
#829=ORIENTED_EDGE('',*,*,#646,.T.);
#830=ORIENTED_EDGE('',*,*,#647,.T.);
#831=ORIENTED_EDGE('',*,*,#622,.T.);
#832=ORIENTED_EDGE('',*,*,#647,.F.);
#833=ORIENTED_EDGE('',*,*,#648,.T.);
#834=ORIENTED_EDGE('',*,*,#649,.T.);
#835=ORIENTED_EDGE('',*,*,#623,.T.);
#836=ORIENTED_EDGE('',*,*,#649,.F.);
#837=ORIENTED_EDGE('',*,*,#650,.T.);
#838=ORIENTED_EDGE('',*,*,#651,.T.);
#839=ORIENTED_EDGE('',*,*,#624,.T.);
#840=ORIENTED_EDGE('',*,*,#651,.F.);
#841=ORIENTED_EDGE('',*,*,#652,.T.);
#842=ORIENTED_EDGE('',*,*,#653,.T.);
#843=ORIENTED_EDGE('',*,*,#625,.T.);
#844=ORIENTED_EDGE('',*,*,#653,.F.);
#845=ORIENTED_EDGE('',*,*,#654,.T.);
#846=ORIENTED_EDGE('',*,*,#655,.T.);
#847=ORIENTED_EDGE('',*,*,#626,.T.);
#848=ORIENTED_EDGE('',*,*,#655,.F.);
#849=ORIENTED_EDGE('',*,*,#656,.T.);
#850=ORIENTED_EDGE('',*,*,#657,.T.);
#851=ORIENTED_EDGE('',*,*,#627,.T.);
#852=ORIENTED_EDGE('',*,*,#657,.F.);
#853=ORIENTED_EDGE('',*,*,#658,.T.);
#854=ORIENTED_EDGE('',*,*,#629,.T.);
#855=ORIENTED_EDGE('',*,*,#659,.F.);
#856=ORIENTED_EDGE('',*,*,#660,.F.);
#857=ORIENTED_EDGE('',*,*,#658,.F.);
#858=ORIENTED_EDGE('',*,*,#661,.T.);
#859=ORIENTED_EDGE('',*,*,#662,.T.);
#860=ORIENTED_EDGE('',*,*,#631,.F.);
#861=ORIENTED_EDGE('',*,*,#662,.F.);
#862=ORIENTED_EDGE('',*,*,#663,.T.);
#863=ORIENTED_EDGE('',*,*,#664,.T.);
#864=ORIENTED_EDGE('',*,*,#633,.F.);
#865=ORIENTED_EDGE('',*,*,#664,.F.);
#866=ORIENTED_EDGE('',*,*,#665,.T.);
#867=ORIENTED_EDGE('',*,*,#666,.T.);
#868=ORIENTED_EDGE('',*,*,#635,.F.);
#869=ORIENTED_EDGE('',*,*,#667,.T.);
#870=ORIENTED_EDGE('',*,*,#637,.T.);
#871=ORIENTED_EDGE('',*,*,#666,.F.);
#872=ORIENTED_EDGE('',*,*,#668,.F.);
#873=ORIENTED_EDGE('',*,*,#667,.F.);
#874=ORIENTED_EDGE('',*,*,#669,.T.);
#875=ORIENTED_EDGE('',*,*,#670,.T.);
#876=ORIENTED_EDGE('',*,*,#639,.F.);
#877=ORIENTED_EDGE('',*,*,#670,.F.);
#878=ORIENTED_EDGE('',*,*,#671,.T.);
#879=ORIENTED_EDGE('',*,*,#672,.T.);
#880=ORIENTED_EDGE('',*,*,#641,.F.);
#881=ORIENTED_EDGE('',*,*,#672,.F.);
#882=ORIENTED_EDGE('',*,*,#673,.T.);
#883=ORIENTED_EDGE('',*,*,#659,.T.);
#884=ORIENTED_EDGE('',*,*,#643,.F.);
#885=ORIENTED_EDGE('',*,*,#644,.F.);
#886=ORIENTED_EDGE('',*,*,#674,.T.);
#887=ORIENTED_EDGE('',*,*,#675,.F.);
#888=ORIENTED_EDGE('',*,*,#674,.F.);
#889=ORIENTED_EDGE('',*,*,#646,.F.);
#890=ORIENTED_EDGE('',*,*,#676,.T.);
#891=ORIENTED_EDGE('',*,*,#677,.F.);
#892=ORIENTED_EDGE('',*,*,#676,.F.);
#893=ORIENTED_EDGE('',*,*,#648,.F.);
#894=ORIENTED_EDGE('',*,*,#678,.T.);
#895=ORIENTED_EDGE('',*,*,#679,.F.);
#896=ORIENTED_EDGE('',*,*,#678,.F.);
#897=ORIENTED_EDGE('',*,*,#650,.F.);
#898=ORIENTED_EDGE('',*,*,#680,.T.);
#899=ORIENTED_EDGE('',*,*,#681,.F.);
#900=ORIENTED_EDGE('',*,*,#680,.F.);
#901=ORIENTED_EDGE('',*,*,#652,.F.);
#902=ORIENTED_EDGE('',*,*,#682,.T.);
#903=ORIENTED_EDGE('',*,*,#683,.F.);
#904=ORIENTED_EDGE('',*,*,#682,.F.);
#905=ORIENTED_EDGE('',*,*,#654,.F.);
#906=ORIENTED_EDGE('',*,*,#684,.T.);
#907=ORIENTED_EDGE('',*,*,#685,.F.);
#908=ORIENTED_EDGE('',*,*,#684,.F.);
#909=ORIENTED_EDGE('',*,*,#656,.F.);
#910=ORIENTED_EDGE('',*,*,#686,.T.);
#911=ORIENTED_EDGE('',*,*,#687,.F.);
#912=ORIENTED_EDGE('',*,*,#686,.F.);
#913=ORIENTED_EDGE('',*,*,#671,.F.);
#914=ORIENTED_EDGE('',*,*,#669,.F.);
#915=ORIENTED_EDGE('',*,*,#668,.T.);
#916=ORIENTED_EDGE('',*,*,#665,.F.);
#917=ORIENTED_EDGE('',*,*,#663,.F.);
#918=ORIENTED_EDGE('',*,*,#661,.F.);
#919=ORIENTED_EDGE('',*,*,#660,.T.);
#920=ORIENTED_EDGE('',*,*,#673,.F.);
#921=ORIENTED_EDGE('',*,*,#688,.F.);
#922=ORIENTED_EDGE('',*,*,#689,.T.);
#923=ORIENTED_EDGE('',*,*,#690,.T.);
#924=ORIENTED_EDGE('',*,*,#691,.T.);
#925=ORIENTED_EDGE('',*,*,#692,.F.);
#926=ORIENTED_EDGE('',*,*,#693,.T.);
#927=ORIENTED_EDGE('',*,*,#694,.T.);
#928=ORIENTED_EDGE('',*,*,#695,.T.);
#929=ORIENTED_EDGE('',*,*,#696,.T.);
#930=ORIENTED_EDGE('',*,*,#675,.T.);
#931=ORIENTED_EDGE('',*,*,#697,.F.);
#932=ORIENTED_EDGE('',*,*,#677,.T.);
#933=ORIENTED_EDGE('',*,*,#698,.F.);
#934=ORIENTED_EDGE('',*,*,#679,.T.);
#935=ORIENTED_EDGE('',*,*,#699,.F.);
#936=ORIENTED_EDGE('',*,*,#681,.T.);
#937=ORIENTED_EDGE('',*,*,#700,.T.);
#938=ORIENTED_EDGE('',*,*,#683,.T.);
#939=ORIENTED_EDGE('',*,*,#701,.T.);
#940=ORIENTED_EDGE('',*,*,#685,.T.);
#941=ORIENTED_EDGE('',*,*,#702,.T.);
#942=ORIENTED_EDGE('',*,*,#687,.T.);
#943=ORIENTED_EDGE('',*,*,#703,.F.);
#944=ORIENTED_EDGE('',*,*,#704,.T.);
#945=ORIENTED_EDGE('',*,*,#705,.F.);
#946=ORIENTED_EDGE('',*,*,#704,.F.);
#947=ORIENTED_EDGE('',*,*,#706,.F.);
#948=ORIENTED_EDGE('',*,*,#707,.T.);
#949=ORIENTED_EDGE('',*,*,#708,.F.);
#950=ORIENTED_EDGE('',*,*,#709,.F.);
#951=ORIENTED_EDGE('',*,*,#710,.F.);
#952=ORIENTED_EDGE('',*,*,#711,.T.);
#953=ORIENTED_EDGE('',*,*,#712,.F.);
#954=ORIENTED_EDGE('',*,*,#713,.F.);
#955=ORIENTED_EDGE('',*,*,#714,.T.);
#956=ORIENTED_EDGE('',*,*,#715,.T.);
#957=ORIENTED_EDGE('',*,*,#716,.T.);
#958=ORIENTED_EDGE('',*,*,#717,.T.);
#959=ORIENTED_EDGE('',*,*,#718,.T.);
#960=ORIENTED_EDGE('',*,*,#719,.T.);
#961=ORIENTED_EDGE('',*,*,#703,.T.);
#962=ORIENTED_EDGE('',*,*,#720,.T.);
#963=ORIENTED_EDGE('',*,*,#701,.F.);
#964=ORIENTED_EDGE('',*,*,#721,.T.);
#965=ORIENTED_EDGE('',*,*,#705,.T.);
#966=ORIENTED_EDGE('',*,*,#721,.F.);
#967=ORIENTED_EDGE('',*,*,#722,.F.);
#968=ORIENTED_EDGE('',*,*,#723,.F.);
#969=ORIENTED_EDGE('',*,*,#724,.T.);
#970=ORIENTED_EDGE('',*,*,#706,.T.);
#971=ORIENTED_EDGE('',*,*,#725,.F.);
#972=ORIENTED_EDGE('',*,*,#722,.T.);
#973=ORIENTED_EDGE('',*,*,#713,.T.);
#974=ORIENTED_EDGE('',*,*,#726,.F.);
#975=ORIENTED_EDGE('',*,*,#727,.F.);
#976=ORIENTED_EDGE('',*,*,#726,.T.);
#977=ORIENTED_EDGE('',*,*,#712,.T.);
#978=ORIENTED_EDGE('',*,*,#728,.F.);
#979=ORIENTED_EDGE('',*,*,#729,.T.);
#980=ORIENTED_EDGE('',*,*,#728,.T.);
#981=ORIENTED_EDGE('',*,*,#711,.F.);
#982=ORIENTED_EDGE('',*,*,#730,.F.);
#983=ORIENTED_EDGE('',*,*,#731,.F.);
#984=ORIENTED_EDGE('',*,*,#732,.F.);
#985=ORIENTED_EDGE('',*,*,#730,.T.);
#986=ORIENTED_EDGE('',*,*,#710,.T.);
#987=ORIENTED_EDGE('',*,*,#733,.F.);
#988=ORIENTED_EDGE('',*,*,#731,.T.);
#989=ORIENTED_EDGE('',*,*,#709,.T.);
#990=ORIENTED_EDGE('',*,*,#734,.F.);
#991=ORIENTED_EDGE('',*,*,#735,.F.);
#992=ORIENTED_EDGE('',*,*,#736,.F.);
#993=ORIENTED_EDGE('',*,*,#734,.T.);
#994=ORIENTED_EDGE('',*,*,#708,.T.);
#995=ORIENTED_EDGE('',*,*,#737,.T.);
#996=ORIENTED_EDGE('',*,*,#735,.T.);
#997=ORIENTED_EDGE('',*,*,#707,.F.);
#998=ORIENTED_EDGE('',*,*,#724,.F.);
#999=ORIENTED_EDGE('',*,*,#714,.F.);
#1000=ORIENTED_EDGE('',*,*,#738,.T.);
#1001=ORIENTED_EDGE('',*,*,#739,.F.);
#1002=ORIENTED_EDGE('',*,*,#738,.F.);
#1003=ORIENTED_EDGE('',*,*,#715,.F.);
#1004=ORIENTED_EDGE('',*,*,#740,.T.);
#1005=ORIENTED_EDGE('',*,*,#741,.F.);
#1006=ORIENTED_EDGE('',*,*,#740,.F.);
#1007=ORIENTED_EDGE('',*,*,#716,.F.);
#1008=ORIENTED_EDGE('',*,*,#742,.T.);
#1009=ORIENTED_EDGE('',*,*,#743,.T.);
#1010=ORIENTED_EDGE('',*,*,#742,.F.);
#1011=ORIENTED_EDGE('',*,*,#717,.F.);
#1012=ORIENTED_EDGE('',*,*,#744,.T.);
#1013=ORIENTED_EDGE('',*,*,#745,.T.);
#1014=ORIENTED_EDGE('',*,*,#744,.F.);
#1015=ORIENTED_EDGE('',*,*,#718,.F.);
#1016=ORIENTED_EDGE('',*,*,#746,.T.);
#1017=ORIENTED_EDGE('',*,*,#747,.T.);
#1018=ORIENTED_EDGE('',*,*,#746,.F.);
#1019=ORIENTED_EDGE('',*,*,#719,.F.);
#1020=ORIENTED_EDGE('',*,*,#748,.T.);
#1021=ORIENTED_EDGE('',*,*,#749,.F.);
#1022=ORIENTED_EDGE('',*,*,#748,.F.);
#1023=ORIENTED_EDGE('',*,*,#720,.F.);
#1024=ORIENTED_EDGE('',*,*,#750,.T.);
#1025=ORIENTED_EDGE('',*,*,#751,.F.);
#1026=ORIENTED_EDGE('',*,*,#750,.F.);
#1027=ORIENTED_EDGE('',*,*,#752,.F.);
#1028=ORIENTED_EDGE('',*,*,#689,.F.);
#1029=ORIENTED_EDGE('',*,*,#753,.T.);
#1030=ORIENTED_EDGE('',*,*,#723,.T.);
#1031=ORIENTED_EDGE('',*,*,#754,.F.);
#1032=ORIENTED_EDGE('',*,*,#690,.F.);
#1033=ORIENTED_EDGE('',*,*,#752,.T.);
#1034=ORIENTED_EDGE('',*,*,#725,.T.);
#1035=ORIENTED_EDGE('',*,*,#754,.T.);
#1036=ORIENTED_EDGE('',*,*,#727,.T.);
#1037=ORIENTED_EDGE('',*,*,#755,.F.);
#1038=ORIENTED_EDGE('',*,*,#691,.F.);
#1039=ORIENTED_EDGE('',*,*,#756,.F.);
#1040=ORIENTED_EDGE('',*,*,#692,.T.);
#1041=ORIENTED_EDGE('',*,*,#755,.T.);
#1042=ORIENTED_EDGE('',*,*,#729,.F.);
#1043=ORIENTED_EDGE('',*,*,#757,.F.);
#1044=ORIENTED_EDGE('',*,*,#693,.F.);
#1045=ORIENTED_EDGE('',*,*,#756,.T.);
#1046=ORIENTED_EDGE('',*,*,#732,.T.);
#1047=ORIENTED_EDGE('',*,*,#758,.F.);
#1048=ORIENTED_EDGE('',*,*,#694,.F.);
#1049=ORIENTED_EDGE('',*,*,#757,.T.);
#1050=ORIENTED_EDGE('',*,*,#733,.T.);
#1051=ORIENTED_EDGE('',*,*,#759,.F.);
#1052=ORIENTED_EDGE('',*,*,#695,.F.);
#1053=ORIENTED_EDGE('',*,*,#758,.T.);
#1054=ORIENTED_EDGE('',*,*,#736,.T.);
#1055=ORIENTED_EDGE('',*,*,#753,.F.);
#1056=ORIENTED_EDGE('',*,*,#688,.T.);
#1057=ORIENTED_EDGE('',*,*,#759,.T.);
#1058=ORIENTED_EDGE('',*,*,#737,.F.);
#1059=ORIENTED_EDGE('',*,*,#607,.T.);
#1060=ORIENTED_EDGE('',*,*,#760,.T.);
#1061=ORIENTED_EDGE('',*,*,#739,.T.);
#1062=ORIENTED_EDGE('',*,*,#760,.F.);
#1063=ORIENTED_EDGE('',*,*,#696,.F.);
#1064=ORIENTED_EDGE('',*,*,#761,.T.);
#1065=ORIENTED_EDGE('',*,*,#741,.T.);
#1066=ORIENTED_EDGE('',*,*,#761,.F.);
#1067=ORIENTED_EDGE('',*,*,#697,.T.);
#1068=ORIENTED_EDGE('',*,*,#762,.T.);
#1069=ORIENTED_EDGE('',*,*,#743,.F.);
#1070=ORIENTED_EDGE('',*,*,#762,.F.);
#1071=ORIENTED_EDGE('',*,*,#698,.T.);
#1072=ORIENTED_EDGE('',*,*,#763,.T.);
#1073=ORIENTED_EDGE('',*,*,#745,.F.);
#1074=ORIENTED_EDGE('',*,*,#763,.F.);
#1075=ORIENTED_EDGE('',*,*,#699,.T.);
#1076=ORIENTED_EDGE('',*,*,#764,.T.);
#1077=ORIENTED_EDGE('',*,*,#747,.F.);
#1078=ORIENTED_EDGE('',*,*,#764,.F.);
#1079=ORIENTED_EDGE('',*,*,#700,.F.);
#1080=ORIENTED_EDGE('',*,*,#765,.T.);
#1081=ORIENTED_EDGE('',*,*,#749,.T.);
#1082=ORIENTED_EDGE('',*,*,#765,.F.);
#1083=ORIENTED_EDGE('',*,*,#702,.F.);
#1084=ORIENTED_EDGE('',*,*,#766,.T.);
#1085=ORIENTED_EDGE('',*,*,#751,.T.);
#1086=ORIENTED_EDGE('',*,*,#766,.F.);
#1087=PLANE('',#1212);
#1088=PLANE('',#1219);
#1089=PLANE('',#1231);
#1090=PLANE('',#1234);
#1091=PLANE('',#1237);
#1092=PLANE('',#1240);
#1093=PLANE('',#1257);
#1094=PLANE('',#1260);
#1095=PLANE('',#1263);
#1096=PLANE('',#1266);
#1097=PLANE('',#1283);
#1098=PLANE('',#1288);
#1099=PLANE('',#1290);
#1100=PLANE('',#1292);
#1101=PLANE('',#1294);
#1102=PLANE('',#1296);
#1103=PLANE('',#1298);
#1104=PLANE('',#1300);
#1105=PLANE('',#1305);
#1106=PLANE('',#1320);
#1107=PLANE('',#1323);
#1108=PLANE('',#1326);
#1109=PLANE('',#1329);
#1110=PLANE('',#1345);
#1111=PLANE('',#1347);
#1112=PLANE('',#1349);
#1113=PLANE('',#1351);
#1114=ADVANCED_FACE('',(#264,#239),#1087,.F.);
#1115=ADVANCED_FACE('',(#265),#215,.F.);
#1116=ADVANCED_FACE('',(#266),#15,.F.);
#1117=ADVANCED_FACE('',(#267,#240,#241,#242,#243,#244,#245,#246,#247),#1088,
 .T.);
#1118=ADVANCED_FACE('',(#268),#1089,.F.);
#1119=ADVANCED_FACE('',(#269),#16,.T.);
#1120=ADVANCED_FACE('',(#270),#1090,.T.);
#1121=ADVANCED_FACE('',(#271),#17,.T.);
#1122=ADVANCED_FACE('',(#272),#1091,.F.);
#1123=ADVANCED_FACE('',(#273),#18,.T.);
#1124=ADVANCED_FACE('',(#274),#1092,.T.);
#1125=ADVANCED_FACE('',(#275),#19,.T.);
#1126=ADVANCED_FACE('',(#276),#20,.F.);
#1127=ADVANCED_FACE('',(#277),#21,.F.);
#1128=ADVANCED_FACE('',(#278),#22,.F.);
#1129=ADVANCED_FACE('',(#279),#23,.F.);
#1130=ADVANCED_FACE('',(#280),#24,.F.);
#1131=ADVANCED_FACE('',(#281),#25,.F.);
#1132=ADVANCED_FACE('',(#282),#26,.F.);
#1133=ADVANCED_FACE('',(#283),#1093,.F.);
#1134=ADVANCED_FACE('',(#284),#216,.T.);
#1135=ADVANCED_FACE('',(#285),#1094,.T.);
#1136=ADVANCED_FACE('',(#286),#217,.T.);
#1137=ADVANCED_FACE('',(#287),#1095,.F.);
#1138=ADVANCED_FACE('',(#288),#218,.T.);
#1139=ADVANCED_FACE('',(#289),#1096,.T.);
#1140=ADVANCED_FACE('',(#290),#219,.T.);
#1141=ADVANCED_FACE('',(#291),#220,.F.);
#1142=ADVANCED_FACE('',(#292),#221,.F.);
#1143=ADVANCED_FACE('',(#293),#222,.F.);
#1144=ADVANCED_FACE('',(#294),#223,.F.);
#1145=ADVANCED_FACE('',(#295),#224,.F.);
#1146=ADVANCED_FACE('',(#296),#225,.F.);
#1147=ADVANCED_FACE('',(#297),#226,.F.);
#1148=ADVANCED_FACE('',(#298,#248),#1097,.F.);
#1149=ADVANCED_FACE('',(#299,#249),#1098,.F.);
#1150=ADVANCED_FACE('',(#300,#250),#1099,.F.);
#1151=ADVANCED_FACE('',(#301,#251),#1100,.F.);
#1152=ADVANCED_FACE('',(#302,#252),#1101,.F.);
#1153=ADVANCED_FACE('',(#303,#253),#1102,.F.);
#1154=ADVANCED_FACE('',(#304,#254),#1103,.F.);
#1155=ADVANCED_FACE('',(#305,#255),#1104,.F.);
#1156=ADVANCED_FACE('',(#306),#27,.T.);
#1157=ADVANCED_FACE('',(#307,#256,#257,#258,#259,#260,#261,#262,#263),#1105,
 .F.);
#1158=ADVANCED_FACE('',(#308),#227,.T.);
#1159=ADVANCED_FACE('',(#309),#28,.F.);
#1160=ADVANCED_FACE('',(#310),#1106,.F.);
#1161=ADVANCED_FACE('',(#311),#29,.F.);
#1162=ADVANCED_FACE('',(#312),#1107,.T.);
#1163=ADVANCED_FACE('',(#313),#30,.F.);
#1164=ADVANCED_FACE('',(#314),#1108,.F.);
#1165=ADVANCED_FACE('',(#315),#31,.F.);
#1166=ADVANCED_FACE('',(#316),#1109,.T.);
#1167=ADVANCED_FACE('',(#317),#32,.T.);
#1168=ADVANCED_FACE('',(#318),#33,.T.);
#1169=ADVANCED_FACE('',(#319),#34,.T.);
#1170=ADVANCED_FACE('',(#320),#35,.T.);
#1171=ADVANCED_FACE('',(#321),#36,.T.);
#1172=ADVANCED_FACE('',(#322),#37,.T.);
#1173=ADVANCED_FACE('',(#323),#38,.T.);
#1174=ADVANCED_FACE('',(#324),#228,.F.);
#1175=ADVANCED_FACE('',(#325),#1110,.F.);
#1176=ADVANCED_FACE('',(#326),#229,.F.);
#1177=ADVANCED_FACE('',(#327),#1111,.T.);
#1178=ADVANCED_FACE('',(#328),#230,.F.);
#1179=ADVANCED_FACE('',(#329),#1112,.F.);
#1180=ADVANCED_FACE('',(#330),#231,.F.);
#1181=ADVANCED_FACE('',(#331),#1113,.T.);
#1182=ADVANCED_FACE('',(#332),#232,.T.);
#1183=ADVANCED_FACE('',(#333),#233,.T.);
#1184=ADVANCED_FACE('',(#334),#234,.T.);
#1185=ADVANCED_FACE('',(#335),#235,.T.);
#1186=ADVANCED_FACE('',(#336),#236,.T.);
#1187=ADVANCED_FACE('',(#337),#237,.T.);
#1188=ADVANCED_FACE('',(#338),#238,.T.);
#1189=CLOSED_SHELL('',(#1114,#1115,#1116,#1117,#1118,#1119,#1120,#1121,
#1122,#1123,#1124,#1125,#1126,#1127,#1128,#1129,#1130,#1131,#1132,#1133,
#1134,#1135,#1136,#1137,#1138,#1139,#1140,#1141,#1142,#1143,#1144,#1145,
#1146,#1147,#1148,#1149,#1150,#1151,#1152,#1153,#1154,#1155,#1156,#1157,
#1158,#1159,#1160,#1161,#1162,#1163,#1164,#1165,#1166,#1167,#1168,#1169,
#1170,#1171,#1172,#1173,#1174,#1175,#1176,#1177,#1178,#1179,#1180,#1181,
#1182,#1183,#1184,#1185,#1186,#1187,#1188));
#1190=DERIVED_UNIT_ELEMENT(#1193,1.);
#1191=DERIVED_UNIT_ELEMENT(#2080,-3.);
#1192=DIMENSIONAL_EXPONENTS(0.,1.,0.,0.,0.,0.,0.);
#1193=(
CONVERSION_BASED_UNIT('gram',#1195)
MASS_UNIT()
NAMED_UNIT(#1192)
);
#1194=(
MASS_UNIT()
NAMED_UNIT(*)
SI_UNIT(.KILO.,.GRAM.)
);
#1195=MASS_MEASURE_WITH_UNIT(MASS_MEASURE(0.001),#1194);
#1196=DERIVED_UNIT((#1190,#1191));
#1197=MEASURE_REPRESENTATION_ITEM('density measure',
POSITIVE_RATIO_MEASURE(1.),#1196);
#1198=PROPERTY_DEFINITION_REPRESENTATION(#1203,#1200);
#1199=PROPERTY_DEFINITION_REPRESENTATION(#1204,#1201);
#1200=REPRESENTATION('material name',(#1202),#2077);
#1201=REPRESENTATION('density',(#1197),#2077);
#1202=DESCRIPTIVE_REPRESENTATION_ITEM('Generisch','Generisch');
#1203=PROPERTY_DEFINITION('material property','material name',#2087);
#1204=PROPERTY_DEFINITION('material property','density of part',#2087);
#1205=DATE_TIME_ROLE('creation_date');
#1206=APPLIED_DATE_AND_TIME_ASSIGNMENT(#1207,#1205,(#2087));
#1207=DATE_AND_TIME(#1208,#1209);
#1208=CALENDAR_DATE(2026,7,3);
#1209=LOCAL_TIME(0,0,0.,#1210);
#1210=COORDINATED_UNIVERSAL_TIME_OFFSET(0,0,.BEHIND.);
#1211=AXIS2_PLACEMENT_3D('',#1743,#1359,#1360);
#1212=AXIS2_PLACEMENT_3D('',#1744,#1361,#1362);
#1213=AXIS2_PLACEMENT_3D('',#1746,#1363,#1364);
#1214=AXIS2_PLACEMENT_3D('',#1748,#1365,#1366);
#1215=AXIS2_PLACEMENT_3D('',#1749,#1367,#1368);
#1216=AXIS2_PLACEMENT_3D('',#1751,#1369,#1370);
#1217=AXIS2_PLACEMENT_3D('',#1753,#1372,#1373);
#1218=AXIS2_PLACEMENT_3D('',#1756,#1375,#1376);
#1219=AXIS2_PLACEMENT_3D('',#1757,#1377,#1378);
#1220=AXIS2_PLACEMENT_3D('',#1762,#1380,#1381);
#1221=AXIS2_PLACEMENT_3D('',#1766,#1383,#1384);
#1222=AXIS2_PLACEMENT_3D('',#1770,#1386,#1387);
#1223=AXIS2_PLACEMENT_3D('',#1773,#1389,#1390);
#1224=AXIS2_PLACEMENT_3D('',#1775,#1391,#1392);
#1225=AXIS2_PLACEMENT_3D('',#1777,#1393,#1394);
#1226=AXIS2_PLACEMENT_3D('',#1779,#1395,#1396);
#1227=AXIS2_PLACEMENT_3D('',#1781,#1397,#1398);
#1228=AXIS2_PLACEMENT_3D('',#1783,#1399,#1400);
#1229=AXIS2_PLACEMENT_3D('',#1785,#1401,#1402);
#1230=AXIS2_PLACEMENT_3D('',#1787,#1403,#1404);
#1231=AXIS2_PLACEMENT_3D('',#1788,#1405,#1406);
#1232=AXIS2_PLACEMENT_3D('',#1794,#1410,#1411);
#1233=AXIS2_PLACEMENT_3D('',#1796,#1412,#1413);
#1234=AXIS2_PLACEMENT_3D('',#1798,#1415,#1416);
#1235=AXIS2_PLACEMENT_3D('',#1802,#1419,#1420);
#1236=AXIS2_PLACEMENT_3D('',#1804,#1421,#1422);
#1237=AXIS2_PLACEMENT_3D('',#1806,#1424,#1425);
#1238=AXIS2_PLACEMENT_3D('',#1810,#1428,#1429);
#1239=AXIS2_PLACEMENT_3D('',#1812,#1430,#1431);
#1240=AXIS2_PLACEMENT_3D('',#1814,#1433,#1434);
#1241=AXIS2_PLACEMENT_3D('',#1818,#1437,#1438);
#1242=AXIS2_PLACEMENT_3D('',#1819,#1439,#1440);
#1243=AXIS2_PLACEMENT_3D('',#1820,#1441,#1442);
#1244=AXIS2_PLACEMENT_3D('',#1822,#1443,#1444);
#1245=AXIS2_PLACEMENT_3D('',#1824,#1446,#1447);
#1246=AXIS2_PLACEMENT_3D('',#1826,#1448,#1449);
#1247=AXIS2_PLACEMENT_3D('',#1828,#1451,#1452);
#1248=AXIS2_PLACEMENT_3D('',#1830,#1453,#1454);
#1249=AXIS2_PLACEMENT_3D('',#1832,#1456,#1457);
#1250=AXIS2_PLACEMENT_3D('',#1834,#1458,#1459);
#1251=AXIS2_PLACEMENT_3D('',#1836,#1461,#1462);
#1252=AXIS2_PLACEMENT_3D('',#1838,#1463,#1464);
#1253=AXIS2_PLACEMENT_3D('',#1840,#1466,#1467);
#1254=AXIS2_PLACEMENT_3D('',#1842,#1468,#1469);
#1255=AXIS2_PLACEMENT_3D('',#1844,#1471,#1472);
#1256=AXIS2_PLACEMENT_3D('',#1846,#1473,#1474);
#1257=AXIS2_PLACEMENT_3D('',#1848,#1476,#1477);
#1258=AXIS2_PLACEMENT_3D('',#1854,#1481,#1482);
#1259=AXIS2_PLACEMENT_3D('',#1856,#1483,#1484);
#1260=AXIS2_PLACEMENT_3D('',#1858,#1486,#1487);
#1261=AXIS2_PLACEMENT_3D('',#1862,#1490,#1491);
#1262=AXIS2_PLACEMENT_3D('',#1864,#1492,#1493);
#1263=AXIS2_PLACEMENT_3D('',#1866,#1495,#1496);
#1264=AXIS2_PLACEMENT_3D('',#1870,#1499,#1500);
#1265=AXIS2_PLACEMENT_3D('',#1872,#1501,#1502);
#1266=AXIS2_PLACEMENT_3D('',#1874,#1504,#1505);
#1267=AXIS2_PLACEMENT_3D('',#1878,#1508,#1509);
#1268=AXIS2_PLACEMENT_3D('',#1879,#1510,#1511);
#1269=AXIS2_PLACEMENT_3D('',#1880,#1512,#1513);
#1270=AXIS2_PLACEMENT_3D('',#1883,#1515,#1516);
#1271=AXIS2_PLACEMENT_3D('',#1884,#1517,#1518);
#1272=AXIS2_PLACEMENT_3D('',#1887,#1520,#1521);
#1273=AXIS2_PLACEMENT_3D('',#1888,#1522,#1523);
#1274=AXIS2_PLACEMENT_3D('',#1891,#1525,#1526);
#1275=AXIS2_PLACEMENT_3D('',#1892,#1527,#1528);
#1276=AXIS2_PLACEMENT_3D('',#1895,#1530,#1531);
#1277=AXIS2_PLACEMENT_3D('',#1896,#1532,#1533);
#1278=AXIS2_PLACEMENT_3D('',#1899,#1535,#1536);
#1279=AXIS2_PLACEMENT_3D('',#1900,#1537,#1538);
#1280=AXIS2_PLACEMENT_3D('',#1903,#1540,#1541);
#1281=AXIS2_PLACEMENT_3D('',#1904,#1542,#1543);
#1282=AXIS2_PLACEMENT_3D('',#1907,#1545,#1546);
#1283=AXIS2_PLACEMENT_3D('',#1908,#1547,#1548);
#1284=AXIS2_PLACEMENT_3D('',#1913,#1550,#1551);
#1285=AXIS2_PLACEMENT_3D('',#1917,#1553,#1554);
#1286=AXIS2_PLACEMENT_3D('',#1921,#1556,#1557);
#1287=AXIS2_PLACEMENT_3D('',#1924,#1559,#1560);
#1288=AXIS2_PLACEMENT_3D('',#1925,#1561,#1562);
#1289=AXIS2_PLACEMENT_3D('',#1927,#1563,#1564);
#1290=AXIS2_PLACEMENT_3D('',#1928,#1565,#1566);
#1291=AXIS2_PLACEMENT_3D('',#1930,#1567,#1568);
#1292=AXIS2_PLACEMENT_3D('',#1931,#1569,#1570);
#1293=AXIS2_PLACEMENT_3D('',#1933,#1571,#1572);
#1294=AXIS2_PLACEMENT_3D('',#1934,#1573,#1574);
#1295=AXIS2_PLACEMENT_3D('',#1936,#1575,#1576);
#1296=AXIS2_PLACEMENT_3D('',#1937,#1577,#1578);
#1297=AXIS2_PLACEMENT_3D('',#1939,#1579,#1580);
#1298=AXIS2_PLACEMENT_3D('',#1940,#1581,#1582);
#1299=AXIS2_PLACEMENT_3D('',#1942,#1583,#1584);
#1300=AXIS2_PLACEMENT_3D('',#1943,#1585,#1586);
#1301=AXIS2_PLACEMENT_3D('',#1945,#1587,#1588);
#1302=AXIS2_PLACEMENT_3D('',#1946,#1589,#1590);
#1303=AXIS2_PLACEMENT_3D('',#1948,#1591,#1592);
#1304=AXIS2_PLACEMENT_3D('',#1951,#1594,#1595);
#1305=AXIS2_PLACEMENT_3D('',#1952,#1596,#1597);
#1306=AXIS2_PLACEMENT_3D('',#1955,#1598,#1599);
#1307=AXIS2_PLACEMENT_3D('',#1959,#1601,#1602);
#1308=AXIS2_PLACEMENT_3D('',#1963,#1604,#1605);
#1309=AXIS2_PLACEMENT_3D('',#1967,#1607,#1608);
#1310=AXIS2_PLACEMENT_3D('',#1970,#1610,#1611);
#1311=AXIS2_PLACEMENT_3D('',#1972,#1612,#1613);
#1312=AXIS2_PLACEMENT_3D('',#1974,#1614,#1615);
#1313=AXIS2_PLACEMENT_3D('',#1976,#1616,#1617);
#1314=AXIS2_PLACEMENT_3D('',#1978,#1618,#1619);
#1315=AXIS2_PLACEMENT_3D('',#1980,#1620,#1621);
#1316=AXIS2_PLACEMENT_3D('',#1982,#1622,#1623);
#1317=AXIS2_PLACEMENT_3D('',#1983,#1624,#1625);
#1318=AXIS2_PLACEMENT_3D('',#1985,#1627,#1628);
#1319=AXIS2_PLACEMENT_3D('',#1989,#1630,#1631);
#1320=AXIS2_PLACEMENT_3D('',#1991,#1633,#1634);
#1321=AXIS2_PLACEMENT_3D('',#1995,#1637,#1638);
#1322=AXIS2_PLACEMENT_3D('',#1997,#1639,#1640);
#1323=AXIS2_PLACEMENT_3D('',#1999,#1642,#1643);
#1324=AXIS2_PLACEMENT_3D('',#2003,#1646,#1647);
#1325=AXIS2_PLACEMENT_3D('',#2006,#1649,#1650);
#1326=AXIS2_PLACEMENT_3D('',#2007,#1651,#1652);
#1327=AXIS2_PLACEMENT_3D('',#2011,#1655,#1656);
#1328=AXIS2_PLACEMENT_3D('',#2014,#1658,#1659);
#1329=AXIS2_PLACEMENT_3D('',#2015,#1660,#1661);
#1330=AXIS2_PLACEMENT_3D('',#2017,#1663,#1664);
#1331=AXIS2_PLACEMENT_3D('',#2020,#1666,#1667);
#1332=AXIS2_PLACEMENT_3D('',#2021,#1668,#1669);
#1333=AXIS2_PLACEMENT_3D('',#2024,#1671,#1672);
#1334=AXIS2_PLACEMENT_3D('',#2025,#1673,#1674);
#1335=AXIS2_PLACEMENT_3D('',#2028,#1676,#1677);
#1336=AXIS2_PLACEMENT_3D('',#2029,#1678,#1679);
#1337=AXIS2_PLACEMENT_3D('',#2032,#1681,#1682);
#1338=AXIS2_PLACEMENT_3D('',#2033,#1683,#1684);
#1339=AXIS2_PLACEMENT_3D('',#2036,#1686,#1687);
#1340=AXIS2_PLACEMENT_3D('',#2037,#1688,#1689);
#1341=AXIS2_PLACEMENT_3D('',#2040,#1691,#1692);
#1342=AXIS2_PLACEMENT_3D('',#2041,#1693,#1694);
#1343=AXIS2_PLACEMENT_3D('',#2044,#1696,#1697);
#1344=AXIS2_PLACEMENT_3D('',#2045,#1698,#1699);
#1345=AXIS2_PLACEMENT_3D('',#2048,#1702,#1703);
#1346=AXIS2_PLACEMENT_3D('',#2050,#1705,#1706);
#1347=AXIS2_PLACEMENT_3D('',#2052,#1708,#1709);
#1348=AXIS2_PLACEMENT_3D('',#2054,#1711,#1712);
#1349=AXIS2_PLACEMENT_3D('',#2056,#1714,#1715);
#1350=AXIS2_PLACEMENT_3D('',#2058,#1717,#1718);
#1351=AXIS2_PLACEMENT_3D('',#2060,#1720,#1721);
#1352=AXIS2_PLACEMENT_3D('',#2061,#1722,#1723);
#1353=AXIS2_PLACEMENT_3D('',#2063,#1725,#1726);
#1354=AXIS2_PLACEMENT_3D('',#2065,#1728,#1729);
#1355=AXIS2_PLACEMENT_3D('',#2067,#1731,#1732);
#1356=AXIS2_PLACEMENT_3D('',#2069,#1734,#1735);
#1357=AXIS2_PLACEMENT_3D('',#2071,#1737,#1738);
#1358=AXIS2_PLACEMENT_3D('',#2073,#1740,#1741);
#1359=DIRECTION('axis',(0.,0.,1.));
#1360=DIRECTION('refdir',(1.,0.,0.));
#1361=DIRECTION('center_axis',(2.7755575552929E-17,-1.,-1.97023723933246E-16));
#1362=DIRECTION('ref_axis',(1.,2.7755575552929E-17,0.));
#1363=DIRECTION('center_axis',(2.7755575552929E-17,-1.,-1.97023723933246E-16));
#1364=DIRECTION('ref_axis',(1.,2.7755575552929E-17,0.));
#1365=DIRECTION('center_axis',(2.7755575552929E-17,-1.,-1.97023723933246E-16));
#1366=DIRECTION('ref_axis',(1.,2.7755575552929E-17,0.));
#1367=DIRECTION('center_axis',(-2.7755575552929E-17,1.,1.97023723933246E-16));
#1368=DIRECTION('ref_axis',(1.,2.7755575552929E-17,5.46850685534863E-33));
#1369=DIRECTION('center_axis',(-2.7755575552929E-17,1.,1.97023723933246E-16));
#1370=DIRECTION('ref_axis',(1.,2.7755575552929E-17,5.46850685534863E-33));
#1371=DIRECTION('',(-2.7755575552929E-17,1.,1.97023723933246E-16));
#1372=DIRECTION('center_axis',(2.7755575552929E-17,-1.,-1.97023723933246E-16));
#1373=DIRECTION('ref_axis',(1.,2.7755575552929E-17,5.46850685534863E-33));
#1374=DIRECTION('',(-0.70710678118655,-0.707106781186545,-2.25912416871373E-16));
#1375=DIRECTION('center_axis',(2.7755575552929E-17,-1.,-1.97023723933246E-16));
#1376=DIRECTION('ref_axis',(1.,2.7755575552929E-17,5.46850685534863E-33));
#1377=DIRECTION('center_axis',(2.7755575552929E-17,-1.,-1.97023723933246E-16));
#1378=DIRECTION('ref_axis',(1.,2.7755575552929E-17,0.));
#1379=DIRECTION('',(-1.,-2.7755575552929E-17,0.));
#1380=DIRECTION('center_axis',(2.7755575552929E-17,-1.,-1.97023723933246E-16));
#1381=DIRECTION('ref_axis',(1.,2.7755575552929E-17,0.));
#1382=DIRECTION('',(5.46850685534863E-33,-1.97023723933246E-16,1.));
#1383=DIRECTION('center_axis',(2.7755575552929E-17,-1.,-1.97023723933246E-16));
#1384=DIRECTION('ref_axis',(1.,2.7755575552929E-17,0.));
#1385=DIRECTION('',(1.,2.7755575552929E-17,0.));
#1386=DIRECTION('center_axis',(2.7755575552929E-17,-1.,-1.97023723933246E-16));
#1387=DIRECTION('ref_axis',(1.,2.7755575552929E-17,0.));
#1388=DIRECTION('',(-5.46850685534863E-33,1.97023723933246E-16,-1.));
#1389=DIRECTION('center_axis',(2.7755575552929E-17,-1.,-1.97023723933246E-16));
#1390=DIRECTION('ref_axis',(1.,2.7755575552929E-17,0.));
#1391=DIRECTION('center_axis',(2.7755575552929E-17,-1.,-1.97023723933246E-16));
#1392=DIRECTION('ref_axis',(1.,2.7755575552929E-17,0.));
#1393=DIRECTION('center_axis',(2.7755575552929E-17,-1.,-1.97023723933246E-16));
#1394=DIRECTION('ref_axis',(1.,2.7755575552929E-17,0.));
#1395=DIRECTION('center_axis',(2.7755575552929E-17,-1.,-1.97023723933246E-16));
#1396=DIRECTION('ref_axis',(1.,2.7755575552929E-17,0.));
#1397=DIRECTION('center_axis',(2.7755575552929E-17,-1.,-1.97023723933246E-16));
#1398=DIRECTION('ref_axis',(1.,2.7755575552929E-17,0.));
#1399=DIRECTION('center_axis',(2.7755575552929E-17,-1.,-1.97023723933246E-16));
#1400=DIRECTION('ref_axis',(1.,2.7755575552929E-17,0.));
#1401=DIRECTION('center_axis',(2.7755575552929E-17,-1.,-1.97023723933246E-16));
#1402=DIRECTION('ref_axis',(1.,2.7755575552929E-17,0.));
#1403=DIRECTION('center_axis',(2.7755575552929E-17,-1.,-1.97023723933246E-16));
#1404=DIRECTION('ref_axis',(1.,2.7755575552929E-17,0.));
#1405=DIRECTION('center_axis',(-2.0775995451359E-17,0.707106781186548,0.707106781186547));
#1406=DIRECTION('ref_axis',(-1.,-2.93816945391136E-17,0.));
#1407=DIRECTION('',(2.0775995451359E-17,-0.707106781186547,0.707106781186548));
#1408=DIRECTION('',(-1.,-2.93816945391136E-17,0.));
#1409=DIRECTION('',(2.0775995451359E-17,-0.707106781186547,0.707106781186548));
#1410=DIRECTION('center_axis',(-1.4210854715202E-14,1.,-2.8421709430404E-14));
#1411=DIRECTION('ref_axis',(-0.258819045102521,1.77635683940027E-16,-0.965925826289068));
#1412=DIRECTION('center_axis',(1.4210854715202E-14,-1.,2.8421709430404E-14));
#1413=DIRECTION('ref_axis',(-0.258819045102521,1.77635683940027E-16,-0.965925826289068));
#1414=DIRECTION('',(-0.707106781186513,-0.707106781186583,4.01943669423044E-14));
#1415=DIRECTION('center_axis',(0.707106781186547,-0.707106781186548,-1.3652977901598E-16));
#1416=DIRECTION('ref_axis',(0.,-1.93082265152201E-16,1.));
#1417=DIRECTION('',(0.,-1.93082265152201E-16,1.));
#1418=DIRECTION('',(-0.707106781186548,-0.707106781186547,-1.3652977901598E-16));
#1419=DIRECTION('center_axis',(0.,1.,0.));
#1420=DIRECTION('ref_axis',(0.965925826289069,8.88178419700125E-17,-0.258819045102519));
#1421=DIRECTION('center_axis',(0.,-1.,0.));
#1422=DIRECTION('ref_axis',(0.965925826289069,8.88178419700125E-17,-0.258819045102518));
#1423=DIRECTION('',(5.02429586778808E-15,-0.707106781186548,-0.707106781186547));
#1424=DIRECTION('center_axis',(-1.73133295427991E-17,0.707106781186548,
-0.707106781186547));
#1425=DIRECTION('ref_axis',(1.,2.44847454492613E-17,0.));
#1426=DIRECTION('',(1.,2.44847454492613E-17,0.));
#1427=DIRECTION('',(1.73133295427991E-17,-0.707106781186547,-0.707106781186548));
#1428=DIRECTION('center_axis',(0.,1.,0.));
#1429=DIRECTION('ref_axis',(0.258819045102519,-1.77635683940026E-16,0.965925826289069));
#1430=DIRECTION('center_axis',(0.,-1.,0.));
#1431=DIRECTION('ref_axis',(0.258819045102519,-1.77635683940026E-16,0.965925826289069));
#1432=DIRECTION('',(0.707106781186537,-0.707106781186558,0.));
#1433=DIRECTION('center_axis',(-0.707106781186547,-0.707106781186548,-1.3652977901598E-16));
#1434=DIRECTION('ref_axis',(0.,1.93082265152201E-16,-1.));
#1435=DIRECTION('',(0.,1.93082265152201E-16,-1.));
#1436=DIRECTION('',(0.707106781186548,-0.707106781186547,-1.3652977901598E-16));
#1437=DIRECTION('center_axis',(0.,1.,0.));
#1438=DIRECTION('ref_axis',(-0.965925826289069,-8.88178419700128E-17,0.258819045102519));
#1439=DIRECTION('center_axis',(0.,-1.,0.));
#1440=DIRECTION('ref_axis',(-0.965925826289069,-8.88178419700128E-17,0.258819045102519));
#1441=DIRECTION('center_axis',(2.7755575552929E-17,-1.,-1.97023723933246E-16));
#1442=DIRECTION('ref_axis',(1.,2.7755575552929E-17,5.46850685534863E-33));
#1443=DIRECTION('center_axis',(-2.7755575552929E-17,1.,1.97023723933246E-16));
#1444=DIRECTION('ref_axis',(1.,2.7755575552929E-17,5.46850685534863E-33));
#1445=DIRECTION('',(-0.70710678118654,-0.707106781186555,-2.25912416871374E-16));
#1446=DIRECTION('center_axis',(2.7755575552929E-17,-1.,-1.97023723933246E-16));
#1447=DIRECTION('ref_axis',(1.,2.7755575552929E-17,5.46850685534863E-33));
#1448=DIRECTION('center_axis',(-2.7755575552929E-17,1.,1.97023723933246E-16));
#1449=DIRECTION('ref_axis',(1.,2.7755575552929E-17,5.46850685534863E-33));
#1450=DIRECTION('',(-0.70710678118654,-0.707106781186555,-2.25912416871374E-16));
#1451=DIRECTION('center_axis',(2.7755575552929E-17,-1.,-1.97023723933246E-16));
#1452=DIRECTION('ref_axis',(1.,2.7755575552929E-17,5.46850685534863E-33));
#1453=DIRECTION('center_axis',(-2.7755575552929E-17,1.,1.97023723933246E-16));
#1454=DIRECTION('ref_axis',(1.,2.7755575552929E-17,5.46850685534863E-33));
#1455=DIRECTION('',(-0.70710678118654,-0.707106781186555,-2.25912416871374E-16));
#1456=DIRECTION('center_axis',(2.7755575552929E-17,-1.,-1.97023723933246E-16));
#1457=DIRECTION('ref_axis',(1.,2.7755575552929E-17,5.46850685534863E-33));
#1458=DIRECTION('center_axis',(-2.7755575552929E-17,1.,1.97023723933246E-16));
#1459=DIRECTION('ref_axis',(1.,2.7755575552929E-17,5.46850685534863E-33));
#1460=DIRECTION('',(-0.70710678118654,-0.707106781186555,-2.25912416871374E-16));
#1461=DIRECTION('center_axis',(2.7755575552929E-17,-1.,-1.97023723933246E-16));
#1462=DIRECTION('ref_axis',(1.,2.7755575552929E-17,5.46850685534863E-33));
#1463=DIRECTION('center_axis',(-2.7755575552929E-17,1.,1.97023723933246E-16));
#1464=DIRECTION('ref_axis',(1.,2.7755575552929E-17,5.46850685534863E-33));
#1465=DIRECTION('',(-0.70710678118655,-0.707106781186545,-2.25912416871373E-16));
#1466=DIRECTION('center_axis',(2.7755575552929E-17,-1.,-1.97023723933246E-16));
#1467=DIRECTION('ref_axis',(1.,2.7755575552929E-17,5.46850685534863E-33));
#1468=DIRECTION('center_axis',(-2.7755575552929E-17,1.,1.97023723933246E-16));
#1469=DIRECTION('ref_axis',(1.,2.7755575552929E-17,5.46850685534863E-33));
#1470=DIRECTION('',(-0.70710678118655,-0.707106781186545,-2.25912416871373E-16));
#1471=DIRECTION('center_axis',(2.7755575552929E-17,-1.,-1.97023723933246E-16));
#1472=DIRECTION('ref_axis',(1.,2.7755575552929E-17,5.46850685534863E-33));
#1473=DIRECTION('center_axis',(-2.7755575552929E-17,1.,1.97023723933246E-16));
#1474=DIRECTION('ref_axis',(1.,2.7755575552929E-17,5.46850685534863E-33));
#1475=DIRECTION('',(-0.70710678118655,-0.707106781186545,-2.25912416871373E-16));
#1476=DIRECTION('center_axis',(5.46850685534863E-33,-1.97023723933246E-16,
1.));
#1477=DIRECTION('ref_axis',(-1.,-2.7755575552929E-17,0.));
#1478=DIRECTION('',(2.7755575552929E-17,-1.,-1.97023723933246E-16));
#1479=DIRECTION('',(2.7755575552929E-17,-1.,-1.97023723933246E-16));
#1480=DIRECTION('',(-1.,-2.7755575552929E-17,0.));
#1481=DIRECTION('center_axis',(0.,-1.,0.));
#1482=DIRECTION('ref_axis',(1.,0.,0.));
#1483=DIRECTION('center_axis',(0.,-1.,0.));
#1484=DIRECTION('ref_axis',(1.,0.,0.));
#1485=DIRECTION('',(0.,-1.,0.));
#1486=DIRECTION('center_axis',(1.,2.7755575552929E-17,0.));
#1487=DIRECTION('ref_axis',(5.46850685534863E-33,-1.97023723933246E-16,
1.));
#1488=DIRECTION('',(5.46850685534863E-33,-1.97023723933246E-16,1.));
#1489=DIRECTION('',(2.7755575552929E-17,-1.,-1.97023723933246E-16));
#1490=DIRECTION('center_axis',(0.,-1.,-1.77635683940025E-16));
#1491=DIRECTION('ref_axis',(0.,-1.77635683940025E-16,1.));
#1492=DIRECTION('center_axis',(0.,-1.,-1.77635683940025E-16));
#1493=DIRECTION('ref_axis',(0.,-1.77635683940025E-16,1.));
#1494=DIRECTION('',(0.,-1.,0.));
#1495=DIRECTION('center_axis',(-5.46850685534863E-33,1.97023723933246E-16,
-1.));
#1496=DIRECTION('ref_axis',(1.,2.7755575552929E-17,0.));
#1497=DIRECTION('',(2.7755575552929E-17,-1.,-1.97023723933246E-16));
#1498=DIRECTION('',(1.,2.7755575552929E-17,0.));
#1499=DIRECTION('center_axis',(0.,-1.,0.));
#1500=DIRECTION('ref_axis',(-1.,0.,0.));
#1501=DIRECTION('center_axis',(0.,-1.,0.));
#1502=DIRECTION('ref_axis',(-1.,0.,0.));
#1503=DIRECTION('',(0.,-1.,0.));
#1504=DIRECTION('center_axis',(-1.,-2.7755575552929E-17,0.));
#1505=DIRECTION('ref_axis',(-5.46850685534863E-33,1.97023723933246E-16,
-1.));
#1506=DIRECTION('',(-5.46850685534863E-33,1.97023723933246E-16,-1.));
#1507=DIRECTION('',(2.7755575552929E-17,-1.,-1.97023723933246E-16));
#1508=DIRECTION('center_axis',(0.,-1.,-1.77635683940025E-16));
#1509=DIRECTION('ref_axis',(0.,1.77635683940025E-16,-1.));
#1510=DIRECTION('center_axis',(0.,-1.,-1.77635683940025E-16));
#1511=DIRECTION('ref_axis',(0.,1.77635683940025E-16,-1.));
#1512=DIRECTION('center_axis',(-2.7755575552929E-17,1.,1.97023723933246E-16));
#1513=DIRECTION('ref_axis',(1.,2.7755575552929E-17,5.46850685534863E-33));
#1514=DIRECTION('',(-2.7755575552929E-17,1.,1.97023723933246E-16));
#1515=DIRECTION('center_axis',(2.7755575552929E-17,-1.,-1.97023723933246E-16));
#1516=DIRECTION('ref_axis',(1.,2.7755575552929E-17,5.46850685534863E-33));
#1517=DIRECTION('center_axis',(-2.7755575552929E-17,1.,1.97023723933246E-16));
#1518=DIRECTION('ref_axis',(1.,2.7755575552929E-17,5.46850685534863E-33));
#1519=DIRECTION('',(-2.7755575552929E-17,1.,1.97023723933246E-16));
#1520=DIRECTION('center_axis',(2.7755575552929E-17,-1.,-1.97023723933246E-16));
#1521=DIRECTION('ref_axis',(1.,2.7755575552929E-17,5.46850685534863E-33));
#1522=DIRECTION('center_axis',(-2.7755575552929E-17,1.,1.97023723933246E-16));
#1523=DIRECTION('ref_axis',(1.,2.7755575552929E-17,5.46850685534863E-33));
#1524=DIRECTION('',(-2.7755575552929E-17,1.,1.97023723933246E-16));
#1525=DIRECTION('center_axis',(2.7755575552929E-17,-1.,-1.97023723933246E-16));
#1526=DIRECTION('ref_axis',(1.,2.7755575552929E-17,5.46850685534863E-33));
#1527=DIRECTION('center_axis',(-2.7755575552929E-17,1.,1.97023723933246E-16));
#1528=DIRECTION('ref_axis',(1.,2.7755575552929E-17,5.46850685534863E-33));
#1529=DIRECTION('',(-2.7755575552929E-17,1.,1.97023723933246E-16));
#1530=DIRECTION('center_axis',(2.7755575552929E-17,-1.,-1.97023723933246E-16));
#1531=DIRECTION('ref_axis',(1.,2.7755575552929E-17,5.46850685534863E-33));
#1532=DIRECTION('center_axis',(-2.7755575552929E-17,1.,1.97023723933246E-16));
#1533=DIRECTION('ref_axis',(1.,2.7755575552929E-17,5.46850685534863E-33));
#1534=DIRECTION('',(-2.7755575552929E-17,1.,1.97023723933246E-16));
#1535=DIRECTION('center_axis',(2.7755575552929E-17,-1.,-1.97023723933246E-16));
#1536=DIRECTION('ref_axis',(1.,2.7755575552929E-17,5.46850685534863E-33));
#1537=DIRECTION('center_axis',(-2.7755575552929E-17,1.,1.97023723933246E-16));
#1538=DIRECTION('ref_axis',(1.,2.7755575552929E-17,5.46850685534863E-33));
#1539=DIRECTION('',(-2.7755575552929E-17,1.,1.97023723933246E-16));
#1540=DIRECTION('center_axis',(2.7755575552929E-17,-1.,-1.97023723933246E-16));
#1541=DIRECTION('ref_axis',(1.,2.7755575552929E-17,5.46850685534863E-33));
#1542=DIRECTION('center_axis',(-2.7755575552929E-17,1.,1.97023723933246E-16));
#1543=DIRECTION('ref_axis',(1.,2.7755575552929E-17,5.46850685534863E-33));
#1544=DIRECTION('',(-2.7755575552929E-17,1.,1.97023723933246E-16));
#1545=DIRECTION('center_axis',(2.7755575552929E-17,-1.,-1.97023723933246E-16));
#1546=DIRECTION('ref_axis',(1.,2.7755575552929E-17,5.46850685534863E-33));
#1547=DIRECTION('center_axis',(2.7755575552929E-17,-1.,-1.97023723933246E-16));
#1548=DIRECTION('ref_axis',(1.,2.7755575552929E-17,0.));
#1549=DIRECTION('',(1.,2.7755575552929E-17,0.));
#1550=DIRECTION('center_axis',(2.7755575552929E-17,-1.,-1.97023723933246E-16));
#1551=DIRECTION('ref_axis',(1.,2.7755575552929E-17,0.));
#1552=DIRECTION('',(-5.46850685534863E-33,1.97023723933246E-16,-1.));
#1553=DIRECTION('center_axis',(2.7755575552929E-17,-1.,-1.97023723933246E-16));
#1554=DIRECTION('ref_axis',(1.,2.7755575552929E-17,0.));
#1555=DIRECTION('',(-1.,-2.7755575552929E-17,0.));
#1556=DIRECTION('center_axis',(2.7755575552929E-17,-1.,-1.97023723933246E-16));
#1557=DIRECTION('ref_axis',(1.,2.7755575552929E-17,0.));
#1558=DIRECTION('',(5.46850685534863E-33,-1.97023723933246E-16,1.));
#1559=DIRECTION('center_axis',(2.7755575552929E-17,-1.,-1.97023723933246E-16));
#1560=DIRECTION('ref_axis',(1.,2.7755575552929E-17,0.));
#1561=DIRECTION('center_axis',(2.7755575552929E-17,-1.,-1.97023723933246E-16));
#1562=DIRECTION('ref_axis',(1.,2.7755575552929E-17,0.));
#1563=DIRECTION('center_axis',(-2.7755575552929E-17,1.,1.97023723933246E-16));
#1564=DIRECTION('ref_axis',(-1.,-2.7755575552929E-17,0.));
#1565=DIRECTION('center_axis',(2.7755575552929E-17,-1.,-1.97023723933246E-16));
#1566=DIRECTION('ref_axis',(1.,2.7755575552929E-17,0.));
#1567=DIRECTION('center_axis',(2.7755575552929E-17,-1.,-1.97023723933246E-16));
#1568=DIRECTION('ref_axis',(1.,2.7755575552929E-17,0.));
#1569=DIRECTION('center_axis',(2.7755575552929E-17,-1.,-1.97023723933246E-16));
#1570=DIRECTION('ref_axis',(1.,2.7755575552929E-17,0.));
#1571=DIRECTION('center_axis',(2.7755575552929E-17,-1.,-1.97023723933246E-16));
#1572=DIRECTION('ref_axis',(1.,2.7755575552929E-17,0.));
#1573=DIRECTION('center_axis',(2.7755575552929E-17,-1.,-1.97023723933246E-16));
#1574=DIRECTION('ref_axis',(1.,2.7755575552929E-17,0.));
#1575=DIRECTION('center_axis',(2.7755575552929E-17,-1.,-1.97023723933246E-16));
#1576=DIRECTION('ref_axis',(1.,2.7755575552929E-17,0.));
#1577=DIRECTION('center_axis',(2.7755575552929E-17,-1.,-1.97023723933246E-16));
#1578=DIRECTION('ref_axis',(1.,2.7755575552929E-17,0.));
#1579=DIRECTION('center_axis',(-2.7755575552929E-17,1.,1.97023723933246E-16));
#1580=DIRECTION('ref_axis',(-1.,-2.7755575552929E-17,0.));
#1581=DIRECTION('center_axis',(2.7755575552929E-17,-1.,-1.97023723933246E-16));
#1582=DIRECTION('ref_axis',(1.,2.7755575552929E-17,0.));
#1583=DIRECTION('center_axis',(-2.7755575552929E-17,1.,1.97023723933246E-16));
#1584=DIRECTION('ref_axis',(-1.,-2.7755575552929E-17,0.));
#1585=DIRECTION('center_axis',(2.7755575552929E-17,-1.,-1.97023723933246E-16));
#1586=DIRECTION('ref_axis',(1.,2.7755575552929E-17,0.));
#1587=DIRECTION('center_axis',(-2.7755575552929E-17,1.,1.97023723933246E-16));
#1588=DIRECTION('ref_axis',(-1.,-2.7755575552929E-17,0.));
#1589=DIRECTION('center_axis',(2.7755575552929E-17,-1.,-1.97023723933246E-16));
#1590=DIRECTION('ref_axis',(1.,2.7755575552929E-17,5.46850685534863E-33));
#1591=DIRECTION('center_axis',(2.7755575552929E-17,-1.,-1.97023723933246E-16));
#1592=DIRECTION('ref_axis',(1.,2.7755575552929E-17,5.46850685534863E-33));
#1593=DIRECTION('',(0.70710678118655,0.707106781186545,2.25912416871373E-16));
#1594=DIRECTION('center_axis',(-2.7755575552929E-17,1.,1.97023723933246E-16));
#1595=DIRECTION('ref_axis',(1.,2.7755575552929E-17,5.46850685534863E-33));
#1596=DIRECTION('center_axis',(2.7755575552929E-17,-1.,-1.97023723933246E-16));
#1597=DIRECTION('ref_axis',(1.,2.7755575552929E-17,0.));
#1598=DIRECTION('center_axis',(2.7755575552929E-17,-1.,-1.97023723933246E-16));
#1599=DIRECTION('ref_axis',(1.,2.7755575552929E-17,0.));
#1600=DIRECTION('',(1.,2.7755575552929E-17,0.));
#1601=DIRECTION('center_axis',(2.7755575552929E-17,-1.,-1.97023723933246E-16));
#1602=DIRECTION('ref_axis',(1.,2.7755575552929E-17,0.));
#1603=DIRECTION('',(5.46850685534863E-33,-1.97023723933246E-16,1.));
#1604=DIRECTION('center_axis',(2.7755575552929E-17,-1.,-1.97023723933246E-16));
#1605=DIRECTION('ref_axis',(1.,2.7755575552929E-17,0.));
#1606=DIRECTION('',(-1.,-2.7755575552929E-17,0.));
#1607=DIRECTION('center_axis',(2.7755575552929E-17,-1.,-1.97023723933246E-16));
#1608=DIRECTION('ref_axis',(1.,2.7755575552929E-17,0.));
#1609=DIRECTION('',(-5.46850685534863E-33,1.97023723933246E-16,-1.));
#1610=DIRECTION('center_axis',(2.7755575552929E-17,-1.,-1.97023723933246E-16));
#1611=DIRECTION('ref_axis',(1.,2.7755575552929E-17,0.));
#1612=DIRECTION('center_axis',(2.7755575552929E-17,-1.,-1.97023723933246E-16));
#1613=DIRECTION('ref_axis',(1.,2.7755575552929E-17,0.));
#1614=DIRECTION('center_axis',(2.7755575552929E-17,-1.,-1.97023723933246E-16));
#1615=DIRECTION('ref_axis',(1.,2.7755575552929E-17,0.));
#1616=DIRECTION('center_axis',(2.7755575552929E-17,-1.,-1.97023723933246E-16));
#1617=DIRECTION('ref_axis',(1.,2.7755575552929E-17,0.));
#1618=DIRECTION('center_axis',(2.7755575552929E-17,-1.,-1.97023723933246E-16));
#1619=DIRECTION('ref_axis',(1.,2.7755575552929E-17,0.));
#1620=DIRECTION('center_axis',(2.7755575552929E-17,-1.,-1.97023723933246E-16));
#1621=DIRECTION('ref_axis',(1.,2.7755575552929E-17,0.));
#1622=DIRECTION('center_axis',(2.7755575552929E-17,-1.,-1.97023723933246E-16));
#1623=DIRECTION('ref_axis',(1.,2.7755575552929E-17,0.));
#1624=DIRECTION('center_axis',(-2.7755575552929E-17,1.,1.97023723933246E-16));
#1625=DIRECTION('ref_axis',(1.,2.7755575552929E-17,5.46850685534863E-33));
#1626=DIRECTION('',(2.7755575552929E-17,-1.,-1.97023723933246E-16));
#1627=DIRECTION('center_axis',(-4.70633710494828E-17,1.,1.22604273268633E-16));
#1628=DIRECTION('ref_axis',(0.777145961456967,-4.05822604541418E-17,0.629320391049842));
#1629=DIRECTION('',(0.707106781186496,-0.707106781186599,0.));
#1630=DIRECTION('center_axis',(-5.95758611723005E-16,-1.,-9.30798047136581E-16));
#1631=DIRECTION('ref_axis',(-1.,5.89805981832119E-16,0.));
#1632=DIRECTION('',(0.,-0.707106781186468,-0.707106781186627));
#1633=DIRECTION('center_axis',(-0.707106781186547,-0.707106781186548,-1.3652977901598E-16));
#1634=DIRECTION('ref_axis',(0.,1.93082265152201E-16,-1.));
#1635=DIRECTION('',(0.,1.93082265152201E-16,-1.));
#1636=DIRECTION('',(0.707106781186548,-0.707106781186547,-1.3652977901598E-16));
#1637=DIRECTION('center_axis',(1.22604273268633E-16,1.,4.70633710494832E-17));
#1638=DIRECTION('ref_axis',(-0.629320391049847,4.05822604541419E-17,0.777145961456963));
#1639=DIRECTION('center_axis',(-5.51046802371551E-15,-1.,5.17542858830173E-15));
#1640=DIRECTION('ref_axis',(1.33226762955022E-14,-5.169475958411E-15,-1.));
#1641=DIRECTION('',(0.,-0.707106781186414,0.707106781186681));
#1642=DIRECTION('center_axis',(-2.0775995451359E-17,0.707106781186548,0.707106781186547));
#1643=DIRECTION('ref_axis',(-1.,-2.93816945391136E-17,0.));
#1644=DIRECTION('',(-1.,-2.93816945391136E-17,0.));
#1645=DIRECTION('',(2.0775995451359E-17,-0.707106781186547,0.707106781186548));
#1646=DIRECTION('center_axis',(-1.42948574356796E-14,1.,-2.86364043110029E-14));
#1647=DIRECTION('ref_axis',(-0.777145961456975,-2.91306638850031E-14,-0.629320391049832));
#1648=DIRECTION('',(-0.707106781186514,-0.707106781186581,-1.8194584838078E-13));
#1649=DIRECTION('center_axis',(1.41929780573089E-14,-1.,2.85159139212418E-14));
#1650=DIRECTION('ref_axis',(1.,1.41900380334905E-14,-2.66453525910042E-14));
#1651=DIRECTION('center_axis',(0.707106781186547,-0.707106781186548,-1.3652977901598E-16));
#1652=DIRECTION('ref_axis',(0.,-1.93082265152201E-16,1.));
#1653=DIRECTION('',(0.,-1.93082265152201E-16,1.));
#1654=DIRECTION('',(-0.707106781186548,-0.707106781186547,-1.3652977901598E-16));
#1655=DIRECTION('center_axis',(1.90004449975875E-18,1.,8.91466424666323E-17));
#1656=DIRECTION('ref_axis',(0.629320391049845,6.8084216422791E-17,-0.777145961456965));
#1657=DIRECTION('',(1.51621540317338E-14,-0.707106781186452,-0.707106781186643));
#1658=DIRECTION('center_axis',(0.,-1.,0.));
#1659=DIRECTION('ref_axis',(0.,0.,1.));
#1660=DIRECTION('center_axis',(-1.73133295427991E-17,0.707106781186548,
-0.707106781186547));
#1661=DIRECTION('ref_axis',(1.,2.44847454492613E-17,0.));
#1662=DIRECTION('',(1.,2.44847454492613E-17,0.));
#1663=DIRECTION('center_axis',(2.7755575552929E-17,-1.,-1.97023723933246E-16));
#1664=DIRECTION('ref_axis',(1.,2.7755575552929E-17,5.46850685534863E-33));
#1665=DIRECTION('',(0.70710678118655,0.707106781186545,2.25912416871373E-16));
#1666=DIRECTION('center_axis',(-2.7755575552929E-17,1.,1.97023723933246E-16));
#1667=DIRECTION('ref_axis',(1.,2.7755575552929E-17,5.46850685534863E-33));
#1668=DIRECTION('center_axis',(2.7755575552929E-17,-1.,-1.97023723933246E-16));
#1669=DIRECTION('ref_axis',(1.,2.7755575552929E-17,5.46850685534863E-33));
#1670=DIRECTION('',(0.70710678118654,0.707106781186555,2.25912416871374E-16));
#1671=DIRECTION('center_axis',(-2.7755575552929E-17,1.,1.97023723933246E-16));
#1672=DIRECTION('ref_axis',(1.,2.7755575552929E-17,5.46850685534863E-33));
#1673=DIRECTION('center_axis',(2.7755575552929E-17,-1.,-1.97023723933246E-16));
#1674=DIRECTION('ref_axis',(1.,2.7755575552929E-17,5.46850685534863E-33));
#1675=DIRECTION('',(0.70710678118654,0.707106781186555,2.25912416871374E-16));
#1676=DIRECTION('center_axis',(2.7755575552929E-17,-1.,-1.97023723933246E-16));
#1677=DIRECTION('ref_axis',(1.,2.7755575552929E-17,5.46850685534863E-33));
#1678=DIRECTION('center_axis',(2.7755575552929E-17,-1.,-1.97023723933246E-16));
#1679=DIRECTION('ref_axis',(1.,2.7755575552929E-17,5.46850685534863E-33));
#1680=DIRECTION('',(0.70710678118654,0.707106781186555,2.25912416871374E-16));
#1681=DIRECTION('center_axis',(2.7755575552929E-17,-1.,-1.97023723933246E-16));
#1682=DIRECTION('ref_axis',(1.,2.7755575552929E-17,5.46850685534863E-33));
#1683=DIRECTION('center_axis',(2.7755575552929E-17,-1.,-1.97023723933246E-16));
#1684=DIRECTION('ref_axis',(1.,2.7755575552929E-17,5.46850685534863E-33));
#1685=DIRECTION('',(0.70710678118654,0.707106781186555,2.25912416871374E-16));
#1686=DIRECTION('center_axis',(2.7755575552929E-17,-1.,-1.97023723933246E-16));
#1687=DIRECTION('ref_axis',(1.,2.7755575552929E-17,5.46850685534863E-33));
#1688=DIRECTION('center_axis',(2.7755575552929E-17,-1.,-1.97023723933246E-16));
#1689=DIRECTION('ref_axis',(1.,2.7755575552929E-17,5.46850685534863E-33));
#1690=DIRECTION('',(0.70710678118655,0.707106781186545,2.25912416871373E-16));
#1691=DIRECTION('center_axis',(-2.7755575552929E-17,1.,1.97023723933246E-16));
#1692=DIRECTION('ref_axis',(1.,2.7755575552929E-17,5.46850685534863E-33));
#1693=DIRECTION('center_axis',(2.7755575552929E-17,-1.,-1.97023723933246E-16));
#1694=DIRECTION('ref_axis',(1.,2.7755575552929E-17,5.46850685534863E-33));
#1695=DIRECTION('',(0.70710678118655,0.707106781186545,2.25912416871373E-16));
#1696=DIRECTION('center_axis',(-2.7755575552929E-17,1.,1.97023723933246E-16));
#1697=DIRECTION('ref_axis',(1.,2.7755575552929E-17,5.46850685534863E-33));
#1698=DIRECTION('center_axis',(0.,-1.,0.));
#1699=DIRECTION('ref_axis',(-1.,0.,0.));
#1700=DIRECTION('',(0.,-1.,0.));
#1701=DIRECTION('',(0.,-1.,0.));
#1702=DIRECTION('center_axis',(-1.,-2.7755575552929E-17,0.));
#1703=DIRECTION('ref_axis',(-5.46850685534863E-33,1.97023723933246E-16,
-1.));
#1704=DIRECTION('',(2.7755575552929E-17,-1.,-1.97023723933246E-16));
#1705=DIRECTION('center_axis',(0.,-1.,-1.77635683940025E-16));
#1706=DIRECTION('ref_axis',(0.,1.77635683940025E-16,-1.));
#1707=DIRECTION('',(0.,-1.,0.));
#1708=DIRECTION('center_axis',(5.46850685534863E-33,-1.97023723933246E-16,
1.));
#1709=DIRECTION('ref_axis',(-1.,-2.7755575552929E-17,0.));
#1710=DIRECTION('',(2.7755575552929E-17,-1.,-1.97023723933246E-16));
#1711=DIRECTION('center_axis',(0.,-1.,0.));
#1712=DIRECTION('ref_axis',(1.,0.,0.));
#1713=DIRECTION('',(0.,-1.,0.));
#1714=DIRECTION('center_axis',(1.,2.7755575552929E-17,0.));
#1715=DIRECTION('ref_axis',(5.46850685534863E-33,-1.97023723933246E-16,
1.));
#1716=DIRECTION('',(2.7755575552929E-17,-1.,-1.97023723933246E-16));
#1717=DIRECTION('center_axis',(0.,-1.,-1.77635683940025E-16));
#1718=DIRECTION('ref_axis',(0.,-1.77635683940025E-16,1.));
#1719=DIRECTION('',(0.,-1.,0.));
#1720=DIRECTION('center_axis',(-5.46850685534863E-33,1.97023723933246E-16,
-1.));
#1721=DIRECTION('ref_axis',(1.,2.7755575552929E-17,0.));
#1722=DIRECTION('center_axis',(-2.7755575552929E-17,1.,1.97023723933246E-16));
#1723=DIRECTION('ref_axis',(1.,2.7755575552929E-17,5.46850685534863E-33));
#1724=DIRECTION('',(2.7755575552929E-17,-1.,-1.97023723933246E-16));
#1725=DIRECTION('center_axis',(-2.7755575552929E-17,1.,1.97023723933246E-16));
#1726=DIRECTION('ref_axis',(1.,2.7755575552929E-17,5.46850685534863E-33));
#1727=DIRECTION('',(2.7755575552929E-17,-1.,-1.97023723933246E-16));
#1728=DIRECTION('center_axis',(-2.7755575552929E-17,1.,1.97023723933246E-16));
#1729=DIRECTION('ref_axis',(1.,2.7755575552929E-17,5.46850685534863E-33));
#1730=DIRECTION('',(2.7755575552929E-17,-1.,-1.97023723933246E-16));
#1731=DIRECTION('center_axis',(-2.7755575552929E-17,1.,1.97023723933246E-16));
#1732=DIRECTION('ref_axis',(1.,2.7755575552929E-17,5.46850685534863E-33));
#1733=DIRECTION('',(2.7755575552929E-17,-1.,-1.97023723933246E-16));
#1734=DIRECTION('center_axis',(-2.7755575552929E-17,1.,1.97023723933246E-16));
#1735=DIRECTION('ref_axis',(1.,2.7755575552929E-17,5.46850685534863E-33));
#1736=DIRECTION('',(2.7755575552929E-17,-1.,-1.97023723933246E-16));
#1737=DIRECTION('center_axis',(-2.7755575552929E-17,1.,1.97023723933246E-16));
#1738=DIRECTION('ref_axis',(1.,2.7755575552929E-17,5.46850685534863E-33));
#1739=DIRECTION('',(2.7755575552929E-17,-1.,-1.97023723933246E-16));
#1740=DIRECTION('center_axis',(-2.7755575552929E-17,1.,1.97023723933246E-16));
#1741=DIRECTION('ref_axis',(1.,2.7755575552929E-17,5.46850685534863E-33));
#1742=DIRECTION('',(2.7755575552929E-17,-1.,-1.97023723933246E-16));
#1743=CARTESIAN_POINT('',(0.,0.,0.));
#1744=CARTESIAN_POINT('Origin',(-314.882946975797,7.60851913238486,-444.374267995163));
#1745=CARTESIAN_POINT('',(-129.377473225487,7.60851913238486,-418.374267998851));
#1746=CARTESIAN_POINT('Origin',(-125.777473225487,7.60851913238486,-418.374267998851));
#1747=CARTESIAN_POINT('',(-127.377473225487,7.60851913238486,-418.374267998851));
#1748=CARTESIAN_POINT('Origin',(-125.777473225487,7.60851913238486,-418.374267998851));
#1749=CARTESIAN_POINT('Origin',(-125.777473225487,-4.39148086761514,-418.374267998851));
#1750=CARTESIAN_POINT('',(-127.377473225487,-2.49148086761514,-418.374267998851));
#1751=CARTESIAN_POINT('Origin',(-125.777473225487,-2.49148086761514,-418.374267998851));
#1752=CARTESIAN_POINT('',(-127.377473225487,-4.39148086761514,-418.374267998851));
#1753=CARTESIAN_POINT('Origin',(-125.777473225487,-2.49148086761514,-418.374267998851));
#1754=CARTESIAN_POINT('',(-129.277473225487,-4.39148086761516,-418.374267998851));
#1755=CARTESIAN_POINT('',(-127.377473225487,-2.49148086761514,-418.374267998851));
#1756=CARTESIAN_POINT('Origin',(-125.777473225487,-4.39148086761514,-418.374267998851));
#1757=CARTESIAN_POINT('Origin',(-314.882946975797,-4.39148086761514,-444.374267995163));
#1758=CARTESIAN_POINT('',(-75.777473225487,-4.39148086761513,-452.374267995163));
#1759=CARTESIAN_POINT('',(-314.882946975797,-4.39148086761514,-452.374267995163));
#1760=CARTESIAN_POINT('',(-195.330210100642,-4.39148086761513,-452.374267995163));
#1761=CARTESIAN_POINT('',(-67.7774732254865,-4.39148086761513,-444.374267995163));
#1762=CARTESIAN_POINT('Origin',(-75.7774732254867,-4.39148086761513,-444.374267995163));
#1763=CARTESIAN_POINT('',(-67.777473225487,-4.39148086761514,-418.374267995163));
#1764=CARTESIAN_POINT('',(-67.777473225487,-4.39148086761513,-444.374267995163));
#1765=CARTESIAN_POINT('',(-75.7774732254866,-4.39148086761514,-410.374267995163));
#1766=CARTESIAN_POINT('Origin',(-75.7774732254868,-4.39148086761514,-418.374267995163));
#1767=CARTESIAN_POINT('',(-314.882946975797,-4.39148086761515,-410.374267995163));
#1768=CARTESIAN_POINT('',(-314.882946975797,-4.39148086761515,-410.374267995163));
#1769=CARTESIAN_POINT('',(-322.882946975797,-4.39148086761514,-418.374267995163));
#1770=CARTESIAN_POINT('Origin',(-314.882946975797,-4.39148086761514,-418.374267995163));
#1771=CARTESIAN_POINT('',(-322.882946975797,-4.39148086761514,-444.374267995163));
#1772=CARTESIAN_POINT('',(-322.882946975797,-4.39148086761514,-431.374267995163));
#1773=CARTESIAN_POINT('Origin',(-314.882946975797,-4.39148086761514,-444.374267995163));
#1774=CARTESIAN_POINT('',(-318.382946975797,-4.39148086761515,-418.374267995163));
#1775=CARTESIAN_POINT('Origin',(-314.882946975797,-4.39148086761514,-418.374267995163));
#1776=CARTESIAN_POINT('',(-318.382946975797,-4.39148086761514,-444.374267995163));
#1777=CARTESIAN_POINT('Origin',(-314.882946975797,-4.39148086761514,-444.374267995163));
#1778=CARTESIAN_POINT('',(-162.382946975797,-4.39148086761514,-418.374267995163));
#1779=CARTESIAN_POINT('Origin',(-158.882946975797,-4.39148086761514,-418.374267995163));
#1780=CARTESIAN_POINT('',(-162.382946975797,-4.39148086761513,-444.374267995163));
#1781=CARTESIAN_POINT('Origin',(-158.882946975797,-4.39148086761513,-444.374267995163));
#1782=CARTESIAN_POINT('',(-129.277473225487,-4.39148086761513,-444.374267998851));
#1783=CARTESIAN_POINT('Origin',(-125.777473225487,-4.39148086761513,-444.374267998851));
#1784=CARTESIAN_POINT('',(-83.277473225487,-4.39148086761514,-418.374267998851));
#1785=CARTESIAN_POINT('Origin',(-79.777473225487,-4.39148086761514,-418.374267998851));
#1786=CARTESIAN_POINT('',(-83.277473225487,-4.39148086761513,-444.374267998851));
#1787=CARTESIAN_POINT('Origin',(-79.777473225487,-4.39148086761513,-444.374267998851));
#1788=CARTESIAN_POINT('Origin',(-195.330210100642,-2.39148086761513,-454.374267995163));
#1789=CARTESIAN_POINT('',(-314.882946975797,-2.39148086761514,-454.374267995163));
#1790=CARTESIAN_POINT('',(-314.882946975797,-2.39148086761514,-454.374267995163));
#1791=CARTESIAN_POINT('',(-75.777473225487,-2.39148086761513,-454.374267995163));
#1792=CARTESIAN_POINT('',(-195.330210100642,-2.39148086761513,-454.374267995163));
#1793=CARTESIAN_POINT('',(-75.777473225487,-2.39148086761513,-454.374267995163));
#1794=CARTESIAN_POINT('Origin',(-75.7774732255011,987.608519132407,-444.374267995191));
#1795=CARTESIAN_POINT('',(-65.7774732254871,-2.39148086761452,-444.374267995163));
#1796=CARTESIAN_POINT('Origin',(-75.7774732254871,-2.39148086761458,-444.374267995163));
#1797=CARTESIAN_POINT('',(-65.7774732254871,-2.39148086761443,-444.374267995163));
#1798=CARTESIAN_POINT('Origin',(-65.777473225487,-2.39148086761513,-431.374267995163));
#1799=CARTESIAN_POINT('',(-65.777473225487,-2.39148086761514,-418.374267995163));
#1800=CARTESIAN_POINT('',(-65.777473225487,-2.39148086761513,-431.374267995163));
#1801=CARTESIAN_POINT('',(-65.777473225487,-2.39148086761514,-418.374267995163));
#1802=CARTESIAN_POINT('Origin',(-75.777473225487,987.608519132387,-418.374267995163));
#1803=CARTESIAN_POINT('',(-75.777473225487,-2.39148086761512,-408.374267995163));
#1804=CARTESIAN_POINT('Origin',(-75.777473225487,-2.39148086761512,-418.374267995163));
#1805=CARTESIAN_POINT('',(-75.777473225487,-2.39148086761512,-408.374267995163));
#1806=CARTESIAN_POINT('Origin',(-195.330210100642,-2.39148086761514,-408.374267995163));
#1807=CARTESIAN_POINT('',(-314.882946975797,-2.39148086761515,-408.374267995163));
#1808=CARTESIAN_POINT('',(-195.330210100642,-2.39148086761514,-408.374267995163));
#1809=CARTESIAN_POINT('',(-314.882946975797,-2.39148086761515,-408.374267995163));
#1810=CARTESIAN_POINT('Origin',(-314.882946975797,987.608519132392,-418.374267995163));
#1811=CARTESIAN_POINT('',(-324.882946975797,-2.39148086761514,-418.374267995163));
#1812=CARTESIAN_POINT('Origin',(-314.882946975797,-2.39148086761514,-418.374267995163));
#1813=CARTESIAN_POINT('',(-324.882946975797,-2.39148086761514,-418.374267995163));
#1814=CARTESIAN_POINT('Origin',(-324.882946975797,-2.39148086761514,-431.374267995163));
#1815=CARTESIAN_POINT('',(-324.882946975797,-2.39148086761514,-444.374267995163));
#1816=CARTESIAN_POINT('',(-324.882946975797,-2.39148086761514,-431.374267995163));
#1817=CARTESIAN_POINT('',(-324.882946975797,-2.39148086761514,-444.374267995163));
#1818=CARTESIAN_POINT('Origin',(-314.882946975797,987.608519132391,-444.374267995163));
#1819=CARTESIAN_POINT('Origin',(-314.882946975797,-2.39148086761513,-444.374267995163));
#1820=CARTESIAN_POINT('Origin',(-314.882946975797,-2.49148086761514,-418.374267995163));
#1821=CARTESIAN_POINT('',(-316.482946975797,-2.49148086761514,-418.374267995163));
#1822=CARTESIAN_POINT('Origin',(-314.882946975797,-2.49148086761514,-418.374267995163));
#1823=CARTESIAN_POINT('',(-316.482946975797,-2.49148086761514,-418.374267995163));
#1824=CARTESIAN_POINT('Origin',(-314.882946975797,-2.49148086761514,-444.374267995163));
#1825=CARTESIAN_POINT('',(-316.482946975797,-2.49148086761514,-444.374267995163));
#1826=CARTESIAN_POINT('Origin',(-314.882946975797,-2.49148086761514,-444.374267995163));
#1827=CARTESIAN_POINT('',(-316.482946975797,-2.49148086761514,-444.374267995163));
#1828=CARTESIAN_POINT('Origin',(-158.882946975797,-2.49148086761514,-418.374267995163));
#1829=CARTESIAN_POINT('',(-160.482946975797,-2.49148086761514,-418.374267995163));
#1830=CARTESIAN_POINT('Origin',(-158.882946975797,-2.49148086761514,-418.374267995163));
#1831=CARTESIAN_POINT('',(-160.482946975797,-2.49148086761514,-418.374267995163));
#1832=CARTESIAN_POINT('Origin',(-158.882946975797,-2.49148086761513,-444.374267995163));
#1833=CARTESIAN_POINT('',(-160.482946975797,-2.49148086761513,-444.374267995163));
#1834=CARTESIAN_POINT('Origin',(-158.882946975797,-2.49148086761513,-444.374267995163));
#1835=CARTESIAN_POINT('',(-160.482946975797,-2.49148086761513,-444.374267995163));
#1836=CARTESIAN_POINT('Origin',(-125.777473225487,-2.49148086761513,-444.374267998851));
#1837=CARTESIAN_POINT('',(-127.377473225487,-2.49148086761513,-444.374267998851));
#1838=CARTESIAN_POINT('Origin',(-125.777473225487,-2.49148086761513,-444.374267998851));
#1839=CARTESIAN_POINT('',(-127.377473225487,-2.49148086761513,-444.374267998851));
#1840=CARTESIAN_POINT('Origin',(-79.777473225487,-2.49148086761514,-418.374267998851));
#1841=CARTESIAN_POINT('',(-81.377473225487,-2.49148086761514,-418.374267998851));
#1842=CARTESIAN_POINT('Origin',(-79.777473225487,-2.49148086761514,-418.374267998851));
#1843=CARTESIAN_POINT('',(-81.377473225487,-2.49148086761514,-418.374267998851));
#1844=CARTESIAN_POINT('Origin',(-79.777473225487,-2.49148086761513,-444.374267998851));
#1845=CARTESIAN_POINT('',(-81.377473225487,-2.49148086761513,-444.374267998851));
#1846=CARTESIAN_POINT('Origin',(-79.777473225487,-2.49148086761513,-444.374267998851));
#1847=CARTESIAN_POINT('',(-81.377473225487,-2.49148086761513,-444.374267998851));
#1848=CARTESIAN_POINT('Origin',(-65.777473225487,7.60851913238487,-454.374267995163));
#1849=CARTESIAN_POINT('',(-75.777473225487,7.60851913238487,-454.374267995163));
#1850=CARTESIAN_POINT('',(-75.777473225487,7.60851913238487,-454.374267995163));
#1851=CARTESIAN_POINT('',(-314.882946975797,7.60851913238486,-454.374267995163));
#1852=CARTESIAN_POINT('',(-314.882946975797,7.60851913238486,-454.374267995163));
#1853=CARTESIAN_POINT('',(-65.777473225487,7.60851913238487,-454.374267995163));
#1854=CARTESIAN_POINT('Origin',(-75.777473225487,1.60851913238487,-444.374267995163));
#1855=CARTESIAN_POINT('',(-65.777473225487,7.60851913238487,-444.374267995163));
#1856=CARTESIAN_POINT('Origin',(-75.777473225487,7.60851913238487,-444.374267995163));
#1857=CARTESIAN_POINT('',(-65.777473225487,7.60851913238487,-444.374267995163));
#1858=CARTESIAN_POINT('Origin',(-65.777473225487,7.60851913238487,-454.374267995163));
#1859=CARTESIAN_POINT('',(-65.777473225487,7.60851913238486,-418.374267995163));
#1860=CARTESIAN_POINT('',(-65.777473225487,7.60851913238487,-454.374267995163));
#1861=CARTESIAN_POINT('',(-65.777473225487,7.60851913238486,-418.374267995163));
#1862=CARTESIAN_POINT('Origin',(-75.777473225487,1.60851913238486,-418.374267995163));
#1863=CARTESIAN_POINT('',(-75.777473225487,7.60851913238486,-408.374267995163));
#1864=CARTESIAN_POINT('Origin',(-75.777473225487,7.60851913238486,-418.374267995163));
#1865=CARTESIAN_POINT('',(-75.777473225487,7.60851913238486,-408.374267995163));
#1866=CARTESIAN_POINT('Origin',(-324.882946975797,7.60851913238485,-408.374267995163));
#1867=CARTESIAN_POINT('',(-314.882946975797,7.60851913238485,-408.374267995163));
#1868=CARTESIAN_POINT('',(-314.882946975797,7.60851913238485,-408.374267995163));
#1869=CARTESIAN_POINT('',(-324.882946975797,7.60851913238485,-408.374267995163));
#1870=CARTESIAN_POINT('Origin',(-314.882946975797,1.60851913238486,-418.374267995163));
#1871=CARTESIAN_POINT('',(-324.882946975797,7.60851913238486,-418.374267995163));
#1872=CARTESIAN_POINT('Origin',(-314.882946975797,7.60851913238486,-418.374267995163));
#1873=CARTESIAN_POINT('',(-324.882946975797,7.60851913238486,-418.374267995163));
#1874=CARTESIAN_POINT('Origin',(-324.882946975797,7.60851913238485,-408.374267995163));
#1875=CARTESIAN_POINT('',(-324.882946975797,7.60851913238486,-444.374267995163));
#1876=CARTESIAN_POINT('',(-324.882946975797,7.60851913238485,-408.374267995163));
#1877=CARTESIAN_POINT('',(-324.882946975797,7.60851913238486,-444.374267995163));
#1878=CARTESIAN_POINT('Origin',(-314.882946975797,1.60851913238486,-444.374267995163));
#1879=CARTESIAN_POINT('Origin',(-314.882946975797,7.60851913238486,-444.374267995163));
#1880=CARTESIAN_POINT('Origin',(-314.882946975797,-4.39148086761514,-418.374267995163));
#1881=CARTESIAN_POINT('',(-316.482946975797,7.60851913238486,-418.374267995163));
#1882=CARTESIAN_POINT('',(-316.482946975797,-4.39148086761514,-418.374267995163));
#1883=CARTESIAN_POINT('Origin',(-314.882946975797,7.60851913238486,-418.374267995163));
#1884=CARTESIAN_POINT('Origin',(-314.882946975797,-4.39148086761514,-444.374267995163));
#1885=CARTESIAN_POINT('',(-316.482946975797,7.60851913238486,-444.374267995163));
#1886=CARTESIAN_POINT('',(-316.482946975797,-4.39148086761514,-444.374267995163));
#1887=CARTESIAN_POINT('Origin',(-314.882946975797,7.60851913238486,-444.374267995163));
#1888=CARTESIAN_POINT('Origin',(-158.882946975797,-4.39148086761514,-418.374267995163));
#1889=CARTESIAN_POINT('',(-160.482946975797,7.60851913238486,-418.374267995163));
#1890=CARTESIAN_POINT('',(-160.482946975797,-4.39148086761514,-418.374267995163));
#1891=CARTESIAN_POINT('Origin',(-158.882946975797,7.60851913238486,-418.374267995163));
#1892=CARTESIAN_POINT('Origin',(-158.882946975797,-4.39148086761513,-444.374267995163));
#1893=CARTESIAN_POINT('',(-160.482946975797,7.60851913238487,-444.374267995163));
#1894=CARTESIAN_POINT('',(-160.482946975797,-4.39148086761513,-444.374267995163));
#1895=CARTESIAN_POINT('Origin',(-158.882946975797,7.60851913238487,-444.374267995163));
#1896=CARTESIAN_POINT('Origin',(-125.777473225487,-4.39148086761513,-444.374267998851));
#1897=CARTESIAN_POINT('',(-127.377473225487,7.60851913238487,-444.374267998851));
#1898=CARTESIAN_POINT('',(-127.377473225487,-4.39148086761513,-444.374267998851));
#1899=CARTESIAN_POINT('Origin',(-125.777473225487,7.60851913238487,-444.374267998851));
#1900=CARTESIAN_POINT('Origin',(-79.777473225487,-4.39148086761514,-418.374267998851));
#1901=CARTESIAN_POINT('',(-81.377473225487,7.60851913238486,-418.374267998851));
#1902=CARTESIAN_POINT('',(-81.377473225487,-4.39148086761514,-418.374267998851));
#1903=CARTESIAN_POINT('Origin',(-79.777473225487,7.60851913238486,-418.374267998851));
#1904=CARTESIAN_POINT('Origin',(-79.777473225487,-4.39148086761513,-444.374267998851));
#1905=CARTESIAN_POINT('',(-81.377473225487,7.60851913238487,-444.374267998851));
#1906=CARTESIAN_POINT('',(-81.377473225487,-4.39148086761513,-444.374267998851));
#1907=CARTESIAN_POINT('Origin',(-79.777473225487,7.60851913238487,-444.374267998851));
#1908=CARTESIAN_POINT('Origin',(-314.882946975797,7.60851913238486,-444.374267995163));
#1909=CARTESIAN_POINT('',(-314.882946975797,7.60851913238485,-410.374267995163));
#1910=CARTESIAN_POINT('',(-75.777473225487,7.60851913238486,-410.374267995163));
#1911=CARTESIAN_POINT('',(-314.882946975797,7.60851913238485,-410.374267995163));
#1912=CARTESIAN_POINT('',(-322.882946975797,7.60851913238486,-418.374267995163));
#1913=CARTESIAN_POINT('Origin',(-314.882946975797,7.60851913238486,-418.374267995163));
#1914=CARTESIAN_POINT('',(-322.882946975797,7.60851913238486,-444.374267995163));
#1915=CARTESIAN_POINT('',(-322.882946975797,7.60851913238486,-431.374267995163));
#1916=CARTESIAN_POINT('',(-314.882946975797,7.60851913238486,-452.374267995163));
#1917=CARTESIAN_POINT('Origin',(-314.882946975797,7.60851913238486,-444.374267995163));
#1918=CARTESIAN_POINT('',(-75.777473225487,7.60851913238487,-452.374267995163));
#1919=CARTESIAN_POINT('',(-195.330210100642,7.60851913238487,-452.374267995163));
#1920=CARTESIAN_POINT('',(-67.777473225487,7.60851913238487,-444.374267995163));
#1921=CARTESIAN_POINT('Origin',(-75.777473225487,7.60851913238487,-444.374267995163));
#1922=CARTESIAN_POINT('',(-67.777473225487,7.60851913238486,-418.374267995163));
#1923=CARTESIAN_POINT('',(-67.777473225487,7.60851913238487,-444.374267995163));
#1924=CARTESIAN_POINT('Origin',(-75.777473225487,7.60851913238486,-418.374267995163));
#1925=CARTESIAN_POINT('Origin',(-314.882946975797,7.60851913238486,-444.374267995163));
#1926=CARTESIAN_POINT('',(-318.482946975797,7.60851913238486,-418.374267995163));
#1927=CARTESIAN_POINT('Origin',(-314.882946975797,7.60851913238486,-418.374267995163));
#1928=CARTESIAN_POINT('Origin',(-314.882946975797,7.60851913238486,-444.374267995163));
#1929=CARTESIAN_POINT('',(-318.482946975797,7.60851913238486,-444.374267995163));
#1930=CARTESIAN_POINT('Origin',(-314.882946975797,7.60851913238486,-444.374267995163));
#1931=CARTESIAN_POINT('Origin',(-314.882946975797,7.60851913238486,-444.374267995163));
#1932=CARTESIAN_POINT('',(-162.482946975797,7.60851913238486,-418.374267995163));
#1933=CARTESIAN_POINT('Origin',(-158.882946975797,7.60851913238486,-418.374267995163));
#1934=CARTESIAN_POINT('Origin',(-314.882946975797,7.60851913238486,-444.374267995163));
#1935=CARTESIAN_POINT('',(-162.482946975797,7.60851913238487,-444.374267995163));
#1936=CARTESIAN_POINT('Origin',(-158.882946975797,7.60851913238487,-444.374267995163));
#1937=CARTESIAN_POINT('Origin',(-314.882946975797,7.60851913238486,-444.374267995163));
#1938=CARTESIAN_POINT('',(-129.377473225487,7.60851913238487,-444.374267998851));
#1939=CARTESIAN_POINT('Origin',(-125.777473225487,7.60851913238487,-444.374267998851));
#1940=CARTESIAN_POINT('Origin',(-314.882946975797,7.60851913238486,-444.374267995163));
#1941=CARTESIAN_POINT('',(-83.377473225487,7.60851913238486,-418.374267998851));
#1942=CARTESIAN_POINT('Origin',(-79.777473225487,7.60851913238486,-418.374267998851));
#1943=CARTESIAN_POINT('Origin',(-314.882946975797,7.60851913238486,-444.374267995163));
#1944=CARTESIAN_POINT('',(-83.377473225487,7.60851913238487,-444.374267998851));
#1945=CARTESIAN_POINT('Origin',(-79.777473225487,7.60851913238487,-444.374267998851));
#1946=CARTESIAN_POINT('Origin',(-79.777473225487,-1.07726730524204,-418.374267998851));
#1947=CARTESIAN_POINT('',(-84.1059003502332,-2.39148086761514,-418.374267998851));
#1948=CARTESIAN_POINT('Origin',(-79.777473225487,-2.39148086761514,-418.374267998851));
#1949=CARTESIAN_POINT('',(-83.377473225487,-1.66305374286894,-418.374267998851));
#1950=CARTESIAN_POINT('',(-82.7916867878601,-1.07726730524204,-418.374267998851));
#1951=CARTESIAN_POINT('Origin',(-79.777473225487,-1.66305374286894,-418.374267998851));
#1952=CARTESIAN_POINT('Origin',(-314.882946975797,-2.39148086761514,-444.374267995163));
#1953=CARTESIAN_POINT('',(-314.882946975797,-2.39148086761515,-411.202695119909));
#1954=CARTESIAN_POINT('',(-322.054519851051,-2.39148086761514,-418.374267995163));
#1955=CARTESIAN_POINT('Origin',(-314.882946975797,-2.39148086761514,-418.374267995163));
#1956=CARTESIAN_POINT('',(-75.777473225487,-2.39148086761514,-411.202695119909));
#1957=CARTESIAN_POINT('',(-314.882946975797,-2.39148086761515,-411.202695119909));
#1958=CARTESIAN_POINT('',(-68.6059003502335,-2.39148086761514,-418.374267995163));
#1959=CARTESIAN_POINT('Origin',(-75.777473225487,-2.39148086761514,-418.374267995163));
#1960=CARTESIAN_POINT('',(-68.6059003502333,-2.39148086761513,-444.374267995163));
#1961=CARTESIAN_POINT('',(-68.6059003502335,-2.39148086761513,-444.374267995163));
#1962=CARTESIAN_POINT('',(-75.777473225487,-2.39148086761513,-451.545840870417));
#1963=CARTESIAN_POINT('Origin',(-75.7774732254871,-2.39148086761513,-444.374267995163));
#1964=CARTESIAN_POINT('',(-314.882946975797,-2.39148086761514,-451.545840870417));
#1965=CARTESIAN_POINT('',(-195.330210100642,-2.39148086761513,-451.545840870417));
#1966=CARTESIAN_POINT('',(-322.054519851051,-2.39148086761514,-444.374267995163));
#1967=CARTESIAN_POINT('Origin',(-314.882946975797,-2.39148086761514,-444.374267995163));
#1968=CARTESIAN_POINT('',(-322.054519851051,-2.39148086761514,-431.374267995163));
#1969=CARTESIAN_POINT('',(-130.105900350233,-2.39148086761514,-418.374267998851));
#1970=CARTESIAN_POINT('Origin',(-125.777473225487,-2.39148086761514,-418.374267998851));
#1971=CARTESIAN_POINT('',(-319.211374100544,-2.39148086761514,-418.374267995163));
#1972=CARTESIAN_POINT('Origin',(-314.882946975797,-2.39148086761514,-418.374267995163));
#1973=CARTESIAN_POINT('',(-319.211374100544,-2.39148086761514,-444.374267995163));
#1974=CARTESIAN_POINT('Origin',(-314.882946975797,-2.39148086761514,-444.374267995163));
#1975=CARTESIAN_POINT('',(-163.211374100544,-2.39148086761514,-418.374267995163));
#1976=CARTESIAN_POINT('Origin',(-158.882946975797,-2.39148086761514,-418.374267995163));
#1977=CARTESIAN_POINT('',(-163.211374100544,-2.39148086761513,-444.374267995163));
#1978=CARTESIAN_POINT('Origin',(-158.882946975797,-2.39148086761513,-444.374267995163));
#1979=CARTESIAN_POINT('',(-130.105900350233,-2.39148086761513,-444.374267998851));
#1980=CARTESIAN_POINT('Origin',(-125.777473225487,-2.39148086761513,-444.374267998851));
#1981=CARTESIAN_POINT('',(-84.1059003502332,-2.39148086761513,-444.374267998851));
#1982=CARTESIAN_POINT('Origin',(-79.777473225487,-2.39148086761513,-444.374267998851));
#1983=CARTESIAN_POINT('Origin',(-79.777473225487,-4.39148086761514,-418.374267998851));
#1984=CARTESIAN_POINT('',(-83.377473225487,-4.39148086761514,-418.374267998851));
#1985=CARTESIAN_POINT('Origin',(-314.882946975797,-2.30863815514052,-418.374267995163));
#1986=CARTESIAN_POINT('',(-322.882946975797,-1.56305374286894,-418.374267995163));
#1987=CARTESIAN_POINT('',(-322.882946975797,-1.56305374286894,-418.374267995163));
#1988=CARTESIAN_POINT('',(-314.882946975797,-1.56305374286889,-410.374267995163));
#1989=CARTESIAN_POINT('Origin',(-314.882946975798,-1.56305374286889,-418.374267995163));
#1990=CARTESIAN_POINT('',(-314.882946975797,-1.56305374286889,-410.374267995163));
#1991=CARTESIAN_POINT('Origin',(-323.468733413424,-0.977267305242046,-431.374267995163));
#1992=CARTESIAN_POINT('',(-322.882946975797,-1.56305374286894,-444.374267995163));
#1993=CARTESIAN_POINT('',(-322.882946975797,-1.56305374286894,-431.374267995163));
#1994=CARTESIAN_POINT('',(-323.468733413424,-0.977267305242044,-444.374267995163));
#1995=CARTESIAN_POINT('Origin',(-314.882946975797,-2.30863815514051,-444.374267995163));
#1996=CARTESIAN_POINT('',(-314.882946975797,-1.56305374286889,-452.374267995163));
#1997=CARTESIAN_POINT('Origin',(-314.882946975798,-1.56305374286895,-444.374267995163));
#1998=CARTESIAN_POINT('',(-314.882946975797,-1.56305374286894,-452.374267995163));
#1999=CARTESIAN_POINT('Origin',(-195.330210100642,-0.977267305242039,-452.96005443279));
#2000=CARTESIAN_POINT('',(-75.777473225487,-1.56305374286898,-452.374267995163));
#2001=CARTESIAN_POINT('',(-195.330210100642,-1.56305374286898,-452.374267995163));
#2002=CARTESIAN_POINT('',(-75.777473225487,-0.977267305242035,-452.96005443279));
#2003=CARTESIAN_POINT('Origin',(-75.7774732254871,-2.30863815514043,-444.374267995163));
#2004=CARTESIAN_POINT('',(-67.7774732254871,-1.56305374286836,-444.374267995164));
#2005=CARTESIAN_POINT('',(-67.7774732254871,-1.56305374286836,-444.374267995164));
#2006=CARTESIAN_POINT('Origin',(-75.7774732254871,-1.56305374286862,-444.374267995163));
#2007=CARTESIAN_POINT('Origin',(-67.1916867878601,-0.977267305242039,-431.374267995163));
#2008=CARTESIAN_POINT('',(-67.777473225487,-1.56305374286895,-418.374267995163));
#2009=CARTESIAN_POINT('',(-67.777473225487,-1.56305374286895,-431.374267995163));
#2010=CARTESIAN_POINT('',(-67.1916867878601,-0.977267305242042,-418.374267995163));
#2011=CARTESIAN_POINT('Origin',(-75.777473225487,-2.30863815514051,-418.374267995163));
#2012=CARTESIAN_POINT('',(-75.777473225487,-1.56305374286892,-410.374267995163));
#2013=CARTESIAN_POINT('',(-75.777473225487,-1.56305374286892,-410.374267995163));
#2014=CARTESIAN_POINT('Origin',(-75.777473225487,-1.56305374286892,-418.374267995163));
#2015=CARTESIAN_POINT('Origin',(-195.330210100642,-0.977267305242048,-409.788481557536));
#2016=CARTESIAN_POINT('',(-195.330210100642,-1.56305374286889,-410.374267995163));
#2017=CARTESIAN_POINT('Origin',(-125.777473225487,-1.07726730524204,-418.374267998851));
#2018=CARTESIAN_POINT('',(-129.377473225487,-1.66305374286894,-418.374267998851));
#2019=CARTESIAN_POINT('',(-128.79168678786,-1.07726730524204,-418.374267998851));
#2020=CARTESIAN_POINT('Origin',(-125.777473225487,-1.66305374286894,-418.374267998851));
#2021=CARTESIAN_POINT('Origin',(-314.882946975797,-1.07726730524206,-418.374267995163));
#2022=CARTESIAN_POINT('',(-318.482946975797,-1.66305374286897,-418.374267995163));
#2023=CARTESIAN_POINT('',(-317.897160538171,-1.07726730524206,-418.374267995163));
#2024=CARTESIAN_POINT('Origin',(-314.882946975797,-1.66305374286897,-418.374267995163));
#2025=CARTESIAN_POINT('Origin',(-314.882946975797,-1.07726730524206,-444.374267995163));
#2026=CARTESIAN_POINT('',(-318.482946975797,-1.66305374286896,-444.374267995163));
#2027=CARTESIAN_POINT('',(-317.897160538171,-1.07726730524206,-444.374267995163));
#2028=CARTESIAN_POINT('Origin',(-314.882946975797,-1.66305374286896,-444.374267995163));
#2029=CARTESIAN_POINT('Origin',(-158.882946975797,-1.07726730524206,-418.374267995163));
#2030=CARTESIAN_POINT('',(-162.482946975797,-1.66305374286897,-418.374267995163));
#2031=CARTESIAN_POINT('',(-161.897160538171,-1.07726730524206,-418.374267995163));
#2032=CARTESIAN_POINT('Origin',(-158.882946975797,-1.66305374286897,-418.374267995163));
#2033=CARTESIAN_POINT('Origin',(-158.882946975797,-1.07726730524205,-444.374267995163));
#2034=CARTESIAN_POINT('',(-162.482946975797,-1.66305374286896,-444.374267995163));
#2035=CARTESIAN_POINT('',(-161.897160538171,-1.07726730524205,-444.374267995163));
#2036=CARTESIAN_POINT('Origin',(-158.882946975797,-1.66305374286896,-444.374267995163));
#2037=CARTESIAN_POINT('Origin',(-125.777473225487,-1.07726730524203,-444.374267998851));
#2038=CARTESIAN_POINT('',(-129.377473225487,-1.66305374286894,-444.374267998851));
#2039=CARTESIAN_POINT('',(-128.79168678786,-1.07726730524203,-444.374267998851));
#2040=CARTESIAN_POINT('Origin',(-125.777473225487,-1.66305374286894,-444.374267998851));
#2041=CARTESIAN_POINT('Origin',(-79.777473225487,-1.07726730524203,-444.374267998851));
#2042=CARTESIAN_POINT('',(-83.377473225487,-1.66305374286894,-444.374267998851));
#2043=CARTESIAN_POINT('',(-82.7916867878601,-1.07726730524203,-444.374267998851));
#2044=CARTESIAN_POINT('Origin',(-79.777473225487,-1.66305374286894,-444.374267998851));
#2045=CARTESIAN_POINT('Origin',(-314.882946975797,1.60851913238486,-418.374267995163));
#2046=CARTESIAN_POINT('',(-322.882946975797,7.60851913238486,-418.374267995163));
#2047=CARTESIAN_POINT('',(-314.882946975797,7.60851913238485,-410.374267995163));
#2048=CARTESIAN_POINT('Origin',(-322.882946975797,7.60851913238485,-408.374267995163));
#2049=CARTESIAN_POINT('',(-322.882946975797,7.60851913238486,-444.374267995163));
#2050=CARTESIAN_POINT('Origin',(-314.882946975797,1.60851913238486,-444.374267995163));
#2051=CARTESIAN_POINT('',(-314.882946975797,7.60851913238486,-452.374267995163));
#2052=CARTESIAN_POINT('Origin',(-65.777473225487,7.60851913238487,-452.374267995163));
#2053=CARTESIAN_POINT('',(-75.777473225487,7.60851913238487,-452.374267995163));
#2054=CARTESIAN_POINT('Origin',(-75.777473225487,1.60851913238487,-444.374267995163));
#2055=CARTESIAN_POINT('',(-67.777473225487,7.60851913238487,-444.374267995163));
#2056=CARTESIAN_POINT('Origin',(-67.777473225487,7.60851913238487,-454.374267995163));
#2057=CARTESIAN_POINT('',(-67.777473225487,7.60851913238486,-418.374267995163));
#2058=CARTESIAN_POINT('Origin',(-75.777473225487,1.60851913238486,-418.374267995163));
#2059=CARTESIAN_POINT('',(-75.777473225487,7.60851913238486,-410.374267995163));
#2060=CARTESIAN_POINT('Origin',(-324.882946975797,7.60851913238485,-410.374267995163));
#2061=CARTESIAN_POINT('Origin',(-125.777473225487,-4.39148086761514,-418.374267998851));
#2062=CARTESIAN_POINT('',(-129.377473225487,-4.39148086761514,-418.374267998851));
#2063=CARTESIAN_POINT('Origin',(-314.882946975797,-4.39148086761514,-418.374267995163));
#2064=CARTESIAN_POINT('',(-318.482946975797,-4.39148086761514,-418.374267995163));
#2065=CARTESIAN_POINT('Origin',(-314.882946975797,-4.39148086761514,-444.374267995163));
#2066=CARTESIAN_POINT('',(-318.482946975797,-4.39148086761514,-444.374267995163));
#2067=CARTESIAN_POINT('Origin',(-158.882946975797,-4.39148086761514,-418.374267995163));
#2068=CARTESIAN_POINT('',(-162.482946975797,-4.39148086761514,-418.374267995163));
#2069=CARTESIAN_POINT('Origin',(-158.882946975797,-4.39148086761513,-444.374267995163));
#2070=CARTESIAN_POINT('',(-162.482946975797,-4.39148086761513,-444.374267995163));
#2071=CARTESIAN_POINT('Origin',(-125.777473225487,-4.39148086761513,-444.374267998851));
#2072=CARTESIAN_POINT('',(-129.377473225487,-4.39148086761513,-444.374267998851));
#2073=CARTESIAN_POINT('Origin',(-79.777473225487,-4.39148086761513,-444.374267998851));
#2074=CARTESIAN_POINT('',(-83.377473225487,-4.39148086761513,-444.374267998851));
#2075=UNCERTAINTY_MEASURE_WITH_UNIT(LENGTH_MEASURE(0.01),#2079,
'DISTANCE_ACCURACY_VALUE',
'Maximum model space distance between geometric entities at asserted c
onnectivities');
#2076=UNCERTAINTY_MEASURE_WITH_UNIT(LENGTH_MEASURE(0.01),#2079,
'DISTANCE_ACCURACY_VALUE',
'Maximum model space distance between geometric entities at asserted c
onnectivities');
#2077=(
GEOMETRIC_REPRESENTATION_CONTEXT(3)
GLOBAL_UNCERTAINTY_ASSIGNED_CONTEXT((#2075))
GLOBAL_UNIT_ASSIGNED_CONTEXT((#2079,#2081,#2082))
REPRESENTATION_CONTEXT('','3D')
);
#2078=(
GEOMETRIC_REPRESENTATION_CONTEXT(3)
GLOBAL_UNCERTAINTY_ASSIGNED_CONTEXT((#2076))
GLOBAL_UNIT_ASSIGNED_CONTEXT((#2079,#2081,#2082))
REPRESENTATION_CONTEXT('','3D')
);
#2079=(
LENGTH_UNIT()
NAMED_UNIT(*)
SI_UNIT(.MILLI.,.METRE.)
);
#2080=(
LENGTH_UNIT()
NAMED_UNIT(*)
SI_UNIT(.CENTI.,.METRE.)
);
#2081=(
NAMED_UNIT(*)
PLANE_ANGLE_UNIT()
SI_UNIT($,.RADIAN.)
);
#2082=(
NAMED_UNIT(*)
SI_UNIT($,.STERADIAN.)
SOLID_ANGLE_UNIT()
);
#2083=SHAPE_DEFINITION_REPRESENTATION(#2084,#2085);
#2084=PRODUCT_DEFINITION_SHAPE('',$,#2087);
#2085=SHAPE_REPRESENTATION('',(#1211),#2077);
#2086=PRODUCT_DEFINITION_CONTEXT('part definition',#2091,'design');
#2087=PRODUCT_DEFINITION('seitliche_Abdeckung_Kabel',
'seitliche_Abdeckung_Kabel',#2088,#2086);
#2088=PRODUCT_DEFINITION_FORMATION('',$,#2093);
#2089=PRODUCT_RELATED_PRODUCT_CATEGORY('seitliche_Abdeckung_Kabel',
'seitliche_Abdeckung_Kabel',(#2093));
#2090=APPLICATION_PROTOCOL_DEFINITION('international standard',
'automotive_design',2009,#2091);
#2091=APPLICATION_CONTEXT(
'Core Data for Automotive Mechanical Design Process');
#2092=PRODUCT_CONTEXT('part definition',#2091,'mechanical');
#2093=PRODUCT('seitliche_Abdeckung_Kabel','seitliche_Abdeckung_Kabel',$,
(#2092));
#2094=PRESENTATION_STYLE_ASSIGNMENT((#2096));
#2095=PRESENTATION_STYLE_ASSIGNMENT((#2097));
#2096=SURFACE_STYLE_USAGE(.BOTH.,#2102);
#2097=SURFACE_STYLE_USAGE(.BOTH.,#2103);
#2098=SURFACE_STYLE_RENDERING_WITH_PROPERTIES($,#2110,(#2100));
#2099=SURFACE_STYLE_RENDERING_WITH_PROPERTIES($,#2111,(#2101));
#2100=SURFACE_STYLE_TRANSPARENT(0.);
#2101=SURFACE_STYLE_TRANSPARENT(0.);
#2102=SURFACE_SIDE_STYLE('',(#2104,#2098));
#2103=SURFACE_SIDE_STYLE('',(#2105,#2099));
#2104=SURFACE_STYLE_FILL_AREA(#2106);
#2105=SURFACE_STYLE_FILL_AREA(#2107);
#2106=FILL_AREA_STYLE('',(#2108));
#2107=FILL_AREA_STYLE('',(#2109));
#2108=FILL_AREA_STYLE_COLOUR('',#2110);
#2109=FILL_AREA_STYLE_COLOUR('',#2111);
#2110=COLOUR_RGB('',0.749019607843137,0.749019607843137,0.749019607843137);
#2111=COLOUR_RGB('',0.823529411764706,0.823529411764706,1.);
ENDSEC;
END-ISO-10303-21;
